sample_id,filename,source,split,change_ratio,A_path,B_path,label_path,annotator,label_quality_ok,registration_ok,pseudo_change_risk,error_type,notes
jrc_tmf_2020_2023_amazon_colombia_01_001536_003072,jrc_tmf_2020_2023_amazon_colombia_01_001536_003072.png,jrc_tmf_2020_2023_amazon_colombia_01,train,0.0026718559359990117,/private/tmp/JRC_TMF_256_5000_build/A/jrc_tmf_2020_2023_amazon_colombia_01_001536_003072.png,/private/tmp/JRC_TMF_256_5000_build/B/jrc_tmf_2020_2023_amazon_colombia_01_001536_003072.png,/private/tmp/JRC_TMF_256_5000_build/label/jrc_tmf_2020_2023_amazon_colombia_01_001536_003072.png,,,,,,
jrc_tmf_2020_2023_amazon_bolivia_01_002048_005120,jrc_tmf_2020_2023_amazon_bolivia_01_002048_005120.png,jrc_tmf_2020_2023_amazon_bolivia_01,train,0.0,/private/tmp/JRC_TMF_256_5000_build/A/jrc_tmf_2020_2023_amazon_bolivia_01_002048_005120.png,/private/tmp/JRC_TMF_256_5000_build/B/jrc_tmf_2020_2023_amazon_bolivia_01_002048_005120.png,/private/tmp/JRC_TMF_256_5000_build/label/jrc_tmf_2020_2023_amazon_bolivia_01_002048_005120.png,,,,,,
jrc_tmf_2020_2023_congo_roc_01_stable_002048_001280,jrc_tmf_2020_2023_congo_roc_01_stable_002048_001280.png,jrc_tmf_2020_2023_congo_roc_01_stable,train,0.00204761574234747,/private/tmp/JRC_TMF_256_5000_build/A/jrc_tmf_2020_2023_congo_roc_01_stable_002048_001280.png,/private/tmp/JRC_TMF_256_5000_build/B/jrc_tmf_2020_2023_congo_roc_01_stable_002048_001280.png,/private/tmp/JRC_TMF_256_5000_build/label/jrc_tmf_2020_2023_congo_roc_01_stable_002048_001280.png,,,,,,
jrc_tmf_2020_2023_amazon_colombia_01_001536_004864,jrc_tmf_2020_2023_amazon_colombia_01_001536_004864.png,jrc_tmf_2020_2023_amazon_colombia_01,train,0.025484279482809836,/private/tmp/JRC_TMF_256_5000_build/A/jrc_tmf_2020_2023_amazon_colombia_01_001536_004864.png,/private/tmp/JRC_TMF_256_5000_build/B/jrc_tmf_2020_2023_amazon_colombia_01_001536_004864.png,/private/tmp/JRC_TMF_256_5000_build/label/jrc_tmf_2020_2023_amazon_colombia_01_001536_004864.png,,,,,,
jrc_tmf_2020_2023_se_asia_sumatra_01_001280_000000,jrc_tmf_2020_2023_se_asia_sumatra_01_001280_000000.png,jrc_tmf_2020_2023_se_asia_sumatra_01,train,0.20067963320298493,/private/tmp/JRC_TMF_256_5000_build/A/jrc_tmf_2020_2023_se_asia_sumatra_01_001280_000000.png,/private/tmp/JRC_TMF_256_5000_build/B/jrc_tmf_2020_2023_se_asia_sumatra_01_001280_000000.png,/private/tmp/JRC_TMF_256_5000_build/label/jrc_tmf_2020_2023_se_asia_sumatra_01_001280_000000.png,,,,,,
jrc_tmf_2020_2023_se_asia_sumatra_02_stable_001792_002560,jrc_tmf_2020_2023_se_asia_sumatra_02_stable_001792_002560.png,jrc_tmf_2020_2023_se_asia_sumatra_02_stable,train,0.00543222871750531,/private/tmp/JRC_TMF_256_5000_build/A/jrc_tmf_2020_2023_se_asia_sumatra_02_stable_001792_002560.png,/private/tmp/JRC_TMF_256_5000_build/B/jrc_tmf_2020_2023_se_asia_sumatra_02_stable_001792_002560.png,/private/tmp/JRC_TMF_256_5000_build/label/jrc_tmf_2020_2023_se_asia_sumatra_02_stable_001792_002560.png,,,,,,
jrc_tmf_2020_2023_congo_cameroon_01_003840_004608,jrc_tmf_2020_2023_congo_cameroon_01_003840_004608.png,jrc_tmf_2020_2023_congo_cameroon_01,test,0.0023034398034398034,/private/tmp/JRC_TMF_256_5000_build/A/jrc_tmf_2020_2023_congo_cameroon_01_003840_004608.png,/private/tmp/JRC_TMF_256_5000_build/B/jrc_tmf_2020_2023_congo_cameroon_01_003840_004608.png,/private/tmp/JRC_TMF_256_5000_build/label/jrc_tmf_2020_2023_congo_cameroon_01_003840_004608.png,,,,,,
jrc_tmf_2020_2023_amazon_guyana_01_stable_003072_006400,jrc_tmf_2020_2023_amazon_guyana_01_stable_003072_006400.png,jrc_tmf_2020_2023_amazon_guyana_01_stable,train,0.0023736207338978703,/private/tmp/JRC_TMF_256_5000_build/A/jrc_tmf_2020_2023_amazon_guyana_01_stable_003072_006400.png,/private/tmp/JRC_TMF_256_5000_build/B/jrc_tmf_2020_2023_amazon_guyana_01_stable_003072_006400.png,/private/tmp/JRC_TMF_256_5000_build/label/jrc_tmf_2020_2023_amazon_guyana_01_stable_003072_006400.png,,,,,,
jrc_tmf_2020_2023_amazon_brazil_01_002048_006656,jrc_tmf_2020_2023_amazon_brazil_01_002048_006656.png,jrc_tmf_2020_2023_amazon_brazil_01,train,0.20090840737160306,/private/tmp/JRC_TMF_256_5000_build/A/jrc_tmf_2020_2023_amazon_brazil_01_002048_006656.png,/private/tmp/JRC_TMF_256_5000_build/B/jrc_tmf_2020_2023_amazon_brazil_01_002048_006656.png,/private/tmp/JRC_TMF_256_5000_build/label/jrc_tmf_2020_2023_amazon_brazil_01_002048_006656.png,,,,,,
jrc_tmf_2020_2023_se_asia_sumatra_01_002560_000000,jrc_tmf_2020_2023_se_asia_sumatra_01_002560_000000.png,jrc_tmf_2020_2023_se_asia_sumatra_01,train,0.004261669589833534,/private/tmp/JRC_TMF_256_5000_build/A/jrc_tmf_2020_2023_se_asia_sumatra_01_002560_000000.png,/private/tmp/JRC_TMF_256_5000_build/B/jrc_tmf_2020_2023_se_asia_sumatra_01_002560_000000.png,/private/tmp/JRC_TMF_256_5000_build/label/jrc_tmf_2020_2023_se_asia_sumatra_01_002560_000000.png,,,,,,
jrc_tmf_2020_2023_se_asia_borneo_02_stable_000512_002816,jrc_tmf_2020_2023_se_asia_borneo_02_stable_000512_002816.png,jrc_tmf_2020_2023_se_asia_borneo_02_stable,train,0.0,/private/tmp/JRC_TMF_256_5000_build/A/jrc_tmf_2020_2023_se_asia_borneo_02_stable_000512_002816.png,/private/tmp/JRC_TMF_256_5000_build/B/jrc_tmf_2020_2023_se_asia_borneo_02_stable_000512_002816.png,/private/tmp/JRC_TMF_256_5000_build/label/jrc_tmf_2020_2023_se_asia_borneo_02_stable_000512_002816.png,,,,,,
jrc_tmf_2020_2023_congo_drc_01_004864_003840,jrc_tmf_2020_2023_congo_drc_01_004864_003840.png,jrc_tmf_2020_2023_congo_drc_01,train,0.048194241093216204,/private/tmp/JRC_TMF_256_5000_build/A/jrc_tmf_2020_2023_congo_drc_01_004864_003840.png,/private/tmp/JRC_TMF_256_5000_build/B/jrc_tmf_2020_2023_congo_drc_01_004864_003840.png,/private/tmp/JRC_TMF_256_5000_build/label/jrc_tmf_2020_2023_congo_drc_01_004864_003840.png,,,,,,
jrc_tmf_2020_2023_se_asia_borneo_01_003328_005376,jrc_tmf_2020_2023_se_asia_borneo_01_003328_005376.png,jrc_tmf_2020_2023_se_asia_borneo_01,train,0.007691481032285797,/private/tmp/JRC_TMF_256_5000_build/A/jrc_tmf_2020_2023_se_asia_borneo_01_003328_005376.png,/private/tmp/JRC_TMF_256_5000_build/B/jrc_tmf_2020_2023_se_asia_borneo_01_003328_005376.png,/private/tmp/JRC_TMF_256_5000_build/label/jrc_tmf_2020_2023_se_asia_borneo_01_003328_005376.png,,,,,,
jrc_tmf_2020_2023_amazon_colombia_01_001024_004608,jrc_tmf_2020_2023_amazon_colombia_01_001024_004608.png,jrc_tmf_2020_2023_amazon_colombia_01,train,0.052966231537660106,/private/tmp/JRC_TMF_256_5000_build/A/jrc_tmf_2020_2023_amazon_colombia_01_001024_004608.png,/private/tmp/JRC_TMF_256_5000_build/B/jrc_tmf_2020_2023_amazon_colombia_01_001024_004608.png,/private/tmp/JRC_TMF_256_5000_build/label/jrc_tmf_2020_2023_amazon_colombia_01_001024_004608.png,,,,,,
jrc_tmf_2020_2023_congo_gabon_01_001024_004096,jrc_tmf_2020_2023_congo_gabon_01_001024_004096.png,jrc_tmf_2020_2023_congo_gabon_01,train,0.0,/private/tmp/JRC_TMF_256_5000_build/A/jrc_tmf_2020_2023_congo_gabon_01_001024_004096.png,/private/tmp/JRC_TMF_256_5000_build/B/jrc_tmf_2020_2023_congo_gabon_01_001024_004096.png,/private/tmp/JRC_TMF_256_5000_build/label/jrc_tmf_2020_2023_congo_gabon_01_001024_004096.png,,,,,,
jrc_tmf_2020_2023_congo_drc_01_001024_006656,jrc_tmf_2020_2023_congo_drc_01_001024_006656.png,jrc_tmf_2020_2023_congo_drc_01,train,0.0,/private/tmp/JRC_TMF_256_5000_build/A/jrc_tmf_2020_2023_congo_drc_01_001024_006656.png,/private/tmp/JRC_TMF_256_5000_build/B/jrc_tmf_2020_2023_congo_drc_01_001024_006656.png,/private/tmp/JRC_TMF_256_5000_build/label/jrc_tmf_2020_2023_congo_drc_01_001024_006656.png,,,,,,
jrc_tmf_2020_2023_amazon_peru_02_stable_006656_006912,jrc_tmf_2020_2023_amazon_peru_02_stable_006656_006912.png,jrc_tmf_2020_2023_amazon_peru_02_stable,train,0.014859139685190339,/private/tmp/JRC_TMF_256_5000_build/A/jrc_tmf_2020_2023_amazon_peru_02_stable_006656_006912.png,/private/tmp/JRC_TMF_256_5000_build/B/jrc_tmf_2020_2023_amazon_peru_02_stable_006656_006912.png,/private/tmp/JRC_TMF_256_5000_build/label/jrc_tmf_2020_2023_amazon_peru_02_stable_006656_006912.png,,,,,,
jrc_tmf_2020_2023_congo_drc_01_004864_001280,jrc_tmf_2020_2023_congo_drc_01_004864_001280.png,jrc_tmf_2020_2023_congo_drc_01,train,0.07473468755912555,/private/tmp/JRC_TMF_256_5000_build/A/jrc_tmf_2020_2023_congo_drc_01_004864_001280.png,/private/tmp/JRC_TMF_256_5000_build/B/jrc_tmf_2020_2023_congo_drc_01_004864_001280.png,/private/tmp/JRC_TMF_256_5000_build/label/jrc_tmf_2020_2023_congo_drc_01_004864_001280.png,,,,,,
jrc_tmf_2020_2023_amazon_brazil_01_001536_006912,jrc_tmf_2020_2023_amazon_brazil_01_001536_006912.png,jrc_tmf_2020_2023_amazon_brazil_01,train,0.011553430786675247,/private/tmp/JRC_TMF_256_5000_build/A/jrc_tmf_2020_2023_amazon_brazil_01_001536_006912.png,/private/tmp/JRC_TMF_256_5000_build/B/jrc_tmf_2020_2023_amazon_brazil_01_001536_006912.png,/private/tmp/JRC_TMF_256_5000_build/label/jrc_tmf_2020_2023_amazon_brazil_01_001536_006912.png,,,,,,
jrc_tmf_2020_2023_se_asia_papua_01_stable_002560_001024,jrc_tmf_2020_2023_se_asia_papua_01_stable_002560_001024.png,jrc_tmf_2020_2023_se_asia_papua_01_stable,train,0.0,/private/tmp/JRC_TMF_256_5000_build/A/jrc_tmf_2020_2023_se_asia_papua_01_stable_002560_001024.png,/private/tmp/JRC_TMF_256_5000_build/B/jrc_tmf_2020_2023_se_asia_papua_01_stable_002560_001024.png,/private/tmp/JRC_TMF_256_5000_build/label/jrc_tmf_2020_2023_se_asia_papua_01_stable_002560_001024.png,,,,,,
jrc_tmf_2020_2023_amazon_colombia_02_stable_001792_006656,jrc_tmf_2020_2023_amazon_colombia_02_stable_001792_006656.png,jrc_tmf_2020_2023_amazon_colombia_02_stable,train,0.0021359312814051047,/private/tmp/JRC_TMF_256_5000_build/A/jrc_tmf_2020_2023_amazon_colombia_02_stable_001792_006656.png,/private/tmp/JRC_TMF_256_5000_build/B/jrc_tmf_2020_2023_amazon_colombia_02_stable_001792_006656.png,/private/tmp/JRC_TMF_256_5000_build/label/jrc_tmf_2020_2023_amazon_colombia_02_stable_001792_006656.png,,,,,,
jrc_tmf_2020_2023_amazon_guyana_01_stable_002048_005120,jrc_tmf_2020_2023_amazon_guyana_01_stable_002048_005120.png,jrc_tmf_2020_2023_amazon_guyana_01_stable,train,0.0,/private/tmp/JRC_TMF_256_5000_build/A/jrc_tmf_2020_2023_amazon_guyana_01_stable_002048_005120.png,/private/tmp/JRC_TMF_256_5000_build/B/jrc_tmf_2020_2023_amazon_guyana_01_stable_002048_005120.png,/private/tmp/JRC_TMF_256_5000_build/label/jrc_tmf_2020_2023_amazon_guyana_01_stable_002048_005120.png,,,,,,
jrc_tmf_2020_2023_amazon_peru_01_003072_001280,jrc_tmf_2020_2023_amazon_peru_01_003072_001280.png,jrc_tmf_2020_2023_amazon_peru_01,train,0.0025188143142374445,/private/tmp/JRC_TMF_256_5000_build/A/jrc_tmf_2020_2023_amazon_peru_01_003072_001280.png,/private/tmp/JRC_TMF_256_5000_build/B/jrc_tmf_2020_2023_amazon_peru_01_003072_001280.png,/private/tmp/JRC_TMF_256_5000_build/label/jrc_tmf_2020_2023_amazon_peru_01_003072_001280.png,,,,,,
jrc_tmf_2020_2023_amazon_bolivia_01_002304_001536,jrc_tmf_2020_2023_amazon_bolivia_01_002304_001536.png,jrc_tmf_2020_2023_amazon_bolivia_01,train,0.09371870081556732,/private/tmp/JRC_TMF_256_5000_build/A/jrc_tmf_2020_2023_amazon_bolivia_01_002304_001536.png,/private/tmp/JRC_TMF_256_5000_build/B/jrc_tmf_2020_2023_amazon_bolivia_01_002304_001536.png,/private/tmp/JRC_TMF_256_5000_build/label/jrc_tmf_2020_2023_amazon_bolivia_01_002304_001536.png,,,,,,
jrc_tmf_2020_2023_amazon_peru_01_004096_002048,jrc_tmf_2020_2023_amazon_peru_01_004096_002048.png,jrc_tmf_2020_2023_amazon_peru_01,val,0.011995055473316344,/private/tmp/JRC_TMF_256_5000_build/A/jrc_tmf_2020_2023_amazon_peru_01_004096_002048.png,/private/tmp/JRC_TMF_256_5000_build/B/jrc_tmf_2020_2023_amazon_peru_01_004096_002048.png,/private/tmp/JRC_TMF_256_5000_build/label/jrc_tmf_2020_2023_amazon_peru_01_004096_002048.png,,,,,,
jrc_tmf_2020_2023_se_asia_sumatra_01_006656_000768,jrc_tmf_2020_2023_se_asia_sumatra_01_006656_000768.png,jrc_tmf_2020_2023_se_asia_sumatra_01,train,0.013736557906169214,/private/tmp/JRC_TMF_256_5000_build/A/jrc_tmf_2020_2023_se_asia_sumatra_01_006656_000768.png,/private/tmp/JRC_TMF_256_5000_build/B/jrc_tmf_2020_2023_se_asia_sumatra_01_006656_000768.png,/private/tmp/JRC_TMF_256_5000_build/label/jrc_tmf_2020_2023_se_asia_sumatra_01_006656_000768.png,,,,,,
jrc_tmf_2020_2023_amazon_brazil_01_006656_001536,jrc_tmf_2020_2023_amazon_brazil_01_006656_001536.png,jrc_tmf_2020_2023_amazon_brazil_01,train,0.0,/private/tmp/JRC_TMF_256_5000_build/A/jrc_tmf_2020_2023_amazon_brazil_01_006656_001536.png,/private/tmp/JRC_TMF_256_5000_build/B/jrc_tmf_2020_2023_amazon_brazil_01_006656_001536.png,/private/tmp/JRC_TMF_256_5000_build/label/jrc_tmf_2020_2023_amazon_brazil_01_006656_001536.png,,,,,,
jrc_tmf_2020_2023_congo_drc_02_stable_005120_006656,jrc_tmf_2020_2023_congo_drc_02_stable_005120_006656.png,jrc_tmf_2020_2023_congo_drc_02_stable,val,0.0024566650390625,/private/tmp/JRC_TMF_256_5000_build/A/jrc_tmf_2020_2023_congo_drc_02_stable_005120_006656.png,/private/tmp/JRC_TMF_256_5000_build/B/jrc_tmf_2020_2023_congo_drc_02_stable_005120_006656.png,/private/tmp/JRC_TMF_256_5000_build/label/jrc_tmf_2020_2023_congo_drc_02_stable_005120_006656.png,,,,,,
jrc_tmf_2020_2023_congo_gabon_01_006912_003072,jrc_tmf_2020_2023_congo_gabon_01_006912_003072.png,jrc_tmf_2020_2023_congo_gabon_01,test,0.01857272016795133,/private/tmp/JRC_TMF_256_5000_build/A/jrc_tmf_2020_2023_congo_gabon_01_006912_003072.png,/private/tmp/JRC_TMF_256_5000_build/B/jrc_tmf_2020_2023_congo_gabon_01_006912_003072.png,/private/tmp/JRC_TMF_256_5000_build/label/jrc_tmf_2020_2023_congo_gabon_01_006912_003072.png,,,,,,
jrc_tmf_2020_2023_congo_gabon_02_stable_000000_004352,jrc_tmf_2020_2023_congo_gabon_02_stable_000000_004352.png,jrc_tmf_2020_2023_congo_gabon_02_stable,val,0.0,/private/tmp/JRC_TMF_256_5000_build/A/jrc_tmf_2020_2023_congo_gabon_02_stable_000000_004352.png,/private/tmp/JRC_TMF_256_5000_build/B/jrc_tmf_2020_2023_congo_gabon_02_stable_000000_004352.png,/private/tmp/JRC_TMF_256_5000_build/label/jrc_tmf_2020_2023_congo_gabon_02_stable_000000_004352.png,,,,,,
jrc_tmf_2020_2023_se_asia_papua_01_stable_006656_002048,jrc_tmf_2020_2023_se_asia_papua_01_stable_006656_002048.png,jrc_tmf_2020_2023_se_asia_papua_01_stable,train,0.018179710912793683,/private/tmp/JRC_TMF_256_5000_build/A/jrc_tmf_2020_2023_se_asia_papua_01_stable_006656_002048.png,/private/tmp/JRC_TMF_256_5000_build/B/jrc_tmf_2020_2023_se_asia_papua_01_stable_006656_002048.png,/private/tmp/JRC_TMF_256_5000_build/label/jrc_tmf_2020_2023_se_asia_papua_01_stable_006656_002048.png,,,,,,
jrc_tmf_2020_2023_se_asia_papua_01_stable_005888_006656,jrc_tmf_2020_2023_se_asia_papua_01_stable_005888_006656.png,jrc_tmf_2020_2023_se_asia_papua_01_stable,train,0.008666676856762912,/private/tmp/JRC_TMF_256_5000_build/A/jrc_tmf_2020_2023_se_asia_papua_01_stable_005888_006656.png,/private/tmp/JRC_TMF_256_5000_build/B/jrc_tmf_2020_2023_se_asia_papua_01_stable_005888_006656.png,/private/tmp/JRC_TMF_256_5000_build/label/jrc_tmf_2020_2023_se_asia_papua_01_stable_005888_006656.png,,,,,,
jrc_tmf_2020_2023_amazon_peru_02_stable_005376_001280,jrc_tmf_2020_2023_amazon_peru_02_stable_005376_001280.png,jrc_tmf_2020_2023_amazon_peru_02_stable,train,0.057709556770295656,/private/tmp/JRC_TMF_256_5000_build/A/jrc_tmf_2020_2023_amazon_peru_02_stable_005376_001280.png,/private/tmp/JRC_TMF_256_5000_build/B/jrc_tmf_2020_2023_amazon_peru_02_stable_005376_001280.png,/private/tmp/JRC_TMF_256_5000_build/label/jrc_tmf_2020_2023_amazon_peru_02_stable_005376_001280.png,,,,,,
jrc_tmf_2020_2023_congo_gabon_01_001536_005376,jrc_tmf_2020_2023_congo_gabon_01_001536_005376.png,jrc_tmf_2020_2023_congo_gabon_01,train,0.004038635770335222,/private/tmp/JRC_TMF_256_5000_build/A/jrc_tmf_2020_2023_congo_gabon_01_001536_005376.png,/private/tmp/JRC_TMF_256_5000_build/B/jrc_tmf_2020_2023_congo_gabon_01_001536_005376.png,/private/tmp/JRC_TMF_256_5000_build/label/jrc_tmf_2020_2023_congo_gabon_01_001536_005376.png,,,,,,
jrc_tmf_2020_2023_amazon_colombia_02_stable_007168_002304,jrc_tmf_2020_2023_amazon_colombia_02_stable_007168_002304.png,jrc_tmf_2020_2023_amazon_colombia_02_stable,train,0.0,/private/tmp/JRC_TMF_256_5000_build/A/jrc_tmf_2020_2023_amazon_colombia_02_stable_007168_002304.png,/private/tmp/JRC_TMF_256_5000_build/B/jrc_tmf_2020_2023_amazon_colombia_02_stable_007168_002304.png,/private/tmp/JRC_TMF_256_5000_build/label/jrc_tmf_2020_2023_amazon_colombia_02_stable_007168_002304.png,,,,,,
jrc_tmf_2020_2023_congo_drc_01_000512_000512,jrc_tmf_2020_2023_congo_drc_01_000512_000512.png,jrc_tmf_2020_2023_congo_drc_01,train,0.005420681986656782,/private/tmp/JRC_TMF_256_5000_build/A/jrc_tmf_2020_2023_congo_drc_01_000512_000512.png,/private/tmp/JRC_TMF_256_5000_build/B/jrc_tmf_2020_2023_congo_drc_01_000512_000512.png,/private/tmp/JRC_TMF_256_5000_build/label/jrc_tmf_2020_2023_congo_drc_01_000512_000512.png,,,,,,
jrc_tmf_2020_2023_congo_cameroon_01_000256_000256,jrc_tmf_2020_2023_congo_cameroon_01_000256_000256.png,jrc_tmf_2020_2023_congo_cameroon_01,train,0.05064585392454245,/private/tmp/JRC_TMF_256_5000_build/A/jrc_tmf_2020_2023_congo_cameroon_01_000256_000256.png,/private/tmp/JRC_TMF_256_5000_build/B/jrc_tmf_2020_2023_congo_cameroon_01_000256_000256.png,/private/tmp/JRC_TMF_256_5000_build/label/jrc_tmf_2020_2023_congo_cameroon_01_000256_000256.png,,,,,,
jrc_tmf_2020_2023_congo_cameroon_01_002560_001536,jrc_tmf_2020_2023_congo_cameroon_01_002560_001536.png,jrc_tmf_2020_2023_congo_cameroon_01,test,0.0,/private/tmp/JRC_TMF_256_5000_build/A/jrc_tmf_2020_2023_congo_cameroon_01_002560_001536.png,/private/tmp/JRC_TMF_256_5000_build/B/jrc_tmf_2020_2023_congo_cameroon_01_002560_001536.png,/private/tmp/JRC_TMF_256_5000_build/label/jrc_tmf_2020_2023_congo_cameroon_01_002560_001536.png,,,,,,
jrc_tmf_2020_2023_se_asia_borneo_01_005376_002048,jrc_tmf_2020_2023_se_asia_borneo_01_005376_002048.png,jrc_tmf_2020_2023_se_asia_borneo_01,train,0.1561154446177847,/private/tmp/JRC_TMF_256_5000_build/A/jrc_tmf_2020_2023_se_asia_borneo_01_005376_002048.png,/private/tmp/JRC_TMF_256_5000_build/B/jrc_tmf_2020_2023_se_asia_borneo_01_005376_002048.png,/private/tmp/JRC_TMF_256_5000_build/label/jrc_tmf_2020_2023_se_asia_borneo_01_005376_002048.png,,,,,,
jrc_tmf_2020_2023_se_asia_borneo_02_stable_006400_003584,jrc_tmf_2020_2023_se_asia_borneo_02_stable_006400_003584.png,jrc_tmf_2020_2023_se_asia_borneo_02_stable,train,0.03747201864401582,/private/tmp/JRC_TMF_256_5000_build/A/jrc_tmf_2020_2023_se_asia_borneo_02_stable_006400_003584.png,/private/tmp/JRC_TMF_256_5000_build/B/jrc_tmf_2020_2023_se_asia_borneo_02_stable_006400_003584.png,/private/tmp/JRC_TMF_256_5000_build/label/jrc_tmf_2020_2023_se_asia_borneo_02_stable_006400_003584.png,,,,,,
jrc_tmf_2020_2023_congo_gabon_02_stable_001536_001536,jrc_tmf_2020_2023_congo_gabon_02_stable_001536_001536.png,jrc_tmf_2020_2023_congo_gabon_02_stable,train,0.004705163458600672,/private/tmp/JRC_TMF_256_5000_build/A/jrc_tmf_2020_2023_congo_gabon_02_stable_001536_001536.png,/private/tmp/JRC_TMF_256_5000_build/B/jrc_tmf_2020_2023_congo_gabon_02_stable_001536_001536.png,/private/tmp/JRC_TMF_256_5000_build/label/jrc_tmf_2020_2023_congo_gabon_02_stable_001536_001536.png,,,,,,
jrc_tmf_2020_2023_se_asia_sumatra_02_stable_004352_002560,jrc_tmf_2020_2023_se_asia_sumatra_02_stable_004352_002560.png,jrc_tmf_2020_2023_se_asia_sumatra_02_stable,test,0.03389483385387333,/private/tmp/JRC_TMF_256_5000_build/A/jrc_tmf_2020_2023_se_asia_sumatra_02_stable_004352_002560.png,/private/tmp/JRC_TMF_256_5000_build/B/jrc_tmf_2020_2023_se_asia_sumatra_02_stable_004352_002560.png,/private/tmp/JRC_TMF_256_5000_build/label/jrc_tmf_2020_2023_se_asia_sumatra_02_stable_004352_002560.png,,,,,,
jrc_tmf_2020_2023_se_asia_sumatra_02_stable_003584_000512,jrc_tmf_2020_2023_se_asia_sumatra_02_stable_003584_000512.png,jrc_tmf_2020_2023_se_asia_sumatra_02_stable,train,0.05099835768000691,/private/tmp/JRC_TMF_256_5000_build/A/jrc_tmf_2020_2023_se_asia_sumatra_02_stable_003584_000512.png,/private/tmp/JRC_TMF_256_5000_build/B/jrc_tmf_2020_2023_se_asia_sumatra_02_stable_003584_000512.png,/private/tmp/JRC_TMF_256_5000_build/label/jrc_tmf_2020_2023_se_asia_sumatra_02_stable_003584_000512.png,,,,,,
jrc_tmf_2020_2023_se_asia_sumatra_02_stable_004608_001792,jrc_tmf_2020_2023_se_asia_sumatra_02_stable_004608_001792.png,jrc_tmf_2020_2023_se_asia_sumatra_02_stable,train,0.0,/private/tmp/JRC_TMF_256_5000_build/A/jrc_tmf_2020_2023_se_asia_sumatra_02_stable_004608_001792.png,/private/tmp/JRC_TMF_256_5000_build/B/jrc_tmf_2020_2023_se_asia_sumatra_02_stable_004608_001792.png,/private/tmp/JRC_TMF_256_5000_build/label/jrc_tmf_2020_2023_se_asia_sumatra_02_stable_004608_001792.png,,,,,,
jrc_tmf_2020_2023_congo_drc_02_stable_002560_002048,jrc_tmf_2020_2023_congo_drc_02_stable_002560_002048.png,jrc_tmf_2020_2023_congo_drc_02_stable,train,0.018168346634147847,/private/tmp/JRC_TMF_256_5000_build/A/jrc_tmf_2020_2023_congo_drc_02_stable_002560_002048.png,/private/tmp/JRC_TMF_256_5000_build/B/jrc_tmf_2020_2023_congo_drc_02_stable_002560_002048.png,/private/tmp/JRC_TMF_256_5000_build/label/jrc_tmf_2020_2023_congo_drc_02_stable_002560_002048.png,,,,,,
jrc_tmf_2020_2023_congo_cameroon_01_001024_000256,jrc_tmf_2020_2023_congo_cameroon_01_001024_000256.png,jrc_tmf_2020_2023_congo_cameroon_01,train,0.017271694648886674,/private/tmp/JRC_TMF_256_5000_build/A/jrc_tmf_2020_2023_congo_cameroon_01_001024_000256.png,/private/tmp/JRC_TMF_256_5000_build/B/jrc_tmf_2020_2023_congo_cameroon_01_001024_000256.png,/private/tmp/JRC_TMF_256_5000_build/label/jrc_tmf_2020_2023_congo_cameroon_01_001024_000256.png,,,,,,
jrc_tmf_2020_2023_congo_drc_02_stable_005120_002560,jrc_tmf_2020_2023_congo_drc_02_stable_005120_002560.png,jrc_tmf_2020_2023_congo_drc_02_stable,train,0.0,/private/tmp/JRC_TMF_256_5000_build/A/jrc_tmf_2020_2023_congo_drc_02_stable_005120_002560.png,/private/tmp/JRC_TMF_256_5000_build/B/jrc_tmf_2020_2023_congo_drc_02_stable_005120_002560.png,/private/tmp/JRC_TMF_256_5000_build/label/jrc_tmf_2020_2023_congo_drc_02_stable_005120_002560.png,,,,,,
jrc_tmf_2020_2023_amazon_peru_01_006400_004608,jrc_tmf_2020_2023_amazon_peru_01_006400_004608.png,jrc_tmf_2020_2023_amazon_peru_01,train,0.0,/private/tmp/JRC_TMF_256_5000_build/A/jrc_tmf_2020_2023_amazon_peru_01_006400_004608.png,/private/tmp/JRC_TMF_256_5000_build/B/jrc_tmf_2020_2023_amazon_peru_01_006400_004608.png,/private/tmp/JRC_TMF_256_5000_build/label/jrc_tmf_2020_2023_amazon_peru_01_006400_004608.png,,,,,,
jrc_tmf_2020_2023_amazon_colombia_01_006144_001792,jrc_tmf_2020_2023_amazon_colombia_01_006144_001792.png,jrc_tmf_2020_2023_amazon_colombia_01,val,0.0,/private/tmp/JRC_TMF_256_5000_build/A/jrc_tmf_2020_2023_amazon_colombia_01_006144_001792.png,/private/tmp/JRC_TMF_256_5000_build/B/jrc_tmf_2020_2023_amazon_colombia_01_006144_001792.png,/private/tmp/JRC_TMF_256_5000_build/label/jrc_tmf_2020_2023_amazon_colombia_01_006144_001792.png,,,,,,
jrc_tmf_2020_2023_amazon_peru_01_004608_000768,jrc_tmf_2020_2023_amazon_peru_01_004608_000768.png,jrc_tmf_2020_2023_amazon_peru_01,val,0.06132832969893673,/private/tmp/JRC_TMF_256_5000_build/A/jrc_tmf_2020_2023_amazon_peru_01_004608_000768.png,/private/tmp/JRC_TMF_256_5000_build/B/jrc_tmf_2020_2023_amazon_peru_01_004608_000768.png,/private/tmp/JRC_TMF_256_5000_build/label/jrc_tmf_2020_2023_amazon_peru_01_004608_000768.png,,,,,,
jrc_tmf_2020_2023_congo_roc_01_stable_000000_001024,jrc_tmf_2020_2023_congo_roc_01_stable_000000_001024.png,jrc_tmf_2020_2023_congo_roc_01_stable,train,0.01239639244897214,/private/tmp/JRC_TMF_256_5000_build/A/jrc_tmf_2020_2023_congo_roc_01_stable_000000_001024.png,/private/tmp/JRC_TMF_256_5000_build/B/jrc_tmf_2020_2023_congo_roc_01_stable_000000_001024.png,/private/tmp/JRC_TMF_256_5000_build/label/jrc_tmf_2020_2023_congo_roc_01_stable_000000_001024.png,,,,,,
jrc_tmf_2020_2023_congo_gabon_02_stable_000768_002816,jrc_tmf_2020_2023_congo_gabon_02_stable_000768_002816.png,jrc_tmf_2020_2023_congo_gabon_02_stable,train,0.01174962614825892,/private/tmp/JRC_TMF_256_5000_build/A/jrc_tmf_2020_2023_congo_gabon_02_stable_000768_002816.png,/private/tmp/JRC_TMF_256_5000_build/B/jrc_tmf_2020_2023_congo_gabon_02_stable_000768_002816.png,/private/tmp/JRC_TMF_256_5000_build/label/jrc_tmf_2020_2023_congo_gabon_02_stable_000768_002816.png,,,,,,
jrc_tmf_2020_2023_amazon_colombia_01_000768_003072,jrc_tmf_2020_2023_amazon_colombia_01_000768_003072.png,jrc_tmf_2020_2023_amazon_colombia_01,train,0.2074195965981296,/private/tmp/JRC_TMF_256_5000_build/A/jrc_tmf_2020_2023_amazon_colombia_01_000768_003072.png,/private/tmp/JRC_TMF_256_5000_build/B/jrc_tmf_2020_2023_amazon_colombia_01_000768_003072.png,/private/tmp/JRC_TMF_256_5000_build/label/jrc_tmf_2020_2023_amazon_colombia_01_000768_003072.png,,,,,,
jrc_tmf_2020_2023_se_asia_borneo_02_stable_001536_005632,jrc_tmf_2020_2023_se_asia_borneo_02_stable_001536_005632.png,jrc_tmf_2020_2023_se_asia_borneo_02_stable,val,0.007261171919374894,/private/tmp/JRC_TMF_256_5000_build/A/jrc_tmf_2020_2023_se_asia_borneo_02_stable_001536_005632.png,/private/tmp/JRC_TMF_256_5000_build/B/jrc_tmf_2020_2023_se_asia_borneo_02_stable_001536_005632.png,/private/tmp/JRC_TMF_256_5000_build/label/jrc_tmf_2020_2023_se_asia_borneo_02_stable_001536_005632.png,,,,,,
jrc_tmf_2020_2023_amazon_bolivia_01_000000_001536,jrc_tmf_2020_2023_amazon_bolivia_01_000000_001536.png,jrc_tmf_2020_2023_amazon_bolivia_01,train,0.04840815818927994,/private/tmp/JRC_TMF_256_5000_build/A/jrc_tmf_2020_2023_amazon_bolivia_01_000000_001536.png,/private/tmp/JRC_TMF_256_5000_build/B/jrc_tmf_2020_2023_amazon_bolivia_01_000000_001536.png,/private/tmp/JRC_TMF_256_5000_build/label/jrc_tmf_2020_2023_amazon_bolivia_01_000000_001536.png,,,,,,
jrc_tmf_2020_2023_amazon_guyana_01_stable_000000_006400,jrc_tmf_2020_2023_amazon_guyana_01_stable_000000_006400.png,jrc_tmf_2020_2023_amazon_guyana_01_stable,test,0.012798247672690291,/private/tmp/JRC_TMF_256_5000_build/A/jrc_tmf_2020_2023_amazon_guyana_01_stable_000000_006400.png,/private/tmp/JRC_TMF_256_5000_build/B/jrc_tmf_2020_2023_amazon_guyana_01_stable_000000_006400.png,/private/tmp/JRC_TMF_256_5000_build/label/jrc_tmf_2020_2023_amazon_guyana_01_stable_000000_006400.png,,,,,,
jrc_tmf_2020_2023_amazon_brazil_02_stable_003584_000256,jrc_tmf_2020_2023_amazon_brazil_02_stable_003584_000256.png,jrc_tmf_2020_2023_amazon_brazil_02_stable,train,0.010540553145842079,/private/tmp/JRC_TMF_256_5000_build/A/jrc_tmf_2020_2023_amazon_brazil_02_stable_003584_000256.png,/private/tmp/JRC_TMF_256_5000_build/B/jrc_tmf_2020_2023_amazon_brazil_02_stable_003584_000256.png,/private/tmp/JRC_TMF_256_5000_build/label/jrc_tmf_2020_2023_amazon_brazil_02_stable_003584_000256.png,,,,,,
jrc_tmf_2020_2023_amazon_bolivia_01_001792_001536,jrc_tmf_2020_2023_amazon_bolivia_01_001792_001536.png,jrc_tmf_2020_2023_amazon_bolivia_01,train,0.2067688809684754,/private/tmp/JRC_TMF_256_5000_build/A/jrc_tmf_2020_2023_amazon_bolivia_01_001792_001536.png,/private/tmp/JRC_TMF_256_5000_build/B/jrc_tmf_2020_2023_amazon_bolivia_01_001792_001536.png,/private/tmp/JRC_TMF_256_5000_build/label/jrc_tmf_2020_2023_amazon_bolivia_01_001792_001536.png,,,,,,
jrc_tmf_2020_2023_se_asia_borneo_01_005376_006144,jrc_tmf_2020_2023_se_asia_borneo_01_005376_006144.png,jrc_tmf_2020_2023_se_asia_borneo_01,train,0.052762077834075126,/private/tmp/JRC_TMF_256_5000_build/A/jrc_tmf_2020_2023_se_asia_borneo_01_005376_006144.png,/private/tmp/JRC_TMF_256_5000_build/B/jrc_tmf_2020_2023_se_asia_borneo_01_005376_006144.png,/private/tmp/JRC_TMF_256_5000_build/label/jrc_tmf_2020_2023_se_asia_borneo_01_005376_006144.png,,,,,,
jrc_tmf_2020_2023_amazon_guyana_01_stable_003840_006144,jrc_tmf_2020_2023_amazon_guyana_01_stable_003840_006144.png,jrc_tmf_2020_2023_amazon_guyana_01_stable,train,0.07381940609580134,/private/tmp/JRC_TMF_256_5000_build/A/jrc_tmf_2020_2023_amazon_guyana_01_stable_003840_006144.png,/private/tmp/JRC_TMF_256_5000_build/B/jrc_tmf_2020_2023_amazon_guyana_01_stable_003840_006144.png,/private/tmp/JRC_TMF_256_5000_build/label/jrc_tmf_2020_2023_amazon_guyana_01_stable_003840_006144.png,,,,,,
jrc_tmf_2020_2023_se_asia_borneo_01_002560_000512,jrc_tmf_2020_2023_se_asia_borneo_01_002560_000512.png,jrc_tmf_2020_2023_se_asia_borneo_01,val,0.0,/private/tmp/JRC_TMF_256_5000_build/A/jrc_tmf_2020_2023_se_asia_borneo_01_002560_000512.png,/private/tmp/JRC_TMF_256_5000_build/B/jrc_tmf_2020_2023_se_asia_borneo_01_002560_000512.png,/private/tmp/JRC_TMF_256_5000_build/label/jrc_tmf_2020_2023_se_asia_borneo_01_002560_000512.png,,,,,,
jrc_tmf_2020_2023_amazon_brazil_02_stable_005376_006656,jrc_tmf_2020_2023_amazon_brazil_02_stable_005376_006656.png,jrc_tmf_2020_2023_amazon_brazil_02_stable,train,0.19422836109740826,/private/tmp/JRC_TMF_256_5000_build/A/jrc_tmf_2020_2023_amazon_brazil_02_stable_005376_006656.png,/private/tmp/JRC_TMF_256_5000_build/B/jrc_tmf_2020_2023_amazon_brazil_02_stable_005376_006656.png,/private/tmp/JRC_TMF_256_5000_build/label/jrc_tmf_2020_2023_amazon_brazil_02_stable_005376_006656.png,,,,,,
jrc_tmf_2020_2023_se_asia_sumatra_01_005632_005376,jrc_tmf_2020_2023_se_asia_sumatra_01_005632_005376.png,jrc_tmf_2020_2023_se_asia_sumatra_01,train,0.0,/private/tmp/JRC_TMF_256_5000_build/A/jrc_tmf_2020_2023_se_asia_sumatra_01_005632_005376.png,/private/tmp/JRC_TMF_256_5000_build/B/jrc_tmf_2020_2023_se_asia_sumatra_01_005632_005376.png,/private/tmp/JRC_TMF_256_5000_build/label/jrc_tmf_2020_2023_se_asia_sumatra_01_005632_005376.png,,,,,,
jrc_tmf_2020_2023_se_asia_borneo_02_stable_005888_006400,jrc_tmf_2020_2023_se_asia_borneo_02_stable_005888_006400.png,jrc_tmf_2020_2023_se_asia_borneo_02_stable,test,0.07468178377141248,/private/tmp/JRC_TMF_256_5000_build/A/jrc_tmf_2020_2023_se_asia_borneo_02_stable_005888_006400.png,/private/tmp/JRC_TMF_256_5000_build/B/jrc_tmf_2020_2023_se_asia_borneo_02_stable_005888_006400.png,/private/tmp/JRC_TMF_256_5000_build/label/jrc_tmf_2020_2023_se_asia_borneo_02_stable_005888_006400.png,,,,,,
jrc_tmf_2020_2023_congo_roc_01_stable_000000_004352,jrc_tmf_2020_2023_congo_roc_01_stable_000000_004352.png,jrc_tmf_2020_2023_congo_roc_01_stable,test,0.0,/private/tmp/JRC_TMF_256_5000_build/A/jrc_tmf_2020_2023_congo_roc_01_stable_000000_004352.png,/private/tmp/JRC_TMF_256_5000_build/B/jrc_tmf_2020_2023_congo_roc_01_stable_000000_004352.png,/private/tmp/JRC_TMF_256_5000_build/label/jrc_tmf_2020_2023_congo_roc_01_stable_000000_004352.png,,,,,,
jrc_tmf_2020_2023_amazon_colombia_02_stable_006144_001536,jrc_tmf_2020_2023_amazon_colombia_02_stable_006144_001536.png,jrc_tmf_2020_2023_amazon_colombia_02_stable,train,0.010230420548980105,/private/tmp/JRC_TMF_256_5000_build/A/jrc_tmf_2020_2023_amazon_colombia_02_stable_006144_001536.png,/private/tmp/JRC_TMF_256_5000_build/B/jrc_tmf_2020_2023_amazon_colombia_02_stable_006144_001536.png,/private/tmp/JRC_TMF_256_5000_build/label/jrc_tmf_2020_2023_amazon_colombia_02_stable_006144_001536.png,,,,,,
jrc_tmf_2020_2023_amazon_peru_02_stable_000512_003584,jrc_tmf_2020_2023_amazon_peru_02_stable_000512_003584.png,jrc_tmf_2020_2023_amazon_peru_02_stable,train,0.0,/private/tmp/JRC_TMF_256_5000_build/A/jrc_tmf_2020_2023_amazon_peru_02_stable_000512_003584.png,/private/tmp/JRC_TMF_256_5000_build/B/jrc_tmf_2020_2023_amazon_peru_02_stable_000512_003584.png,/private/tmp/JRC_TMF_256_5000_build/label/jrc_tmf_2020_2023_amazon_peru_02_stable_000512_003584.png,,,,,,
jrc_tmf_2020_2023_amazon_brazil_02_stable_006912_002560,jrc_tmf_2020_2023_amazon_brazil_02_stable_006912_002560.png,jrc_tmf_2020_2023_amazon_brazil_02_stable,test,0.11381480463141172,/private/tmp/JRC_TMF_256_5000_build/A/jrc_tmf_2020_2023_amazon_brazil_02_stable_006912_002560.png,/private/tmp/JRC_TMF_256_5000_build/B/jrc_tmf_2020_2023_amazon_brazil_02_stable_006912_002560.png,/private/tmp/JRC_TMF_256_5000_build/label/jrc_tmf_2020_2023_amazon_brazil_02_stable_006912_002560.png,,,,,,
jrc_tmf_2020_2023_amazon_bolivia_01_000512_002304,jrc_tmf_2020_2023_amazon_bolivia_01_000512_002304.png,jrc_tmf_2020_2023_amazon_bolivia_01,train,0.002733586560925605,/private/tmp/JRC_TMF_256_5000_build/A/jrc_tmf_2020_2023_amazon_bolivia_01_000512_002304.png,/private/tmp/JRC_TMF_256_5000_build/B/jrc_tmf_2020_2023_amazon_bolivia_01_000512_002304.png,/private/tmp/JRC_TMF_256_5000_build/label/jrc_tmf_2020_2023_amazon_bolivia_01_000512_002304.png,,,,,,
jrc_tmf_2020_2023_amazon_brazil_01_000512_004352,jrc_tmf_2020_2023_amazon_brazil_01_000512_004352.png,jrc_tmf_2020_2023_amazon_brazil_01,test,0.009944713554593225,/private/tmp/JRC_TMF_256_5000_build/A/jrc_tmf_2020_2023_amazon_brazil_01_000512_004352.png,/private/tmp/JRC_TMF_256_5000_build/B/jrc_tmf_2020_2023_amazon_brazil_01_000512_004352.png,/private/tmp/JRC_TMF_256_5000_build/label/jrc_tmf_2020_2023_amazon_brazil_01_000512_004352.png,,,,,,
jrc_tmf_2020_2023_amazon_brazil_02_stable_004352_001280,jrc_tmf_2020_2023_amazon_brazil_02_stable_004352_001280.png,jrc_tmf_2020_2023_amazon_brazil_02_stable,test,0.0026401330749156837,/private/tmp/JRC_TMF_256_5000_build/A/jrc_tmf_2020_2023_amazon_brazil_02_stable_004352_001280.png,/private/tmp/JRC_TMF_256_5000_build/B/jrc_tmf_2020_2023_amazon_brazil_02_stable_004352_001280.png,/private/tmp/JRC_TMF_256_5000_build/label/jrc_tmf_2020_2023_amazon_brazil_02_stable_004352_001280.png,,,,,,
jrc_tmf_2020_2023_se_asia_sumatra_01_006400_006400,jrc_tmf_2020_2023_se_asia_sumatra_01_006400_006400.png,jrc_tmf_2020_2023_se_asia_sumatra_01,train,0.08067349441516689,/private/tmp/JRC_TMF_256_5000_build/A/jrc_tmf_2020_2023_se_asia_sumatra_01_006400_006400.png,/private/tmp/JRC_TMF_256_5000_build/B/jrc_tmf_2020_2023_se_asia_sumatra_01_006400_006400.png,/private/tmp/JRC_TMF_256_5000_build/label/jrc_tmf_2020_2023_se_asia_sumatra_01_006400_006400.png,,,,,,
jrc_tmf_2020_2023_se_asia_borneo_01_006400_003584,jrc_tmf_2020_2023_se_asia_borneo_01_006400_003584.png,jrc_tmf_2020_2023_se_asia_borneo_01,test,0.02754782118575404,/private/tmp/JRC_TMF_256_5000_build/A/jrc_tmf_2020_2023_se_asia_borneo_01_006400_003584.png,/private/tmp/JRC_TMF_256_5000_build/B/jrc_tmf_2020_2023_se_asia_borneo_01_006400_003584.png,/private/tmp/JRC_TMF_256_5000_build/label/jrc_tmf_2020_2023_se_asia_borneo_01_006400_003584.png,,,,,,
jrc_tmf_2020_2023_amazon_brazil_01_000256_006400,jrc_tmf_2020_2023_amazon_brazil_01_000256_006400.png,jrc_tmf_2020_2023_amazon_brazil_01,test,0.055607736728588326,/private/tmp/JRC_TMF_256_5000_build/A/jrc_tmf_2020_2023_amazon_brazil_01_000256_006400.png,/private/tmp/JRC_TMF_256_5000_build/B/jrc_tmf_2020_2023_amazon_brazil_01_000256_006400.png,/private/tmp/JRC_TMF_256_5000_build/label/jrc_tmf_2020_2023_amazon_brazil_01_000256_006400.png,,,,,,
jrc_tmf_2020_2023_amazon_peru_02_stable_005888_000768,jrc_tmf_2020_2023_amazon_peru_02_stable_005888_000768.png,jrc_tmf_2020_2023_amazon_peru_02_stable,train,0.0074247144340602285,/private/tmp/JRC_TMF_256_5000_build/A/jrc_tmf_2020_2023_amazon_peru_02_stable_005888_000768.png,/private/tmp/JRC_TMF_256_5000_build/B/jrc_tmf_2020_2023_amazon_peru_02_stable_005888_000768.png,/private/tmp/JRC_TMF_256_5000_build/label/jrc_tmf_2020_2023_amazon_peru_02_stable_005888_000768.png,,,,,,
jrc_tmf_2020_2023_amazon_colombia_01_001536_004096,jrc_tmf_2020_2023_amazon_colombia_01_001536_004096.png,jrc_tmf_2020_2023_amazon_colombia_01,train,0.0021288411699370603,/private/tmp/JRC_TMF_256_5000_build/A/jrc_tmf_2020_2023_amazon_colombia_01_001536_004096.png,/private/tmp/JRC_TMF_256_5000_build/B/jrc_tmf_2020_2023_amazon_colombia_01_001536_004096.png,/private/tmp/JRC_TMF_256_5000_build/label/jrc_tmf_2020_2023_amazon_colombia_01_001536_004096.png,,,,,,
jrc_tmf_2020_2023_congo_roc_01_stable_000256_002816,jrc_tmf_2020_2023_congo_roc_01_stable_000256_002816.png,jrc_tmf_2020_2023_congo_roc_01_stable,train,0.0023719413293335893,/private/tmp/JRC_TMF_256_5000_build/A/jrc_tmf_2020_2023_congo_roc_01_stable_000256_002816.png,/private/tmp/JRC_TMF_256_5000_build/B/jrc_tmf_2020_2023_congo_roc_01_stable_000256_002816.png,/private/tmp/JRC_TMF_256_5000_build/label/jrc_tmf_2020_2023_congo_roc_01_stable_000256_002816.png,,,,,,
jrc_tmf_2020_2023_amazon_colombia_01_001536_004608,jrc_tmf_2020_2023_amazon_colombia_01_001536_004608.png,jrc_tmf_2020_2023_amazon_colombia_01,train,0.02519129911443556,/private/tmp/JRC_TMF_256_5000_build/A/jrc_tmf_2020_2023_amazon_colombia_01_001536_004608.png,/private/tmp/JRC_TMF_256_5000_build/B/jrc_tmf_2020_2023_amazon_colombia_01_001536_004608.png,/private/tmp/JRC_TMF_256_5000_build/label/jrc_tmf_2020_2023_amazon_colombia_01_001536_004608.png,,,,,,
jrc_tmf_2020_2023_se_asia_sumatra_01_005888_006400,jrc_tmf_2020_2023_se_asia_sumatra_01_005888_006400.png,jrc_tmf_2020_2023_se_asia_sumatra_01,test,0.1556175595238095,/private/tmp/JRC_TMF_256_5000_build/A/jrc_tmf_2020_2023_se_asia_sumatra_01_005888_006400.png,/private/tmp/JRC_TMF_256_5000_build/B/jrc_tmf_2020_2023_se_asia_sumatra_01_005888_006400.png,/private/tmp/JRC_TMF_256_5000_build/label/jrc_tmf_2020_2023_se_asia_sumatra_01_005888_006400.png,,,,,,
jrc_tmf_2020_2023_se_asia_sumatra_02_stable_002048_002816,jrc_tmf_2020_2023_se_asia_sumatra_02_stable_002048_002816.png,jrc_tmf_2020_2023_se_asia_sumatra_02_stable,train,0.003657994598475266,/private/tmp/JRC_TMF_256_5000_build/A/jrc_tmf_2020_2023_se_asia_sumatra_02_stable_002048_002816.png,/private/tmp/JRC_TMF_256_5000_build/B/jrc_tmf_2020_2023_se_asia_sumatra_02_stable_002048_002816.png,/private/tmp/JRC_TMF_256_5000_build/label/jrc_tmf_2020_2023_se_asia_sumatra_02_stable_002048_002816.png,,,,,,
jrc_tmf_2020_2023_congo_cameroon_01_003072_003328,jrc_tmf_2020_2023_congo_cameroon_01_003072_003328.png,jrc_tmf_2020_2023_congo_cameroon_01,train,0.005642267946398455,/private/tmp/JRC_TMF_256_5000_build/A/jrc_tmf_2020_2023_congo_cameroon_01_003072_003328.png,/private/tmp/JRC_TMF_256_5000_build/B/jrc_tmf_2020_2023_congo_cameroon_01_003072_003328.png,/private/tmp/JRC_TMF_256_5000_build/label/jrc_tmf_2020_2023_congo_cameroon_01_003072_003328.png,,,,,,
jrc_tmf_2020_2023_amazon_guyana_01_stable_000512_002304,jrc_tmf_2020_2023_amazon_guyana_01_stable_000512_002304.png,jrc_tmf_2020_2023_amazon_guyana_01_stable,train,0.0025385787036324753,/private/tmp/JRC_TMF_256_5000_build/A/jrc_tmf_2020_2023_amazon_guyana_01_stable_000512_002304.png,/private/tmp/JRC_TMF_256_5000_build/B/jrc_tmf_2020_2023_amazon_guyana_01_stable_000512_002304.png,/private/tmp/JRC_TMF_256_5000_build/label/jrc_tmf_2020_2023_amazon_guyana_01_stable_000512_002304.png,,,,,,
jrc_tmf_2020_2023_amazon_brazil_01_006912_006912,jrc_tmf_2020_2023_amazon_brazil_01_006912_006912.png,jrc_tmf_2020_2023_amazon_brazil_01,val,0.19906690340372482,/private/tmp/JRC_TMF_256_5000_build/A/jrc_tmf_2020_2023_amazon_brazil_01_006912_006912.png,/private/tmp/JRC_TMF_256_5000_build/B/jrc_tmf_2020_2023_amazon_brazil_01_006912_006912.png,/private/tmp/JRC_TMF_256_5000_build/label/jrc_tmf_2020_2023_amazon_brazil_01_006912_006912.png,,,,,,
jrc_tmf_2020_2023_se_asia_sumatra_01_003584_000000,jrc_tmf_2020_2023_se_asia_sumatra_01_003584_000000.png,jrc_tmf_2020_2023_se_asia_sumatra_01,train,0.009511430537502866,/private/tmp/JRC_TMF_256_5000_build/A/jrc_tmf_2020_2023_se_asia_sumatra_01_003584_000000.png,/private/tmp/JRC_TMF_256_5000_build/B/jrc_tmf_2020_2023_se_asia_sumatra_01_003584_000000.png,/private/tmp/JRC_TMF_256_5000_build/label/jrc_tmf_2020_2023_se_asia_sumatra_01_003584_000000.png,,,,,,
jrc_tmf_2020_2023_se_asia_borneo_02_stable_005888_002048,jrc_tmf_2020_2023_se_asia_borneo_02_stable_005888_002048.png,jrc_tmf_2020_2023_se_asia_borneo_02_stable,train,0.0,/private/tmp/JRC_TMF_256_5000_build/A/jrc_tmf_2020_2023_se_asia_borneo_02_stable_005888_002048.png,/private/tmp/JRC_TMF_256_5000_build/B/jrc_tmf_2020_2023_se_asia_borneo_02_stable_005888_002048.png,/private/tmp/JRC_TMF_256_5000_build/label/jrc_tmf_2020_2023_se_asia_borneo_02_stable_005888_002048.png,,,,,,
jrc_tmf_2020_2023_congo_drc_01_000256_002304,jrc_tmf_2020_2023_congo_drc_01_000256_002304.png,jrc_tmf_2020_2023_congo_drc_01,train,0.010060268891979602,/private/tmp/JRC_TMF_256_5000_build/A/jrc_tmf_2020_2023_congo_drc_01_000256_002304.png,/private/tmp/JRC_TMF_256_5000_build/B/jrc_tmf_2020_2023_congo_drc_01_000256_002304.png,/private/tmp/JRC_TMF_256_5000_build/label/jrc_tmf_2020_2023_congo_drc_01_000256_002304.png,,,,,,
jrc_tmf_2020_2023_se_asia_borneo_01_004608_001792,jrc_tmf_2020_2023_se_asia_borneo_01_004608_001792.png,jrc_tmf_2020_2023_se_asia_borneo_01,train,0.0030585739975101055,/private/tmp/JRC_TMF_256_5000_build/A/jrc_tmf_2020_2023_se_asia_borneo_01_004608_001792.png,/private/tmp/JRC_TMF_256_5000_build/B/jrc_tmf_2020_2023_se_asia_borneo_01_004608_001792.png,/private/tmp/JRC_TMF_256_5000_build/label/jrc_tmf_2020_2023_se_asia_borneo_01_004608_001792.png,,,,,,
jrc_tmf_2020_2023_amazon_colombia_01_003840_000000,jrc_tmf_2020_2023_amazon_colombia_01_003840_000000.png,jrc_tmf_2020_2023_amazon_colombia_01,val,0.05267735880728205,/private/tmp/JRC_TMF_256_5000_build/A/jrc_tmf_2020_2023_amazon_colombia_01_003840_000000.png,/private/tmp/JRC_TMF_256_5000_build/B/jrc_tmf_2020_2023_amazon_colombia_01_003840_000000.png,/private/tmp/JRC_TMF_256_5000_build/label/jrc_tmf_2020_2023_amazon_colombia_01_003840_000000.png,,,,,,
jrc_tmf_2020_2023_congo_gabon_01_002048_005888,jrc_tmf_2020_2023_congo_gabon_01_002048_005888.png,jrc_tmf_2020_2023_congo_gabon_01,train,0.0,/private/tmp/JRC_TMF_256_5000_build/A/jrc_tmf_2020_2023_congo_gabon_01_002048_005888.png,/private/tmp/JRC_TMF_256_5000_build/B/jrc_tmf_2020_2023_congo_gabon_01_002048_005888.png,/private/tmp/JRC_TMF_256_5000_build/label/jrc_tmf_2020_2023_congo_gabon_01_002048_005888.png,,,,,,
jrc_tmf_2020_2023_congo_drc_01_004864_005888,jrc_tmf_2020_2023_congo_drc_01_004864_005888.png,jrc_tmf_2020_2023_congo_drc_01,val,0.0,/private/tmp/JRC_TMF_256_5000_build/A/jrc_tmf_2020_2023_congo_drc_01_004864_005888.png,/private/tmp/JRC_TMF_256_5000_build/B/jrc_tmf_2020_2023_congo_drc_01_004864_005888.png,/private/tmp/JRC_TMF_256_5000_build/label/jrc_tmf_2020_2023_congo_drc_01_004864_005888.png,,,,,,
jrc_tmf_2020_2023_amazon_peru_02_stable_005120_001792,jrc_tmf_2020_2023_amazon_peru_02_stable_005120_001792.png,jrc_tmf_2020_2023_amazon_peru_02_stable,train,0.04385595962210431,/private/tmp/JRC_TMF_256_5000_build/A/jrc_tmf_2020_2023_amazon_peru_02_stable_005120_001792.png,/private/tmp/JRC_TMF_256_5000_build/B/jrc_tmf_2020_2023_amazon_peru_02_stable_005120_001792.png,/private/tmp/JRC_TMF_256_5000_build/label/jrc_tmf_2020_2023_amazon_peru_02_stable_005120_001792.png,,,,,,
jrc_tmf_2020_2023_congo_drc_01_006656_006400,jrc_tmf_2020_2023_congo_drc_01_006656_006400.png,jrc_tmf_2020_2023_congo_drc_01,train,0.06057027163826557,/private/tmp/JRC_TMF_256_5000_build/A/jrc_tmf_2020_2023_congo_drc_01_006656_006400.png,/private/tmp/JRC_TMF_256_5000_build/B/jrc_tmf_2020_2023_congo_drc_01_006656_006400.png,/private/tmp/JRC_TMF_256_5000_build/label/jrc_tmf_2020_2023_congo_drc_01_006656_006400.png,,,,,,
jrc_tmf_2020_2023_amazon_brazil_01_001536_000000,jrc_tmf_2020_2023_amazon_brazil_01_001536_000000.png,jrc_tmf_2020_2023_amazon_brazil_01,train,0.011902581944698773,/private/tmp/JRC_TMF_256_5000_build/A/jrc_tmf_2020_2023_amazon_brazil_01_001536_000000.png,/private/tmp/JRC_TMF_256_5000_build/B/jrc_tmf_2020_2023_amazon_brazil_01_001536_000000.png,/private/tmp/JRC_TMF_256_5000_build/label/jrc_tmf_2020_2023_amazon_brazil_01_001536_000000.png,,,,,,
jrc_tmf_2020_2023_se_asia_papua_01_stable_002560_004864,jrc_tmf_2020_2023_se_asia_papua_01_stable_002560_004864.png,jrc_tmf_2020_2023_se_asia_papua_01_stable,train,0.0,/private/tmp/JRC_TMF_256_5000_build/A/jrc_tmf_2020_2023_se_asia_papua_01_stable_002560_004864.png,/private/tmp/JRC_TMF_256_5000_build/B/jrc_tmf_2020_2023_se_asia_papua_01_stable_002560_004864.png,/private/tmp/JRC_TMF_256_5000_build/label/jrc_tmf_2020_2023_se_asia_papua_01_stable_002560_004864.png,,,,,,
jrc_tmf_2020_2023_amazon_colombia_02_stable_007168_006656,jrc_tmf_2020_2023_amazon_colombia_02_stable_007168_006656.png,jrc_tmf_2020_2023_amazon_colombia_02_stable,test,0.0031332007952286282,/private/tmp/JRC_TMF_256_5000_build/A/jrc_tmf_2020_2023_amazon_colombia_02_stable_007168_006656.png,/private/tmp/JRC_TMF_256_5000_build/B/jrc_tmf_2020_2023_amazon_colombia_02_stable_007168_006656.png,/private/tmp/JRC_TMF_256_5000_build/label/jrc_tmf_2020_2023_amazon_colombia_02_stable_007168_006656.png,,,,,,
jrc_tmf_2020_2023_amazon_guyana_01_stable_002048_006656,jrc_tmf_2020_2023_amazon_guyana_01_stable_002048_006656.png,jrc_tmf_2020_2023_amazon_guyana_01_stable,test,0.0,/private/tmp/JRC_TMF_256_5000_build/A/jrc_tmf_2020_2023_amazon_guyana_01_stable_002048_006656.png,/private/tmp/JRC_TMF_256_5000_build/B/jrc_tmf_2020_2023_amazon_guyana_01_stable_002048_006656.png,/private/tmp/JRC_TMF_256_5000_build/label/jrc_tmf_2020_2023_amazon_guyana_01_stable_002048_006656.png,,,,,,
jrc_tmf_2020_2023_amazon_peru_01_006400_002304,jrc_tmf_2020_2023_amazon_peru_01_006400_002304.png,jrc_tmf_2020_2023_amazon_peru_01,train,0.0036834382833037843,/private/tmp/JRC_TMF_256_5000_build/A/jrc_tmf_2020_2023_amazon_peru_01_006400_002304.png,/private/tmp/JRC_TMF_256_5000_build/B/jrc_tmf_2020_2023_amazon_peru_01_006400_002304.png,/private/tmp/JRC_TMF_256_5000_build/label/jrc_tmf_2020_2023_amazon_peru_01_006400_002304.png,,,,,,
jrc_tmf_2020_2023_amazon_bolivia_01_001536_006400,jrc_tmf_2020_2023_amazon_bolivia_01_001536_006400.png,jrc_tmf_2020_2023_amazon_bolivia_01,val,0.06358484832233961,/private/tmp/JRC_TMF_256_5000_build/A/jrc_tmf_2020_2023_amazon_bolivia_01_001536_006400.png,/private/tmp/JRC_TMF_256_5000_build/B/jrc_tmf_2020_2023_amazon_bolivia_01_001536_006400.png,/private/tmp/JRC_TMF_256_5000_build/label/jrc_tmf_2020_2023_amazon_bolivia_01_001536_006400.png,,,,,,
jrc_tmf_2020_2023_amazon_peru_01_000512_000000,jrc_tmf_2020_2023_amazon_peru_01_000512_000000.png,jrc_tmf_2020_2023_amazon_peru_01,train,0.013781559928667522,/private/tmp/JRC_TMF_256_5000_build/A/jrc_tmf_2020_2023_amazon_peru_01_000512_000000.png,/private/tmp/JRC_TMF_256_5000_build/B/jrc_tmf_2020_2023_amazon_peru_01_000512_000000.png,/private/tmp/JRC_TMF_256_5000_build/label/jrc_tmf_2020_2023_amazon_peru_01_000512_000000.png,,,,,,
jrc_tmf_2020_2023_se_asia_sumatra_01_004352_000512,jrc_tmf_2020_2023_se_asia_sumatra_01_004352_000512.png,jrc_tmf_2020_2023_se_asia_sumatra_01,train,0.02796185550347503,/private/tmp/JRC_TMF_256_5000_build/A/jrc_tmf_2020_2023_se_asia_sumatra_01_004352_000512.png,/private/tmp/JRC_TMF_256_5000_build/B/jrc_tmf_2020_2023_se_asia_sumatra_01_004352_000512.png,/private/tmp/JRC_TMF_256_5000_build/label/jrc_tmf_2020_2023_se_asia_sumatra_01_004352_000512.png,,,,,,
jrc_tmf_2020_2023_amazon_brazil_01_006400_000512,jrc_tmf_2020_2023_amazon_brazil_01_006400_000512.png,jrc_tmf_2020_2023_amazon_brazil_01,train,0.0,/private/tmp/JRC_TMF_256_5000_build/A/jrc_tmf_2020_2023_amazon_brazil_01_006400_000512.png,/private/tmp/JRC_TMF_256_5000_build/B/jrc_tmf_2020_2023_amazon_brazil_01_006400_000512.png,/private/tmp/JRC_TMF_256_5000_build/label/jrc_tmf_2020_2023_amazon_brazil_01_006400_000512.png,,,,,,
jrc_tmf_2020_2023_congo_drc_02_stable_002560_006144,jrc_tmf_2020_2023_congo_drc_02_stable_002560_006144.png,jrc_tmf_2020_2023_congo_drc_02_stable,train,0.0036633391336202948,/private/tmp/JRC_TMF_256_5000_build/A/jrc_tmf_2020_2023_congo_drc_02_stable_002560_006144.png,/private/tmp/JRC_TMF_256_5000_build/B/jrc_tmf_2020_2023_congo_drc_02_stable_002560_006144.png,/private/tmp/JRC_TMF_256_5000_build/label/jrc_tmf_2020_2023_congo_drc_02_stable_002560_006144.png,,,,,,
jrc_tmf_2020_2023_congo_gabon_01_005888_006912,jrc_tmf_2020_2023_congo_gabon_01_005888_006912.png,jrc_tmf_2020_2023_congo_gabon_01,train,0.014275659465083542,/private/tmp/JRC_TMF_256_5000_build/A/jrc_tmf_2020_2023_congo_gabon_01_005888_006912.png,/private/tmp/JRC_TMF_256_5000_build/B/jrc_tmf_2020_2023_congo_gabon_01_005888_006912.png,/private/tmp/JRC_TMF_256_5000_build/label/jrc_tmf_2020_2023_congo_gabon_01_005888_006912.png,,,,,,
jrc_tmf_2020_2023_congo_gabon_02_stable_004352_000768,jrc_tmf_2020_2023_congo_gabon_02_stable_004352_000768.png,jrc_tmf_2020_2023_congo_gabon_02_stable,train,0.0,/private/tmp/JRC_TMF_256_5000_build/A/jrc_tmf_2020_2023_congo_gabon_02_stable_004352_000768.png,/private/tmp/JRC_TMF_256_5000_build/B/jrc_tmf_2020_2023_congo_gabon_02_stable_004352_000768.png,/private/tmp/JRC_TMF_256_5000_build/label/jrc_tmf_2020_2023_congo_gabon_02_stable_004352_000768.png,,,,,,
jrc_tmf_2020_2023_se_asia_papua_01_stable_004864_003584,jrc_tmf_2020_2023_se_asia_papua_01_stable_004864_003584.png,jrc_tmf_2020_2023_se_asia_papua_01_stable,test,0.018539749091028204,/private/tmp/JRC_TMF_256_5000_build/A/jrc_tmf_2020_2023_se_asia_papua_01_stable_004864_003584.png,/private/tmp/JRC_TMF_256_5000_build/B/jrc_tmf_2020_2023_se_asia_papua_01_stable_004864_003584.png,/private/tmp/JRC_TMF_256_5000_build/label/jrc_tmf_2020_2023_se_asia_papua_01_stable_004864_003584.png,,,,,,
jrc_tmf_2020_2023_se_asia_papua_01_stable_002816_001536,jrc_tmf_2020_2023_se_asia_papua_01_stable_002816_001536.png,jrc_tmf_2020_2023_se_asia_papua_01_stable,train,0.004432651308322341,/private/tmp/JRC_TMF_256_5000_build/A/jrc_tmf_2020_2023_se_asia_papua_01_stable_002816_001536.png,/private/tmp/JRC_TMF_256_5000_build/B/jrc_tmf_2020_2023_se_asia_papua_01_stable_002816_001536.png,/private/tmp/JRC_TMF_256_5000_build/label/jrc_tmf_2020_2023_se_asia_papua_01_stable_002816_001536.png,,,,,,
jrc_tmf_2020_2023_amazon_peru_02_stable_005120_000768,jrc_tmf_2020_2023_amazon_peru_02_stable_005120_000768.png,jrc_tmf_2020_2023_amazon_peru_02_stable,train,0.056212578554109556,/private/tmp/JRC_TMF_256_5000_build/A/jrc_tmf_2020_2023_amazon_peru_02_stable_005120_000768.png,/private/tmp/JRC_TMF_256_5000_build/B/jrc_tmf_2020_2023_amazon_peru_02_stable_005120_000768.png,/private/tmp/JRC_TMF_256_5000_build/label/jrc_tmf_2020_2023_amazon_peru_02_stable_005120_000768.png,,,,,,
jrc_tmf_2020_2023_congo_gabon_01_003072_000768,jrc_tmf_2020_2023_congo_gabon_01_003072_000768.png,jrc_tmf_2020_2023_congo_gabon_01,train,0.0031915385682788817,/private/tmp/JRC_TMF_256_5000_build/A/jrc_tmf_2020_2023_congo_gabon_01_003072_000768.png,/private/tmp/JRC_TMF_256_5000_build/B/jrc_tmf_2020_2023_congo_gabon_01_003072_000768.png,/private/tmp/JRC_TMF_256_5000_build/label/jrc_tmf_2020_2023_congo_gabon_01_003072_000768.png,,,,,,
jrc_tmf_2020_2023_amazon_colombia_02_stable_006912_005888,jrc_tmf_2020_2023_amazon_colombia_02_stable_006912_005888.png,jrc_tmf_2020_2023_amazon_colombia_02_stable,train,0.0,/private/tmp/JRC_TMF_256_5000_build/A/jrc_tmf_2020_2023_amazon_colombia_02_stable_006912_005888.png,/private/tmp/JRC_TMF_256_5000_build/B/jrc_tmf_2020_2023_amazon_colombia_02_stable_006912_005888.png,/private/tmp/JRC_TMF_256_5000_build/label/jrc_tmf_2020_2023_amazon_colombia_02_stable_006912_005888.png,,,,,,
jrc_tmf_2020_2023_congo_drc_01_000000_005376,jrc_tmf_2020_2023_congo_drc_01_000000_005376.png,jrc_tmf_2020_2023_congo_drc_01,train,0.00397326516154865,/private/tmp/JRC_TMF_256_5000_build/A/jrc_tmf_2020_2023_congo_drc_01_000000_005376.png,/private/tmp/JRC_TMF_256_5000_build/B/jrc_tmf_2020_2023_congo_drc_01_000000_005376.png,/private/tmp/JRC_TMF_256_5000_build/label/jrc_tmf_2020_2023_congo_drc_01_000000_005376.png,,,,,,
jrc_tmf_2020_2023_congo_cameroon_01_002304_005888,jrc_tmf_2020_2023_congo_cameroon_01_002304_005888.png,jrc_tmf_2020_2023_congo_cameroon_01,train,0.06528171713300115,/private/tmp/JRC_TMF_256_5000_build/A/jrc_tmf_2020_2023_congo_cameroon_01_002304_005888.png,/private/tmp/JRC_TMF_256_5000_build/B/jrc_tmf_2020_2023_congo_cameroon_01_002304_005888.png,/private/tmp/JRC_TMF_256_5000_build/label/jrc_tmf_2020_2023_congo_cameroon_01_002304_005888.png,,,,,,
jrc_tmf_2020_2023_congo_cameroon_01_003840_000000,jrc_tmf_2020_2023_congo_cameroon_01_003840_000000.png,jrc_tmf_2020_2023_congo_cameroon_01,train,0.0,/private/tmp/JRC_TMF_256_5000_build/A/jrc_tmf_2020_2023_congo_cameroon_01_003840_000000.png,/private/tmp/JRC_TMF_256_5000_build/B/jrc_tmf_2020_2023_congo_cameroon_01_003840_000000.png,/private/tmp/JRC_TMF_256_5000_build/label/jrc_tmf_2020_2023_congo_cameroon_01_003840_000000.png,,,,,,
jrc_tmf_2020_2023_se_asia_borneo_01_006656_003584,jrc_tmf_2020_2023_se_asia_borneo_01_006656_003584.png,jrc_tmf_2020_2023_se_asia_borneo_01,test,0.2004304503786369,/private/tmp/JRC_TMF_256_5000_build/A/jrc_tmf_2020_2023_se_asia_borneo_01_006656_003584.png,/private/tmp/JRC_TMF_256_5000_build/B/jrc_tmf_2020_2023_se_asia_borneo_01_006656_003584.png,/private/tmp/JRC_TMF_256_5000_build/label/jrc_tmf_2020_2023_se_asia_borneo_01_006656_003584.png,,,,,,
jrc_tmf_2020_2023_se_asia_borneo_02_stable_004864_005120,jrc_tmf_2020_2023_se_asia_borneo_02_stable_004864_005120.png,jrc_tmf_2020_2023_se_asia_borneo_02_stable,train,0.011544237266925291,/private/tmp/JRC_TMF_256_5000_build/A/jrc_tmf_2020_2023_se_asia_borneo_02_stable_004864_005120.png,/private/tmp/JRC_TMF_256_5000_build/B/jrc_tmf_2020_2023_se_asia_borneo_02_stable_004864_005120.png,/private/tmp/JRC_TMF_256_5000_build/label/jrc_tmf_2020_2023_se_asia_borneo_02_stable_004864_005120.png,,,,,,
jrc_tmf_2020_2023_congo_gabon_02_stable_003072_006656,jrc_tmf_2020_2023_congo_gabon_02_stable_003072_006656.png,jrc_tmf_2020_2023_congo_gabon_02_stable,train,0.006333607353710485,/private/tmp/JRC_TMF_256_5000_build/A/jrc_tmf_2020_2023_congo_gabon_02_stable_003072_006656.png,/private/tmp/JRC_TMF_256_5000_build/B/jrc_tmf_2020_2023_congo_gabon_02_stable_003072_006656.png,/private/tmp/JRC_TMF_256_5000_build/label/jrc_tmf_2020_2023_congo_gabon_02_stable_003072_006656.png,,,,,,
jrc_tmf_2020_2023_se_asia_sumatra_02_stable_004608_003840,jrc_tmf_2020_2023_se_asia_sumatra_02_stable_004608_003840.png,jrc_tmf_2020_2023_se_asia_sumatra_02_stable,train,0.014995465733903356,/private/tmp/JRC_TMF_256_5000_build/A/jrc_tmf_2020_2023_se_asia_sumatra_02_stable_004608_003840.png,/private/tmp/JRC_TMF_256_5000_build/B/jrc_tmf_2020_2023_se_asia_sumatra_02_stable_004608_003840.png,/private/tmp/JRC_TMF_256_5000_build/label/jrc_tmf_2020_2023_se_asia_sumatra_02_stable_004608_003840.png,,,,,,
jrc_tmf_2020_2023_se_asia_sumatra_02_stable_003072_000512,jrc_tmf_2020_2023_se_asia_sumatra_02_stable_003072_000512.png,jrc_tmf_2020_2023_se_asia_sumatra_02_stable,train,0.054026251119196844,/private/tmp/JRC_TMF_256_5000_build/A/jrc_tmf_2020_2023_se_asia_sumatra_02_stable_003072_000512.png,/private/tmp/JRC_TMF_256_5000_build/B/jrc_tmf_2020_2023_se_asia_sumatra_02_stable_003072_000512.png,/private/tmp/JRC_TMF_256_5000_build/label/jrc_tmf_2020_2023_se_asia_sumatra_02_stable_003072_000512.png,,,,,,
jrc_tmf_2020_2023_congo_drc_02_stable_001792_004864,jrc_tmf_2020_2023_congo_drc_02_stable_001792_004864.png,jrc_tmf_2020_2023_congo_drc_02_stable,train,0.02978619226375061,/private/tmp/JRC_TMF_256_5000_build/A/jrc_tmf_2020_2023_congo_drc_02_stable_001792_004864.png,/private/tmp/JRC_TMF_256_5000_build/B/jrc_tmf_2020_2023_congo_drc_02_stable_001792_004864.png,/private/tmp/JRC_TMF_256_5000_build/label/jrc_tmf_2020_2023_congo_drc_02_stable_001792_004864.png,,,,,,
jrc_tmf_2020_2023_congo_cameroon_01_000000_004352,jrc_tmf_2020_2023_congo_cameroon_01_000000_004352.png,jrc_tmf_2020_2023_congo_cameroon_01,train,0.02328830926874709,/private/tmp/JRC_TMF_256_5000_build/A/jrc_tmf_2020_2023_congo_cameroon_01_000000_004352.png,/private/tmp/JRC_TMF_256_5000_build/B/jrc_tmf_2020_2023_congo_cameroon_01_000000_004352.png,/private/tmp/JRC_TMF_256_5000_build/label/jrc_tmf_2020_2023_congo_cameroon_01_000000_004352.png,,,,,,
jrc_tmf_2020_2023_congo_drc_02_stable_004864_003072,jrc_tmf_2020_2023_congo_drc_02_stable_004864_003072.png,jrc_tmf_2020_2023_congo_drc_02_stable,train,0.0,/private/tmp/JRC_TMF_256_5000_build/A/jrc_tmf_2020_2023_congo_drc_02_stable_004864_003072.png,/private/tmp/JRC_TMF_256_5000_build/B/jrc_tmf_2020_2023_congo_drc_02_stable_004864_003072.png,/private/tmp/JRC_TMF_256_5000_build/label/jrc_tmf_2020_2023_congo_drc_02_stable_004864_003072.png,,,,,,
jrc_tmf_2020_2023_amazon_peru_01_006144_002304,jrc_tmf_2020_2023_amazon_peru_01_006144_002304.png,jrc_tmf_2020_2023_amazon_peru_01,train,0.0,/private/tmp/JRC_TMF_256_5000_build/A/jrc_tmf_2020_2023_amazon_peru_01_006144_002304.png,/private/tmp/JRC_TMF_256_5000_build/B/jrc_tmf_2020_2023_amazon_peru_01_006144_002304.png,/private/tmp/JRC_TMF_256_5000_build/label/jrc_tmf_2020_2023_amazon_peru_01_006144_002304.png,,,,,,
jrc_tmf_2020_2023_amazon_colombia_01_004608_003584,jrc_tmf_2020_2023_amazon_colombia_01_004608_003584.png,jrc_tmf_2020_2023_amazon_colombia_01,train,0.0,/private/tmp/JRC_TMF_256_5000_build/A/jrc_tmf_2020_2023_amazon_colombia_01_004608_003584.png,/private/tmp/JRC_TMF_256_5000_build/B/jrc_tmf_2020_2023_amazon_colombia_01_004608_003584.png,/private/tmp/JRC_TMF_256_5000_build/label/jrc_tmf_2020_2023_amazon_colombia_01_004608_003584.png,,,,,,
jrc_tmf_2020_2023_amazon_peru_01_005376_000256,jrc_tmf_2020_2023_amazon_peru_01_005376_000256.png,jrc_tmf_2020_2023_amazon_peru_01,test,0.08758757022959007,/private/tmp/JRC_TMF_256_5000_build/A/jrc_tmf_2020_2023_amazon_peru_01_005376_000256.png,/private/tmp/JRC_TMF_256_5000_build/B/jrc_tmf_2020_2023_amazon_peru_01_005376_000256.png,/private/tmp/JRC_TMF_256_5000_build/label/jrc_tmf_2020_2023_amazon_peru_01_005376_000256.png,,,,,,
jrc_tmf_2020_2023_congo_roc_01_stable_002048_000512,jrc_tmf_2020_2023_congo_roc_01_stable_002048_000512.png,jrc_tmf_2020_2023_congo_roc_01_stable,train,0.02810711833371481,/private/tmp/JRC_TMF_256_5000_build/A/jrc_tmf_2020_2023_congo_roc_01_stable_002048_000512.png,/private/tmp/JRC_TMF_256_5000_build/B/jrc_tmf_2020_2023_congo_roc_01_stable_002048_000512.png,/private/tmp/JRC_TMF_256_5000_build/label/jrc_tmf_2020_2023_congo_roc_01_stable_002048_000512.png,,,,,,
jrc_tmf_2020_2023_congo_gabon_02_stable_002560_006912,jrc_tmf_2020_2023_congo_gabon_02_stable_002560_006912.png,jrc_tmf_2020_2023_congo_gabon_02_stable,train,0.020306241004387257,/private/tmp/JRC_TMF_256_5000_build/A/jrc_tmf_2020_2023_congo_gabon_02_stable_002560_006912.png,/private/tmp/JRC_TMF_256_5000_build/B/jrc_tmf_2020_2023_congo_gabon_02_stable_002560_006912.png,/private/tmp/JRC_TMF_256_5000_build/label/jrc_tmf_2020_2023_congo_gabon_02_stable_002560_006912.png,,,,,,
jrc_tmf_2020_2023_amazon_colombia_01_000512_004352,jrc_tmf_2020_2023_amazon_colombia_01_000512_004352.png,jrc_tmf_2020_2023_amazon_colombia_01,train,0.2176607529902866,/private/tmp/JRC_TMF_256_5000_build/A/jrc_tmf_2020_2023_amazon_colombia_01_000512_004352.png,/private/tmp/JRC_TMF_256_5000_build/B/jrc_tmf_2020_2023_amazon_colombia_01_000512_004352.png,/private/tmp/JRC_TMF_256_5000_build/label/jrc_tmf_2020_2023_amazon_colombia_01_000512_004352.png,,,,,,
jrc_tmf_2020_2023_se_asia_borneo_02_stable_006400_006400,jrc_tmf_2020_2023_se_asia_borneo_02_stable_006400_006400.png,jrc_tmf_2020_2023_se_asia_borneo_02_stable,train,0.002171587852072732,/private/tmp/JRC_TMF_256_5000_build/A/jrc_tmf_2020_2023_se_asia_borneo_02_stable_006400_006400.png,/private/tmp/JRC_TMF_256_5000_build/B/jrc_tmf_2020_2023_se_asia_borneo_02_stable_006400_006400.png,/private/tmp/JRC_TMF_256_5000_build/label/jrc_tmf_2020_2023_se_asia_borneo_02_stable_006400_006400.png,,,,,,
jrc_tmf_2020_2023_amazon_bolivia_01_001792_001280,jrc_tmf_2020_2023_amazon_bolivia_01_001792_001280.png,jrc_tmf_2020_2023_amazon_bolivia_01,train,0.02091903050691949,/private/tmp/JRC_TMF_256_5000_build/A/jrc_tmf_2020_2023_amazon_bolivia_01_001792_001280.png,/private/tmp/JRC_TMF_256_5000_build/B/jrc_tmf_2020_2023_amazon_bolivia_01_001792_001280.png,/private/tmp/JRC_TMF_256_5000_build/label/jrc_tmf_2020_2023_amazon_bolivia_01_001792_001280.png,,,,,,
jrc_tmf_2020_2023_amazon_guyana_01_stable_004096_006144,jrc_tmf_2020_2023_amazon_guyana_01_stable_004096_006144.png,jrc_tmf_2020_2023_amazon_guyana_01_stable,train,0.013440205862920333,/private/tmp/JRC_TMF_256_5000_build/A/jrc_tmf_2020_2023_amazon_guyana_01_stable_004096_006144.png,/private/tmp/JRC_TMF_256_5000_build/B/jrc_tmf_2020_2023_amazon_guyana_01_stable_004096_006144.png,/private/tmp/JRC_TMF_256_5000_build/label/jrc_tmf_2020_2023_amazon_guyana_01_stable_004096_006144.png,,,,,,
jrc_tmf_2020_2023_amazon_brazil_02_stable_005888_006912,jrc_tmf_2020_2023_amazon_brazil_02_stable_005888_006912.png,jrc_tmf_2020_2023_amazon_brazil_02_stable,train,0.026363839618423014,/private/tmp/JRC_TMF_256_5000_build/A/jrc_tmf_2020_2023_amazon_brazil_02_stable_005888_006912.png,/private/tmp/JRC_TMF_256_5000_build/B/jrc_tmf_2020_2023_amazon_brazil_02_stable_005888_006912.png,/private/tmp/JRC_TMF_256_5000_build/label/jrc_tmf_2020_2023_amazon_brazil_02_stable_005888_006912.png,,,,,,
jrc_tmf_2020_2023_amazon_bolivia_01_002304_004096,jrc_tmf_2020_2023_amazon_bolivia_01_002304_004096.png,jrc_tmf_2020_2023_amazon_bolivia_01,train,0.17416306886545402,/private/tmp/JRC_TMF_256_5000_build/A/jrc_tmf_2020_2023_amazon_bolivia_01_002304_004096.png,/private/tmp/JRC_TMF_256_5000_build/B/jrc_tmf_2020_2023_amazon_bolivia_01_002304_004096.png,/private/tmp/JRC_TMF_256_5000_build/label/jrc_tmf_2020_2023_amazon_bolivia_01_002304_004096.png,,,,,,
jrc_tmf_2020_2023_se_asia_borneo_01_005632_005888,jrc_tmf_2020_2023_se_asia_borneo_01_005632_005888.png,jrc_tmf_2020_2023_se_asia_borneo_01,train,0.09446223245690132,/private/tmp/JRC_TMF_256_5000_build/A/jrc_tmf_2020_2023_se_asia_borneo_01_005632_005888.png,/private/tmp/JRC_TMF_256_5000_build/B/jrc_tmf_2020_2023_se_asia_borneo_01_005632_005888.png,/private/tmp/JRC_TMF_256_5000_build/label/jrc_tmf_2020_2023_se_asia_borneo_01_005632_005888.png,,,,,,
jrc_tmf_2020_2023_se_asia_borneo_01_000000_005376,jrc_tmf_2020_2023_se_asia_borneo_01_000000_005376.png,jrc_tmf_2020_2023_se_asia_borneo_01,train,0.0,/private/tmp/JRC_TMF_256_5000_build/A/jrc_tmf_2020_2023_se_asia_borneo_01_000000_005376.png,/private/tmp/JRC_TMF_256_5000_build/B/jrc_tmf_2020_2023_se_asia_borneo_01_000000_005376.png,/private/tmp/JRC_TMF_256_5000_build/label/jrc_tmf_2020_2023_se_asia_borneo_01_000000_005376.png,,,,,,
jrc_tmf_2020_2023_amazon_brazil_02_stable_003328_006912,jrc_tmf_2020_2023_amazon_brazil_02_stable_003328_006912.png,jrc_tmf_2020_2023_amazon_brazil_02_stable,test,0.2913953774065039,/private/tmp/JRC_TMF_256_5000_build/A/jrc_tmf_2020_2023_amazon_brazil_02_stable_003328_006912.png,/private/tmp/JRC_TMF_256_5000_build/B/jrc_tmf_2020_2023_amazon_brazil_02_stable_003328_006912.png,/private/tmp/JRC_TMF_256_5000_build/label/jrc_tmf_2020_2023_amazon_brazil_02_stable_003328_006912.png,,,,,,
jrc_tmf_2020_2023_se_asia_sumatra_01_000000_006400,jrc_tmf_2020_2023_se_asia_sumatra_01_000000_006400.png,jrc_tmf_2020_2023_se_asia_sumatra_01,train,0.0,/private/tmp/JRC_TMF_256_5000_build/A/jrc_tmf_2020_2023_se_asia_sumatra_01_000000_006400.png,/private/tmp/JRC_TMF_256_5000_build/B/jrc_tmf_2020_2023_se_asia_sumatra_01_000000_006400.png,/private/tmp/JRC_TMF_256_5000_build/label/jrc_tmf_2020_2023_se_asia_sumatra_01_000000_006400.png,,,,,,
jrc_tmf_2020_2023_se_asia_borneo_02_stable_003328_005632,jrc_tmf_2020_2023_se_asia_borneo_02_stable_003328_005632.png,jrc_tmf_2020_2023_se_asia_borneo_02_stable,train,0.05301580152385242,/private/tmp/JRC_TMF_256_5000_build/A/jrc_tmf_2020_2023_se_asia_borneo_02_stable_003328_005632.png,/private/tmp/JRC_TMF_256_5000_build/B/jrc_tmf_2020_2023_se_asia_borneo_02_stable_003328_005632.png,/private/tmp/JRC_TMF_256_5000_build/label/jrc_tmf_2020_2023_se_asia_borneo_02_stable_003328_005632.png,,,,,,
jrc_tmf_2020_2023_congo_roc_01_stable_003072_006912,jrc_tmf_2020_2023_congo_roc_01_stable_003072_006912.png,jrc_tmf_2020_2023_congo_roc_01_stable,train,0.0,/private/tmp/JRC_TMF_256_5000_build/A/jrc_tmf_2020_2023_congo_roc_01_stable_003072_006912.png,/private/tmp/JRC_TMF_256_5000_build/B/jrc_tmf_2020_2023_congo_roc_01_stable_003072_006912.png,/private/tmp/JRC_TMF_256_5000_build/label/jrc_tmf_2020_2023_congo_roc_01_stable_003072_006912.png,,,,,,
jrc_tmf_2020_2023_amazon_peru_02_stable_002560_000256,jrc_tmf_2020_2023_amazon_peru_02_stable_002560_000256.png,jrc_tmf_2020_2023_amazon_peru_02_stable,train,0.0,/private/tmp/JRC_TMF_256_5000_build/A/jrc_tmf_2020_2023_amazon_peru_02_stable_002560_000256.png,/private/tmp/JRC_TMF_256_5000_build/B/jrc_tmf_2020_2023_amazon_peru_02_stable_002560_000256.png,/private/tmp/JRC_TMF_256_5000_build/label/jrc_tmf_2020_2023_amazon_peru_02_stable_002560_000256.png,,,,,,
jrc_tmf_2020_2023_amazon_brazil_02_stable_003584_006144,jrc_tmf_2020_2023_amazon_brazil_02_stable_003584_006144.png,jrc_tmf_2020_2023_amazon_brazil_02_stable,test,0.08184561626429479,/private/tmp/JRC_TMF_256_5000_build/A/jrc_tmf_2020_2023_amazon_brazil_02_stable_003584_006144.png,/private/tmp/JRC_TMF_256_5000_build/B/jrc_tmf_2020_2023_amazon_brazil_02_stable_003584_006144.png,/private/tmp/JRC_TMF_256_5000_build/label/jrc_tmf_2020_2023_amazon_brazil_02_stable_003584_006144.png,,,,,,
jrc_tmf_2020_2023_amazon_bolivia_01_000256_004864,jrc_tmf_2020_2023_amazon_bolivia_01_000256_004864.png,jrc_tmf_2020_2023_amazon_bolivia_01,train,0.004513695665615532,/private/tmp/JRC_TMF_256_5000_build/A/jrc_tmf_2020_2023_amazon_bolivia_01_000256_004864.png,/private/tmp/JRC_TMF_256_5000_build/B/jrc_tmf_2020_2023_amazon_bolivia_01_000256_004864.png,/private/tmp/JRC_TMF_256_5000_build/label/jrc_tmf_2020_2023_amazon_bolivia_01_000256_004864.png,,,,,,
jrc_tmf_2020_2023_amazon_brazil_01_005888_005120,jrc_tmf_2020_2023_amazon_brazil_01_005888_005120.png,jrc_tmf_2020_2023_amazon_brazil_01,train,0.009676748612466212,/private/tmp/JRC_TMF_256_5000_build/A/jrc_tmf_2020_2023_amazon_brazil_01_005888_005120.png,/private/tmp/JRC_TMF_256_5000_build/B/jrc_tmf_2020_2023_amazon_brazil_01_005888_005120.png,/private/tmp/JRC_TMF_256_5000_build/label/jrc_tmf_2020_2023_amazon_brazil_01_005888_005120.png,,,,,,
jrc_tmf_2020_2023_amazon_brazil_02_stable_004096_002304,jrc_tmf_2020_2023_amazon_brazil_02_stable_004096_002304.png,jrc_tmf_2020_2023_amazon_brazil_02_stable,test,0.0064544881744555945,/private/tmp/JRC_TMF_256_5000_build/A/jrc_tmf_2020_2023_amazon_brazil_02_stable_004096_002304.png,/private/tmp/JRC_TMF_256_5000_build/B/jrc_tmf_2020_2023_amazon_brazil_02_stable_004096_002304.png,/private/tmp/JRC_TMF_256_5000_build/label/jrc_tmf_2020_2023_amazon_brazil_02_stable_004096_002304.png,,,,,,
jrc_tmf_2020_2023_se_asia_sumatra_01_005376_000768,jrc_tmf_2020_2023_se_asia_sumatra_01_005376_000768.png,jrc_tmf_2020_2023_se_asia_sumatra_01,train,0.07090225688407598,/private/tmp/JRC_TMF_256_5000_build/A/jrc_tmf_2020_2023_se_asia_sumatra_01_005376_000768.png,/private/tmp/JRC_TMF_256_5000_build/B/jrc_tmf_2020_2023_se_asia_sumatra_01_005376_000768.png,/private/tmp/JRC_TMF_256_5000_build/label/jrc_tmf_2020_2023_se_asia_sumatra_01_005376_000768.png,,,,,,
jrc_tmf_2020_2023_se_asia_borneo_01_005632_005376,jrc_tmf_2020_2023_se_asia_borneo_01_005632_005376.png,jrc_tmf_2020_2023_se_asia_borneo_01,train,0.01017282517572709,/private/tmp/JRC_TMF_256_5000_build/A/jrc_tmf_2020_2023_se_asia_borneo_01_005632_005376.png,/private/tmp/JRC_TMF_256_5000_build/B/jrc_tmf_2020_2023_se_asia_borneo_01_005632_005376.png,/private/tmp/JRC_TMF_256_5000_build/label/jrc_tmf_2020_2023_se_asia_borneo_01_005632_005376.png,,,,,,
jrc_tmf_2020_2023_amazon_brazil_01_001536_000512,jrc_tmf_2020_2023_amazon_brazil_01_001536_000512.png,jrc_tmf_2020_2023_amazon_brazil_01,train,0.05965020166760115,/private/tmp/JRC_TMF_256_5000_build/A/jrc_tmf_2020_2023_amazon_brazil_01_001536_000512.png,/private/tmp/JRC_TMF_256_5000_build/B/jrc_tmf_2020_2023_amazon_brazil_01_001536_000512.png,/private/tmp/JRC_TMF_256_5000_build/label/jrc_tmf_2020_2023_amazon_brazil_01_001536_000512.png,,,,,,
jrc_tmf_2020_2023_amazon_peru_02_stable_006144_004352,jrc_tmf_2020_2023_amazon_peru_02_stable_006144_004352.png,jrc_tmf_2020_2023_amazon_peru_02_stable,test,0.0028205208561847754,/private/tmp/JRC_TMF_256_5000_build/A/jrc_tmf_2020_2023_amazon_peru_02_stable_006144_004352.png,/private/tmp/JRC_TMF_256_5000_build/B/jrc_tmf_2020_2023_amazon_peru_02_stable_006144_004352.png,/private/tmp/JRC_TMF_256_5000_build/label/jrc_tmf_2020_2023_amazon_peru_02_stable_006144_004352.png,,,,,,
jrc_tmf_2020_2023_amazon_colombia_01_001280_006144,jrc_tmf_2020_2023_amazon_colombia_01_001280_006144.png,jrc_tmf_2020_2023_amazon_colombia_01,train,0.003093039883117287,/private/tmp/JRC_TMF_256_5000_build/A/jrc_tmf_2020_2023_amazon_colombia_01_001280_006144.png,/private/tmp/JRC_TMF_256_5000_build/B/jrc_tmf_2020_2023_amazon_colombia_01_001280_006144.png,/private/tmp/JRC_TMF_256_5000_build/label/jrc_tmf_2020_2023_amazon_colombia_01_001280_006144.png,,,,,,
jrc_tmf_2020_2023_congo_roc_01_stable_001792_003328,jrc_tmf_2020_2023_congo_roc_01_stable_001792_003328.png,jrc_tmf_2020_2023_congo_roc_01_stable,train,0.009912288171676744,/private/tmp/JRC_TMF_256_5000_build/A/jrc_tmf_2020_2023_congo_roc_01_stable_001792_003328.png,/private/tmp/JRC_TMF_256_5000_build/B/jrc_tmf_2020_2023_congo_roc_01_stable_001792_003328.png,/private/tmp/JRC_TMF_256_5000_build/label/jrc_tmf_2020_2023_congo_roc_01_stable_001792_003328.png,,,,,,
jrc_tmf_2020_2023_amazon_colombia_01_000768_003584,jrc_tmf_2020_2023_amazon_colombia_01_000768_003584.png,jrc_tmf_2020_2023_amazon_colombia_01,train,0.0464980932106045,/private/tmp/JRC_TMF_256_5000_build/A/jrc_tmf_2020_2023_amazon_colombia_01_000768_003584.png,/private/tmp/JRC_TMF_256_5000_build/B/jrc_tmf_2020_2023_amazon_colombia_01_000768_003584.png,/private/tmp/JRC_TMF_256_5000_build/label/jrc_tmf_2020_2023_amazon_colombia_01_000768_003584.png,,,,,,
jrc_tmf_2020_2023_se_asia_sumatra_01_006144_006400,jrc_tmf_2020_2023_se_asia_sumatra_01_006144_006400.png,jrc_tmf_2020_2023_se_asia_sumatra_01,train,0.19649272747416235,/private/tmp/JRC_TMF_256_5000_build/A/jrc_tmf_2020_2023_se_asia_sumatra_01_006144_006400.png,/private/tmp/JRC_TMF_256_5000_build/B/jrc_tmf_2020_2023_se_asia_sumatra_01_006144_006400.png,/private/tmp/JRC_TMF_256_5000_build/label/jrc_tmf_2020_2023_se_asia_sumatra_01_006144_006400.png,,,,,,
jrc_tmf_2020_2023_se_asia_sumatra_02_stable_002048_003584,jrc_tmf_2020_2023_se_asia_sumatra_02_stable_002048_003584.png,jrc_tmf_2020_2023_se_asia_sumatra_02_stable,train,0.0022429848714537637,/private/tmp/JRC_TMF_256_5000_build/A/jrc_tmf_2020_2023_se_asia_sumatra_02_stable_002048_003584.png,/private/tmp/JRC_TMF_256_5000_build/B/jrc_tmf_2020_2023_se_asia_sumatra_02_stable_002048_003584.png,/private/tmp/JRC_TMF_256_5000_build/label/jrc_tmf_2020_2023_se_asia_sumatra_02_stable_002048_003584.png,,,,,,
jrc_tmf_2020_2023_congo_cameroon_01_006144_005376,jrc_tmf_2020_2023_congo_cameroon_01_006144_005376.png,jrc_tmf_2020_2023_congo_cameroon_01,train,0.006073719187079824,/private/tmp/JRC_TMF_256_5000_build/A/jrc_tmf_2020_2023_congo_cameroon_01_006144_005376.png,/private/tmp/JRC_TMF_256_5000_build/B/jrc_tmf_2020_2023_congo_cameroon_01_006144_005376.png,/private/tmp/JRC_TMF_256_5000_build/label/jrc_tmf_2020_2023_congo_cameroon_01_006144_005376.png,,,,,,
jrc_tmf_2020_2023_amazon_guyana_01_stable_000768_006912,jrc_tmf_2020_2023_amazon_guyana_01_stable_000768_006912.png,jrc_tmf_2020_2023_amazon_guyana_01_stable,test,0.007956194131136799,/private/tmp/JRC_TMF_256_5000_build/A/jrc_tmf_2020_2023_amazon_guyana_01_stable_000768_006912.png,/private/tmp/JRC_TMF_256_5000_build/B/jrc_tmf_2020_2023_amazon_guyana_01_stable_000768_006912.png,/private/tmp/JRC_TMF_256_5000_build/label/jrc_tmf_2020_2023_amazon_guyana_01_stable_000768_006912.png,,,,,,
jrc_tmf_2020_2023_amazon_brazil_01_000000_004608,jrc_tmf_2020_2023_amazon_brazil_01_000000_004608.png,jrc_tmf_2020_2023_amazon_brazil_01,test,0.3266987082134753,/private/tmp/JRC_TMF_256_5000_build/A/jrc_tmf_2020_2023_amazon_brazil_01_000000_004608.png,/private/tmp/JRC_TMF_256_5000_build/B/jrc_tmf_2020_2023_amazon_brazil_01_000000_004608.png,/private/tmp/JRC_TMF_256_5000_build/label/jrc_tmf_2020_2023_amazon_brazil_01_000000_004608.png,,,,,,
jrc_tmf_2020_2023_se_asia_sumatra_01_006144_000768,jrc_tmf_2020_2023_se_asia_sumatra_01_006144_000768.png,jrc_tmf_2020_2023_se_asia_sumatra_01,train,0.0033316013081884036,/private/tmp/JRC_TMF_256_5000_build/A/jrc_tmf_2020_2023_se_asia_sumatra_01_006144_000768.png,/private/tmp/JRC_TMF_256_5000_build/B/jrc_tmf_2020_2023_se_asia_sumatra_01_006144_000768.png,/private/tmp/JRC_TMF_256_5000_build/label/jrc_tmf_2020_2023_se_asia_sumatra_01_006144_000768.png,,,,,,
jrc_tmf_2020_2023_se_asia_borneo_02_stable_007168_002048,jrc_tmf_2020_2023_se_asia_borneo_02_stable_007168_002048.png,jrc_tmf_2020_2023_se_asia_borneo_02_stable,train,0.0,/private/tmp/JRC_TMF_256_5000_build/A/jrc_tmf_2020_2023_se_asia_borneo_02_stable_007168_002048.png,/private/tmp/JRC_TMF_256_5000_build/B/jrc_tmf_2020_2023_se_asia_borneo_02_stable_007168_002048.png,/private/tmp/JRC_TMF_256_5000_build/label/jrc_tmf_2020_2023_se_asia_borneo_02_stable_007168_002048.png,,,,,,
jrc_tmf_2020_2023_congo_drc_01_005120_001024,jrc_tmf_2020_2023_congo_drc_01_005120_001024.png,jrc_tmf_2020_2023_congo_drc_01,val,0.039292499621702504,/private/tmp/JRC_TMF_256_5000_build/A/jrc_tmf_2020_2023_congo_drc_01_005120_001024.png,/private/tmp/JRC_TMF_256_5000_build/B/jrc_tmf_2020_2023_congo_drc_01_005120_001024.png,/private/tmp/JRC_TMF_256_5000_build/label/jrc_tmf_2020_2023_congo_drc_01_005120_001024.png,,,,,,
jrc_tmf_2020_2023_se_asia_borneo_01_003328_003840,jrc_tmf_2020_2023_se_asia_borneo_01_003328_003840.png,jrc_tmf_2020_2023_se_asia_borneo_01,train,0.004117360998541092,/private/tmp/JRC_TMF_256_5000_build/A/jrc_tmf_2020_2023_se_asia_borneo_01_003328_003840.png,/private/tmp/JRC_TMF_256_5000_build/B/jrc_tmf_2020_2023_se_asia_borneo_01_003328_003840.png,/private/tmp/JRC_TMF_256_5000_build/label/jrc_tmf_2020_2023_se_asia_borneo_01_003328_003840.png,,,,,,
jrc_tmf_2020_2023_amazon_colombia_01_000768_003328,jrc_tmf_2020_2023_amazon_colombia_01_000768_003328.png,jrc_tmf_2020_2023_amazon_colombia_01,train,0.13206979542719616,/private/tmp/JRC_TMF_256_5000_build/A/jrc_tmf_2020_2023_amazon_colombia_01_000768_003328.png,/private/tmp/JRC_TMF_256_5000_build/B/jrc_tmf_2020_2023_amazon_colombia_01_000768_003328.png,/private/tmp/JRC_TMF_256_5000_build/label/jrc_tmf_2020_2023_amazon_colombia_01_000768_003328.png,,,,,,
jrc_tmf_2020_2023_congo_gabon_01_002560_002048,jrc_tmf_2020_2023_congo_gabon_01_002560_002048.png,jrc_tmf_2020_2023_congo_gabon_01,train,0.0,/private/tmp/JRC_TMF_256_5000_build/A/jrc_tmf_2020_2023_congo_gabon_01_002560_002048.png,/private/tmp/JRC_TMF_256_5000_build/B/jrc_tmf_2020_2023_congo_gabon_01_002560_002048.png,/private/tmp/JRC_TMF_256_5000_build/label/jrc_tmf_2020_2023_congo_gabon_01_002560_002048.png,,,,,,
jrc_tmf_2020_2023_congo_drc_01_000768_001792,jrc_tmf_2020_2023_congo_drc_01_000768_001792.png,jrc_tmf_2020_2023_congo_drc_01,val,0.0,/private/tmp/JRC_TMF_256_5000_build/A/jrc_tmf_2020_2023_congo_drc_01_000768_001792.png,/private/tmp/JRC_TMF_256_5000_build/B/jrc_tmf_2020_2023_congo_drc_01_000768_001792.png,/private/tmp/JRC_TMF_256_5000_build/label/jrc_tmf_2020_2023_congo_drc_01_000768_001792.png,,,,,,
jrc_tmf_2020_2023_amazon_peru_02_stable_006912_000256,jrc_tmf_2020_2023_amazon_peru_02_stable_006912_000256.png,jrc_tmf_2020_2023_amazon_peru_02_stable,test,0.016135467705124727,/private/tmp/JRC_TMF_256_5000_build/A/jrc_tmf_2020_2023_amazon_peru_02_stable_006912_000256.png,/private/tmp/JRC_TMF_256_5000_build/B/jrc_tmf_2020_2023_amazon_peru_02_stable_006912_000256.png,/private/tmp/JRC_TMF_256_5000_build/label/jrc_tmf_2020_2023_amazon_peru_02_stable_006912_000256.png,,,,,,
jrc_tmf_2020_2023_congo_drc_01_006912_006656,jrc_tmf_2020_2023_congo_drc_01_006912_006656.png,jrc_tmf_2020_2023_congo_drc_01,train,0.0780440616613618,/private/tmp/JRC_TMF_256_5000_build/A/jrc_tmf_2020_2023_congo_drc_01_006912_006656.png,/private/tmp/JRC_TMF_256_5000_build/B/jrc_tmf_2020_2023_congo_drc_01_006912_006656.png,/private/tmp/JRC_TMF_256_5000_build/label/jrc_tmf_2020_2023_congo_drc_01_006912_006656.png,,,,,,
jrc_tmf_2020_2023_amazon_brazil_01_005120_000768,jrc_tmf_2020_2023_amazon_brazil_01_005120_000768.png,jrc_tmf_2020_2023_amazon_brazil_01,train,0.01756527276586712,/private/tmp/JRC_TMF_256_5000_build/A/jrc_tmf_2020_2023_amazon_brazil_01_005120_000768.png,/private/tmp/JRC_TMF_256_5000_build/B/jrc_tmf_2020_2023_amazon_brazil_01_005120_000768.png,/private/tmp/JRC_TMF_256_5000_build/label/jrc_tmf_2020_2023_amazon_brazil_01_005120_000768.png,,,,,,
jrc_tmf_2020_2023_se_asia_papua_01_stable_002048_000512,jrc_tmf_2020_2023_se_asia_papua_01_stable_002048_000512.png,jrc_tmf_2020_2023_se_asia_papua_01_stable,train,0.0,/private/tmp/JRC_TMF_256_5000_build/A/jrc_tmf_2020_2023_se_asia_papua_01_stable_002048_000512.png,/private/tmp/JRC_TMF_256_5000_build/B/jrc_tmf_2020_2023_se_asia_papua_01_stable_002048_000512.png,/private/tmp/JRC_TMF_256_5000_build/label/jrc_tmf_2020_2023_se_asia_papua_01_stable_002048_000512.png,,,,,,
jrc_tmf_2020_2023_amazon_colombia_02_stable_006912_004096,jrc_tmf_2020_2023_amazon_colombia_02_stable_006912_004096.png,jrc_tmf_2020_2023_amazon_colombia_02_stable,train,0.00212470965302411,/private/tmp/JRC_TMF_256_5000_build/A/jrc_tmf_2020_2023_amazon_colombia_02_stable_006912_004096.png,/private/tmp/JRC_TMF_256_5000_build/B/jrc_tmf_2020_2023_amazon_colombia_02_stable_006912_004096.png,/private/tmp/JRC_TMF_256_5000_build/label/jrc_tmf_2020_2023_amazon_colombia_02_stable_006912_004096.png,,,,,,
jrc_tmf_2020_2023_amazon_guyana_01_stable_005888_005888,jrc_tmf_2020_2023_amazon_guyana_01_stable_005888_005888.png,jrc_tmf_2020_2023_amazon_guyana_01_stable,train,0.0,/private/tmp/JRC_TMF_256_5000_build/A/jrc_tmf_2020_2023_amazon_guyana_01_stable_005888_005888.png,/private/tmp/JRC_TMF_256_5000_build/B/jrc_tmf_2020_2023_amazon_guyana_01_stable_005888_005888.png,/private/tmp/JRC_TMF_256_5000_build/label/jrc_tmf_2020_2023_amazon_guyana_01_stable_005888_005888.png,,,,,,
jrc_tmf_2020_2023_amazon_peru_01_000512_006144,jrc_tmf_2020_2023_amazon_peru_01_000512_006144.png,jrc_tmf_2020_2023_amazon_peru_01,val,0.004244678716409156,/private/tmp/JRC_TMF_256_5000_build/A/jrc_tmf_2020_2023_amazon_peru_01_000512_006144.png,/private/tmp/JRC_TMF_256_5000_build/B/jrc_tmf_2020_2023_amazon_peru_01_000512_006144.png,/private/tmp/JRC_TMF_256_5000_build/label/jrc_tmf_2020_2023_amazon_peru_01_000512_006144.png,,,,,,
jrc_tmf_2020_2023_amazon_bolivia_01_001024_005632,jrc_tmf_2020_2023_amazon_bolivia_01_001024_005632.png,jrc_tmf_2020_2023_amazon_bolivia_01,train,0.056638236614398714,/private/tmp/JRC_TMF_256_5000_build/A/jrc_tmf_2020_2023_amazon_bolivia_01_001024_005632.png,/private/tmp/JRC_TMF_256_5000_build/B/jrc_tmf_2020_2023_amazon_bolivia_01_001024_005632.png,/private/tmp/JRC_TMF_256_5000_build/label/jrc_tmf_2020_2023_amazon_bolivia_01_001024_005632.png,,,,,,
jrc_tmf_2020_2023_amazon_peru_01_006912_000256,jrc_tmf_2020_2023_amazon_peru_01_006912_000256.png,jrc_tmf_2020_2023_amazon_peru_01,train,0.021453651142287047,/private/tmp/JRC_TMF_256_5000_build/A/jrc_tmf_2020_2023_amazon_peru_01_006912_000256.png,/private/tmp/JRC_TMF_256_5000_build/B/jrc_tmf_2020_2023_amazon_peru_01_006912_000256.png,/private/tmp/JRC_TMF_256_5000_build/label/jrc_tmf_2020_2023_amazon_peru_01_006912_000256.png,,,,,,
jrc_tmf_2020_2023_se_asia_sumatra_01_005120_000512,jrc_tmf_2020_2023_se_asia_sumatra_01_005120_000512.png,jrc_tmf_2020_2023_se_asia_sumatra_01,train,0.021214842371957282,/private/tmp/JRC_TMF_256_5000_build/A/jrc_tmf_2020_2023_se_asia_sumatra_01_005120_000512.png,/private/tmp/JRC_TMF_256_5000_build/B/jrc_tmf_2020_2023_se_asia_sumatra_01_005120_000512.png,/private/tmp/JRC_TMF_256_5000_build/label/jrc_tmf_2020_2023_se_asia_sumatra_01_005120_000512.png,,,,,,
jrc_tmf_2020_2023_amazon_brazil_01_005376_000512,jrc_tmf_2020_2023_amazon_brazil_01_005376_000512.png,jrc_tmf_2020_2023_amazon_brazil_01,train,0.0,/private/tmp/JRC_TMF_256_5000_build/A/jrc_tmf_2020_2023_amazon_brazil_01_005376_000512.png,/private/tmp/JRC_TMF_256_5000_build/B/jrc_tmf_2020_2023_amazon_brazil_01_005376_000512.png,/private/tmp/JRC_TMF_256_5000_build/label/jrc_tmf_2020_2023_amazon_brazil_01_005376_000512.png,,,,,,
jrc_tmf_2020_2023_congo_drc_02_stable_003328_005376,jrc_tmf_2020_2023_congo_drc_02_stable_003328_005376.png,jrc_tmf_2020_2023_congo_drc_02_stable,train,0.0035537368080982125,/private/tmp/JRC_TMF_256_5000_build/A/jrc_tmf_2020_2023_congo_drc_02_stable_003328_005376.png,/private/tmp/JRC_TMF_256_5000_build/B/jrc_tmf_2020_2023_congo_drc_02_stable_003328_005376.png,/private/tmp/JRC_TMF_256_5000_build/label/jrc_tmf_2020_2023_congo_drc_02_stable_003328_005376.png,,,,,,
jrc_tmf_2020_2023_congo_gabon_01_005120_003328,jrc_tmf_2020_2023_congo_gabon_01_005120_003328.png,jrc_tmf_2020_2023_congo_gabon_01,train,0.012213577095339274,/private/tmp/JRC_TMF_256_5000_build/A/jrc_tmf_2020_2023_congo_gabon_01_005120_003328.png,/private/tmp/JRC_TMF_256_5000_build/B/jrc_tmf_2020_2023_congo_gabon_01_005120_003328.png,/private/tmp/JRC_TMF_256_5000_build/label/jrc_tmf_2020_2023_congo_gabon_01_005120_003328.png,,,,,,
jrc_tmf_2020_2023_congo_gabon_02_stable_005376_001024,jrc_tmf_2020_2023_congo_gabon_02_stable_005376_001024.png,jrc_tmf_2020_2023_congo_gabon_02_stable,val,0.0,/private/tmp/JRC_TMF_256_5000_build/A/jrc_tmf_2020_2023_congo_gabon_02_stable_005376_001024.png,/private/tmp/JRC_TMF_256_5000_build/B/jrc_tmf_2020_2023_congo_gabon_02_stable_005376_001024.png,/private/tmp/JRC_TMF_256_5000_build/label/jrc_tmf_2020_2023_congo_gabon_02_stable_005376_001024.png,,,,,,
jrc_tmf_2020_2023_se_asia_papua_01_stable_006656_004608,jrc_tmf_2020_2023_se_asia_papua_01_stable_006656_004608.png,jrc_tmf_2020_2023_se_asia_papua_01_stable,train,0.02037981303523567,/private/tmp/JRC_TMF_256_5000_build/A/jrc_tmf_2020_2023_se_asia_papua_01_stable_006656_004608.png,/private/tmp/JRC_TMF_256_5000_build/B/jrc_tmf_2020_2023_se_asia_papua_01_stable_006656_004608.png,/private/tmp/JRC_TMF_256_5000_build/label/jrc_tmf_2020_2023_se_asia_papua_01_stable_006656_004608.png,,,,,,
jrc_tmf_2020_2023_se_asia_papua_01_stable_004096_002560,jrc_tmf_2020_2023_se_asia_papua_01_stable_004096_002560.png,jrc_tmf_2020_2023_se_asia_papua_01_stable,train,0.004345859316940774,/private/tmp/JRC_TMF_256_5000_build/A/jrc_tmf_2020_2023_se_asia_papua_01_stable_004096_002560.png,/private/tmp/JRC_TMF_256_5000_build/B/jrc_tmf_2020_2023_se_asia_papua_01_stable_004096_002560.png,/private/tmp/JRC_TMF_256_5000_build/label/jrc_tmf_2020_2023_se_asia_papua_01_stable_004096_002560.png,,,,,,
jrc_tmf_2020_2023_amazon_peru_02_stable_005376_001536,jrc_tmf_2020_2023_amazon_peru_02_stable_005376_001536.png,jrc_tmf_2020_2023_amazon_peru_02_stable,train,0.052894766085120566,/private/tmp/JRC_TMF_256_5000_build/A/jrc_tmf_2020_2023_amazon_peru_02_stable_005376_001536.png,/private/tmp/JRC_TMF_256_5000_build/B/jrc_tmf_2020_2023_amazon_peru_02_stable_005376_001536.png,/private/tmp/JRC_TMF_256_5000_build/label/jrc_tmf_2020_2023_amazon_peru_02_stable_005376_001536.png,,,,,,
jrc_tmf_2020_2023_congo_gabon_01_001536_002560,jrc_tmf_2020_2023_congo_gabon_01_001536_002560.png,jrc_tmf_2020_2023_congo_gabon_01,train,0.0025030143007585353,/private/tmp/JRC_TMF_256_5000_build/A/jrc_tmf_2020_2023_congo_gabon_01_001536_002560.png,/private/tmp/JRC_TMF_256_5000_build/B/jrc_tmf_2020_2023_congo_gabon_01_001536_002560.png,/private/tmp/JRC_TMF_256_5000_build/label/jrc_tmf_2020_2023_congo_gabon_01_001536_002560.png,,,,,,
jrc_tmf_2020_2023_amazon_colombia_02_stable_003328_002304,jrc_tmf_2020_2023_amazon_colombia_02_stable_003328_002304.png,jrc_tmf_2020_2023_amazon_colombia_02_stable,train,0.0,/private/tmp/JRC_TMF_256_5000_build/A/jrc_tmf_2020_2023_amazon_colombia_02_stable_003328_002304.png,/private/tmp/JRC_TMF_256_5000_build/B/jrc_tmf_2020_2023_amazon_colombia_02_stable_003328_002304.png,/private/tmp/JRC_TMF_256_5000_build/label/jrc_tmf_2020_2023_amazon_colombia_02_stable_003328_002304.png,,,,,,
jrc_tmf_2020_2023_congo_drc_01_005120_002560,jrc_tmf_2020_2023_congo_drc_01_005120_002560.png,jrc_tmf_2020_2023_congo_drc_01,train,0.007251665398531033,/private/tmp/JRC_TMF_256_5000_build/A/jrc_tmf_2020_2023_congo_drc_01_005120_002560.png,/private/tmp/JRC_TMF_256_5000_build/B/jrc_tmf_2020_2023_congo_drc_01_005120_002560.png,/private/tmp/JRC_TMF_256_5000_build/label/jrc_tmf_2020_2023_congo_drc_01_005120_002560.png,,,,,,
jrc_tmf_2020_2023_congo_cameroon_01_000000_000000,jrc_tmf_2020_2023_congo_cameroon_01_000000_000000.png,jrc_tmf_2020_2023_congo_cameroon_01,train,0.05143680596761888,/private/tmp/JRC_TMF_256_5000_build/A/jrc_tmf_2020_2023_congo_cameroon_01_000000_000000.png,/private/tmp/JRC_TMF_256_5000_build/B/jrc_tmf_2020_2023_congo_cameroon_01_000000_000000.png,/private/tmp/JRC_TMF_256_5000_build/label/jrc_tmf_2020_2023_congo_cameroon_01_000000_000000.png,,,,,,
jrc_tmf_2020_2023_congo_cameroon_01_003072_000000,jrc_tmf_2020_2023_congo_cameroon_01_003072_000000.png,jrc_tmf_2020_2023_congo_cameroon_01,train,0.0,/private/tmp/JRC_TMF_256_5000_build/A/jrc_tmf_2020_2023_congo_cameroon_01_003072_000000.png,/private/tmp/JRC_TMF_256_5000_build/B/jrc_tmf_2020_2023_congo_cameroon_01_003072_000000.png,/private/tmp/JRC_TMF_256_5000_build/label/jrc_tmf_2020_2023_congo_cameroon_01_003072_000000.png,,,,,,
jrc_tmf_2020_2023_se_asia_borneo_01_006656_003840,jrc_tmf_2020_2023_se_asia_borneo_01_006656_003840.png,jrc_tmf_2020_2023_se_asia_borneo_01,test,0.1502832127783095,/private/tmp/JRC_TMF_256_5000_build/A/jrc_tmf_2020_2023_se_asia_borneo_01_006656_003840.png,/private/tmp/JRC_TMF_256_5000_build/B/jrc_tmf_2020_2023_se_asia_borneo_01_006656_003840.png,/private/tmp/JRC_TMF_256_5000_build/label/jrc_tmf_2020_2023_se_asia_borneo_01_006656_003840.png,,,,,,
jrc_tmf_2020_2023_se_asia_borneo_02_stable_004096_005632,jrc_tmf_2020_2023_se_asia_borneo_02_stable_004096_005632.png,jrc_tmf_2020_2023_se_asia_borneo_02_stable,train,0.012122608896059,/private/tmp/JRC_TMF_256_5000_build/A/jrc_tmf_2020_2023_se_asia_borneo_02_stable_004096_005632.png,/private/tmp/JRC_TMF_256_5000_build/B/jrc_tmf_2020_2023_se_asia_borneo_02_stable_004096_005632.png,/private/tmp/JRC_TMF_256_5000_build/label/jrc_tmf_2020_2023_se_asia_borneo_02_stable_004096_005632.png,,,,,,
jrc_tmf_2020_2023_congo_gabon_02_stable_007168_001280,jrc_tmf_2020_2023_congo_gabon_02_stable_007168_001280.png,jrc_tmf_2020_2023_congo_gabon_02_stable,val,0.006004308435060272,/private/tmp/JRC_TMF_256_5000_build/A/jrc_tmf_2020_2023_congo_gabon_02_stable_007168_001280.png,/private/tmp/JRC_TMF_256_5000_build/B/jrc_tmf_2020_2023_congo_gabon_02_stable_007168_001280.png,/private/tmp/JRC_TMF_256_5000_build/label/jrc_tmf_2020_2023_congo_gabon_02_stable_007168_001280.png,,,,,,
jrc_tmf_2020_2023_se_asia_sumatra_02_stable_000256_005120,jrc_tmf_2020_2023_se_asia_sumatra_02_stable_000256_005120.png,jrc_tmf_2020_2023_se_asia_sumatra_02_stable,train,0.04407594845841858,/private/tmp/JRC_TMF_256_5000_build/A/jrc_tmf_2020_2023_se_asia_sumatra_02_stable_000256_005120.png,/private/tmp/JRC_TMF_256_5000_build/B/jrc_tmf_2020_2023_se_asia_sumatra_02_stable_000256_005120.png,/private/tmp/JRC_TMF_256_5000_build/label/jrc_tmf_2020_2023_se_asia_sumatra_02_stable_000256_005120.png,,,,,,
jrc_tmf_2020_2023_se_asia_sumatra_02_stable_007168_002048,jrc_tmf_2020_2023_se_asia_sumatra_02_stable_007168_002048.png,jrc_tmf_2020_2023_se_asia_sumatra_02_stable,train,0.07097052067381317,/private/tmp/JRC_TMF_256_5000_build/A/jrc_tmf_2020_2023_se_asia_sumatra_02_stable_007168_002048.png,/private/tmp/JRC_TMF_256_5000_build/B/jrc_tmf_2020_2023_se_asia_sumatra_02_stable_007168_002048.png,/private/tmp/JRC_TMF_256_5000_build/label/jrc_tmf_2020_2023_se_asia_sumatra_02_stable_007168_002048.png,,,,,,
jrc_tmf_2020_2023_congo_drc_02_stable_002304_000768,jrc_tmf_2020_2023_congo_drc_02_stable_002304_000768.png,jrc_tmf_2020_2023_congo_drc_02_stable,train,0.013471550618733489,/private/tmp/JRC_TMF_256_5000_build/A/jrc_tmf_2020_2023_congo_drc_02_stable_002304_000768.png,/private/tmp/JRC_TMF_256_5000_build/B/jrc_tmf_2020_2023_congo_drc_02_stable_002304_000768.png,/private/tmp/JRC_TMF_256_5000_build/label/jrc_tmf_2020_2023_congo_drc_02_stable_002304_000768.png,,,,,,
jrc_tmf_2020_2023_congo_cameroon_01_001024_006912,jrc_tmf_2020_2023_congo_cameroon_01_001024_006912.png,jrc_tmf_2020_2023_congo_cameroon_01,train,0.010823436021127836,/private/tmp/JRC_TMF_256_5000_build/A/jrc_tmf_2020_2023_congo_cameroon_01_001024_006912.png,/private/tmp/JRC_TMF_256_5000_build/B/jrc_tmf_2020_2023_congo_cameroon_01_001024_006912.png,/private/tmp/JRC_TMF_256_5000_build/label/jrc_tmf_2020_2023_congo_cameroon_01_001024_006912.png,,,,,,
jrc_tmf_2020_2023_congo_drc_02_stable_006144_006656,jrc_tmf_2020_2023_congo_drc_02_stable_006144_006656.png,jrc_tmf_2020_2023_congo_drc_02_stable,train,0.0,/private/tmp/JRC_TMF_256_5000_build/A/jrc_tmf_2020_2023_congo_drc_02_stable_006144_006656.png,/private/tmp/JRC_TMF_256_5000_build/B/jrc_tmf_2020_2023_congo_drc_02_stable_006144_006656.png,/private/tmp/JRC_TMF_256_5000_build/label/jrc_tmf_2020_2023_congo_drc_02_stable_006144_006656.png,,,,,,
jrc_tmf_2020_2023_amazon_peru_01_006912_004096,jrc_tmf_2020_2023_amazon_peru_01_006912_004096.png,jrc_tmf_2020_2023_amazon_peru_01,train,0.0,/private/tmp/JRC_TMF_256_5000_build/A/jrc_tmf_2020_2023_amazon_peru_01_006912_004096.png,/private/tmp/JRC_TMF_256_5000_build/B/jrc_tmf_2020_2023_amazon_peru_01_006912_004096.png,/private/tmp/JRC_TMF_256_5000_build/label/jrc_tmf_2020_2023_amazon_peru_01_006912_004096.png,,,,,,
jrc_tmf_2020_2023_amazon_colombia_01_006912_006144,jrc_tmf_2020_2023_amazon_colombia_01_006912_006144.png,jrc_tmf_2020_2023_amazon_colombia_01,train,0.0,/private/tmp/JRC_TMF_256_5000_build/A/jrc_tmf_2020_2023_amazon_colombia_01_006912_006144.png,/private/tmp/JRC_TMF_256_5000_build/B/jrc_tmf_2020_2023_amazon_colombia_01_006912_006144.png,/private/tmp/JRC_TMF_256_5000_build/label/jrc_tmf_2020_2023_amazon_colombia_01_006912_006144.png,,,,,,
jrc_tmf_2020_2023_amazon_peru_01_005632_000512,jrc_tmf_2020_2023_amazon_peru_01_005632_000512.png,jrc_tmf_2020_2023_amazon_peru_01,test,0.0693285058164873,/private/tmp/JRC_TMF_256_5000_build/A/jrc_tmf_2020_2023_amazon_peru_01_005632_000512.png,/private/tmp/JRC_TMF_256_5000_build/B/jrc_tmf_2020_2023_amazon_peru_01_005632_000512.png,/private/tmp/JRC_TMF_256_5000_build/label/jrc_tmf_2020_2023_amazon_peru_01_005632_000512.png,,,,,,
jrc_tmf_2020_2023_congo_roc_01_stable_006400_002304,jrc_tmf_2020_2023_congo_roc_01_stable_006400_002304.png,jrc_tmf_2020_2023_congo_roc_01_stable,test,0.01619090601376509,/private/tmp/JRC_TMF_256_5000_build/A/jrc_tmf_2020_2023_congo_roc_01_stable_006400_002304.png,/private/tmp/JRC_TMF_256_5000_build/B/jrc_tmf_2020_2023_congo_roc_01_stable_006400_002304.png,/private/tmp/JRC_TMF_256_5000_build/label/jrc_tmf_2020_2023_congo_roc_01_stable_006400_002304.png,,,,,,
jrc_tmf_2020_2023_congo_gabon_02_stable_005376_002560,jrc_tmf_2020_2023_congo_gabon_02_stable_005376_002560.png,jrc_tmf_2020_2023_congo_gabon_02_stable,val,0.029919250696248813,/private/tmp/JRC_TMF_256_5000_build/A/jrc_tmf_2020_2023_congo_gabon_02_stable_005376_002560.png,/private/tmp/JRC_TMF_256_5000_build/B/jrc_tmf_2020_2023_congo_gabon_02_stable_005376_002560.png,/private/tmp/JRC_TMF_256_5000_build/label/jrc_tmf_2020_2023_congo_gabon_02_stable_005376_002560.png,,,,,,
jrc_tmf_2020_2023_amazon_colombia_01_000256_004096,jrc_tmf_2020_2023_amazon_colombia_01_000256_004096.png,jrc_tmf_2020_2023_amazon_colombia_01,train,0.41201343116527794,/private/tmp/JRC_TMF_256_5000_build/A/jrc_tmf_2020_2023_amazon_colombia_01_000256_004096.png,/private/tmp/JRC_TMF_256_5000_build/B/jrc_tmf_2020_2023_amazon_colombia_01_000256_004096.png,/private/tmp/JRC_TMF_256_5000_build/label/jrc_tmf_2020_2023_amazon_colombia_01_000256_004096.png,,,,,,
jrc_tmf_2020_2023_se_asia_borneo_02_stable_007168_001536,jrc_tmf_2020_2023_se_asia_borneo_02_stable_007168_001536.png,jrc_tmf_2020_2023_se_asia_borneo_02_stable,train,0.0050828255611010745,/private/tmp/JRC_TMF_256_5000_build/A/jrc_tmf_2020_2023_se_asia_borneo_02_stable_007168_001536.png,/private/tmp/JRC_TMF_256_5000_build/B/jrc_tmf_2020_2023_se_asia_borneo_02_stable_007168_001536.png,/private/tmp/JRC_TMF_256_5000_build/label/jrc_tmf_2020_2023_se_asia_borneo_02_stable_007168_001536.png,,,,,,
jrc_tmf_2020_2023_amazon_bolivia_01_000512_003840,jrc_tmf_2020_2023_amazon_bolivia_01_000512_003840.png,jrc_tmf_2020_2023_amazon_bolivia_01,val,0.011848303393213572,/private/tmp/JRC_TMF_256_5000_build/A/jrc_tmf_2020_2023_amazon_bolivia_01_000512_003840.png,/private/tmp/JRC_TMF_256_5000_build/B/jrc_tmf_2020_2023_amazon_bolivia_01_000512_003840.png,/private/tmp/JRC_TMF_256_5000_build/label/jrc_tmf_2020_2023_amazon_bolivia_01_000512_003840.png,,,,,,
jrc_tmf_2020_2023_amazon_guyana_01_stable_004608_006400,jrc_tmf_2020_2023_amazon_guyana_01_stable_004608_006400.png,jrc_tmf_2020_2023_amazon_guyana_01_stable,train,0.015673536321922452,/private/tmp/JRC_TMF_256_5000_build/A/jrc_tmf_2020_2023_amazon_guyana_01_stable_004608_006400.png,/private/tmp/JRC_TMF_256_5000_build/B/jrc_tmf_2020_2023_amazon_guyana_01_stable_004608_006400.png,/private/tmp/JRC_TMF_256_5000_build/label/jrc_tmf_2020_2023_amazon_guyana_01_stable_004608_006400.png,,,,,,
jrc_tmf_2020_2023_amazon_brazil_02_stable_004608_002304,jrc_tmf_2020_2023_amazon_brazil_02_stable_004608_002304.png,jrc_tmf_2020_2023_amazon_brazil_02_stable,test,0.015764068188014176,/private/tmp/JRC_TMF_256_5000_build/A/jrc_tmf_2020_2023_amazon_brazil_02_stable_004608_002304.png,/private/tmp/JRC_TMF_256_5000_build/B/jrc_tmf_2020_2023_amazon_brazil_02_stable_004608_002304.png,/private/tmp/JRC_TMF_256_5000_build/label/jrc_tmf_2020_2023_amazon_brazil_02_stable_004608_002304.png,,,,,,
jrc_tmf_2020_2023_amazon_bolivia_01_001536_005120,jrc_tmf_2020_2023_amazon_bolivia_01_001536_005120.png,jrc_tmf_2020_2023_amazon_bolivia_01,train,0.16231003976449554,/private/tmp/JRC_TMF_256_5000_build/A/jrc_tmf_2020_2023_amazon_bolivia_01_001536_005120.png,/private/tmp/JRC_TMF_256_5000_build/B/jrc_tmf_2020_2023_amazon_bolivia_01_001536_005120.png,/private/tmp/JRC_TMF_256_5000_build/label/jrc_tmf_2020_2023_amazon_bolivia_01_001536_005120.png,,,,,,
jrc_tmf_2020_2023_se_asia_borneo_01_002816_006400,jrc_tmf_2020_2023_se_asia_borneo_01_002816_006400.png,jrc_tmf_2020_2023_se_asia_borneo_01,train,0.05807407407407408,/private/tmp/JRC_TMF_256_5000_build/A/jrc_tmf_2020_2023_se_asia_borneo_01_002816_006400.png,/private/tmp/JRC_TMF_256_5000_build/B/jrc_tmf_2020_2023_se_asia_borneo_01_002816_006400.png,/private/tmp/JRC_TMF_256_5000_build/label/jrc_tmf_2020_2023_se_asia_borneo_01_002816_006400.png,,,,,,
jrc_tmf_2020_2023_se_asia_borneo_01_001536_002048,jrc_tmf_2020_2023_se_asia_borneo_01_001536_002048.png,jrc_tmf_2020_2023_se_asia_borneo_01,train,0.0,/private/tmp/JRC_TMF_256_5000_build/A/jrc_tmf_2020_2023_se_asia_borneo_01_001536_002048.png,/private/tmp/JRC_TMF_256_5000_build/B/jrc_tmf_2020_2023_se_asia_borneo_01_001536_002048.png,/private/tmp/JRC_TMF_256_5000_build/label/jrc_tmf_2020_2023_se_asia_borneo_01_001536_002048.png,,,,,,
jrc_tmf_2020_2023_amazon_brazil_02_stable_005632_005120,jrc_tmf_2020_2023_amazon_brazil_02_stable_005632_005120.png,jrc_tmf_2020_2023_amazon_brazil_02_stable,train,0.1777935034001864,/private/tmp/JRC_TMF_256_5000_build/A/jrc_tmf_2020_2023_amazon_brazil_02_stable_005632_005120.png,/private/tmp/JRC_TMF_256_5000_build/B/jrc_tmf_2020_2023_amazon_brazil_02_stable_005632_005120.png,/private/tmp/JRC_TMF_256_5000_build/label/jrc_tmf_2020_2023_amazon_brazil_02_stable_005632_005120.png,,,,,,
jrc_tmf_2020_2023_se_asia_sumatra_01_005888_005888,jrc_tmf_2020_2023_se_asia_sumatra_01_005888_005888.png,jrc_tmf_2020_2023_se_asia_sumatra_01,train,0.0,/private/tmp/JRC_TMF_256_5000_build/A/jrc_tmf_2020_2023_se_asia_sumatra_01_005888_005888.png,/private/tmp/JRC_TMF_256_5000_build/B/jrc_tmf_2020_2023_se_asia_sumatra_01_005888_005888.png,/private/tmp/JRC_TMF_256_5000_build/label/jrc_tmf_2020_2023_se_asia_sumatra_01_005888_005888.png,,,,,,
jrc_tmf_2020_2023_se_asia_borneo_02_stable_003840_006144,jrc_tmf_2020_2023_se_asia_borneo_02_stable_003840_006144.png,jrc_tmf_2020_2023_se_asia_borneo_02_stable,train,0.08992929009749867,/private/tmp/JRC_TMF_256_5000_build/A/jrc_tmf_2020_2023_se_asia_borneo_02_stable_003840_006144.png,/private/tmp/JRC_TMF_256_5000_build/B/jrc_tmf_2020_2023_se_asia_borneo_02_stable_003840_006144.png,/private/tmp/JRC_TMF_256_5000_build/label/jrc_tmf_2020_2023_se_asia_borneo_02_stable_003840_006144.png,,,,,,
jrc_tmf_2020_2023_congo_roc_01_stable_000512_004864,jrc_tmf_2020_2023_congo_roc_01_stable_000512_004864.png,jrc_tmf_2020_2023_congo_roc_01_stable,test,0.0,/private/tmp/JRC_TMF_256_5000_build/A/jrc_tmf_2020_2023_congo_roc_01_stable_000512_004864.png,/private/tmp/JRC_TMF_256_5000_build/B/jrc_tmf_2020_2023_congo_roc_01_stable_000512_004864.png,/private/tmp/JRC_TMF_256_5000_build/label/jrc_tmf_2020_2023_congo_roc_01_stable_000512_004864.png,,,,,,
jrc_tmf_2020_2023_amazon_peru_02_stable_002304_000000,jrc_tmf_2020_2023_amazon_peru_02_stable_002304_000000.png,jrc_tmf_2020_2023_amazon_peru_02_stable,train,0.0,/private/tmp/JRC_TMF_256_5000_build/A/jrc_tmf_2020_2023_amazon_peru_02_stable_002304_000000.png,/private/tmp/JRC_TMF_256_5000_build/B/jrc_tmf_2020_2023_amazon_peru_02_stable_002304_000000.png,/private/tmp/JRC_TMF_256_5000_build/label/jrc_tmf_2020_2023_amazon_peru_02_stable_002304_000000.png,,,,,,
jrc_tmf_2020_2023_amazon_brazil_02_stable_005120_006400,jrc_tmf_2020_2023_amazon_brazil_02_stable_005120_006400.png,jrc_tmf_2020_2023_amazon_brazil_02_stable,train,0.12492092072606939,/private/tmp/JRC_TMF_256_5000_build/A/jrc_tmf_2020_2023_amazon_brazil_02_stable_005120_006400.png,/private/tmp/JRC_TMF_256_5000_build/B/jrc_tmf_2020_2023_amazon_brazil_02_stable_005120_006400.png,/private/tmp/JRC_TMF_256_5000_build/label/jrc_tmf_2020_2023_amazon_brazil_02_stable_005120_006400.png,,,,,,
jrc_tmf_2020_2023_amazon_bolivia_01_000768_006912,jrc_tmf_2020_2023_amazon_bolivia_01_000768_006912.png,jrc_tmf_2020_2023_amazon_bolivia_01,test,0.0041168435038080806,/private/tmp/JRC_TMF_256_5000_build/A/jrc_tmf_2020_2023_amazon_bolivia_01_000768_006912.png,/private/tmp/JRC_TMF_256_5000_build/B/jrc_tmf_2020_2023_amazon_bolivia_01_000768_006912.png,/private/tmp/JRC_TMF_256_5000_build/label/jrc_tmf_2020_2023_amazon_bolivia_01_000768_006912.png,,,,,,
jrc_tmf_2020_2023_amazon_brazil_01_002816_005376,jrc_tmf_2020_2023_amazon_brazil_01_002816_005376.png,jrc_tmf_2020_2023_amazon_brazil_01,train,0.004050944169477633,/private/tmp/JRC_TMF_256_5000_build/A/jrc_tmf_2020_2023_amazon_brazil_01_002816_005376.png,/private/tmp/JRC_TMF_256_5000_build/B/jrc_tmf_2020_2023_amazon_brazil_01_002816_005376.png,/private/tmp/JRC_TMF_256_5000_build/label/jrc_tmf_2020_2023_amazon_brazil_01_002816_005376.png,,,,,,
jrc_tmf_2020_2023_amazon_brazil_02_stable_002560_002816,jrc_tmf_2020_2023_amazon_brazil_02_stable_002560_002816.png,jrc_tmf_2020_2023_amazon_brazil_02_stable,train,0.008369513181570563,/private/tmp/JRC_TMF_256_5000_build/A/jrc_tmf_2020_2023_amazon_brazil_02_stable_002560_002816.png,/private/tmp/JRC_TMF_256_5000_build/B/jrc_tmf_2020_2023_amazon_brazil_02_stable_002560_002816.png,/private/tmp/JRC_TMF_256_5000_build/label/jrc_tmf_2020_2023_amazon_brazil_02_stable_002560_002816.png,,,,,,
jrc_tmf_2020_2023_se_asia_sumatra_01_002560_000512,jrc_tmf_2020_2023_se_asia_sumatra_01_002560_000512.png,jrc_tmf_2020_2023_se_asia_sumatra_01,train,0.0626524950700224,/private/tmp/JRC_TMF_256_5000_build/A/jrc_tmf_2020_2023_se_asia_sumatra_01_002560_000512.png,/private/tmp/JRC_TMF_256_5000_build/B/jrc_tmf_2020_2023_se_asia_sumatra_01_002560_000512.png,/private/tmp/JRC_TMF_256_5000_build/label/jrc_tmf_2020_2023_se_asia_sumatra_01_002560_000512.png,,,,,,
jrc_tmf_2020_2023_se_asia_borneo_01_002560_003328,jrc_tmf_2020_2023_se_asia_borneo_01_002560_003328.png,jrc_tmf_2020_2023_se_asia_borneo_01,train,0.011248524972031937,/private/tmp/JRC_TMF_256_5000_build/A/jrc_tmf_2020_2023_se_asia_borneo_01_002560_003328.png,/private/tmp/JRC_TMF_256_5000_build/B/jrc_tmf_2020_2023_se_asia_borneo_01_002560_003328.png,/private/tmp/JRC_TMF_256_5000_build/label/jrc_tmf_2020_2023_se_asia_borneo_01_002560_003328.png,,,,,,
jrc_tmf_2020_2023_amazon_brazil_01_000512_006400,jrc_tmf_2020_2023_amazon_brazil_01_000512_006400.png,jrc_tmf_2020_2023_amazon_brazil_01,test,0.09343117649052639,/private/tmp/JRC_TMF_256_5000_build/A/jrc_tmf_2020_2023_amazon_brazil_01_000512_006400.png,/private/tmp/JRC_TMF_256_5000_build/B/jrc_tmf_2020_2023_amazon_brazil_01_000512_006400.png,/private/tmp/JRC_TMF_256_5000_build/label/jrc_tmf_2020_2023_amazon_brazil_01_000512_006400.png,,,,,,
jrc_tmf_2020_2023_amazon_peru_02_stable_006144_000512,jrc_tmf_2020_2023_amazon_peru_02_stable_006144_000512.png,jrc_tmf_2020_2023_amazon_peru_02_stable,test,0.0034168950235122972,/private/tmp/JRC_TMF_256_5000_build/A/jrc_tmf_2020_2023_amazon_peru_02_stable_006144_000512.png,/private/tmp/JRC_TMF_256_5000_build/B/jrc_tmf_2020_2023_amazon_peru_02_stable_006144_000512.png,/private/tmp/JRC_TMF_256_5000_build/label/jrc_tmf_2020_2023_amazon_peru_02_stable_006144_000512.png,,,,,,
jrc_tmf_2020_2023_amazon_colombia_01_006912_002560,jrc_tmf_2020_2023_amazon_colombia_01_006912_002560.png,jrc_tmf_2020_2023_amazon_colombia_01,test,0.002883017884483826,/private/tmp/JRC_TMF_256_5000_build/A/jrc_tmf_2020_2023_amazon_colombia_01_006912_002560.png,/private/tmp/JRC_TMF_256_5000_build/B/jrc_tmf_2020_2023_amazon_colombia_01_006912_002560.png,/private/tmp/JRC_TMF_256_5000_build/label/jrc_tmf_2020_2023_amazon_colombia_01_006912_002560.png,,,,,,
jrc_tmf_2020_2023_congo_roc_01_stable_006144_005376,jrc_tmf_2020_2023_congo_roc_01_stable_006144_005376.png,jrc_tmf_2020_2023_congo_roc_01_stable,train,0.002007515313738611,/private/tmp/JRC_TMF_256_5000_build/A/jrc_tmf_2020_2023_congo_roc_01_stable_006144_005376.png,/private/tmp/JRC_TMF_256_5000_build/B/jrc_tmf_2020_2023_congo_roc_01_stable_006144_005376.png,/private/tmp/JRC_TMF_256_5000_build/label/jrc_tmf_2020_2023_congo_roc_01_stable_006144_005376.png,,,,,,
jrc_tmf_2020_2023_amazon_colombia_01_000256_005120,jrc_tmf_2020_2023_amazon_colombia_01_000256_005120.png,jrc_tmf_2020_2023_amazon_colombia_01,train,0.01602369137185849,/private/tmp/JRC_TMF_256_5000_build/A/jrc_tmf_2020_2023_amazon_colombia_01_000256_005120.png,/private/tmp/JRC_TMF_256_5000_build/B/jrc_tmf_2020_2023_amazon_colombia_01_000256_005120.png,/private/tmp/JRC_TMF_256_5000_build/label/jrc_tmf_2020_2023_amazon_colombia_01_000256_005120.png,,,,,,
jrc_tmf_2020_2023_se_asia_sumatra_01_005120_001024,jrc_tmf_2020_2023_se_asia_sumatra_01_005120_001024.png,jrc_tmf_2020_2023_se_asia_sumatra_01,val,0.17825896379416148,/private/tmp/JRC_TMF_256_5000_build/A/jrc_tmf_2020_2023_se_asia_sumatra_01_005120_001024.png,/private/tmp/JRC_TMF_256_5000_build/B/jrc_tmf_2020_2023_se_asia_sumatra_01_005120_001024.png,/private/tmp/JRC_TMF_256_5000_build/label/jrc_tmf_2020_2023_se_asia_sumatra_01_005120_001024.png,,,,,,
jrc_tmf_2020_2023_se_asia_sumatra_02_stable_004096_000768,jrc_tmf_2020_2023_se_asia_sumatra_02_stable_004096_000768.png,jrc_tmf_2020_2023_se_asia_sumatra_02_stable,train,0.004752066115702479,/private/tmp/JRC_TMF_256_5000_build/A/jrc_tmf_2020_2023_se_asia_sumatra_02_stable_004096_000768.png,/private/tmp/JRC_TMF_256_5000_build/B/jrc_tmf_2020_2023_se_asia_sumatra_02_stable_004096_000768.png,/private/tmp/JRC_TMF_256_5000_build/label/jrc_tmf_2020_2023_se_asia_sumatra_02_stable_004096_000768.png,,,,,,
jrc_tmf_2020_2023_congo_cameroon_01_005376_005376,jrc_tmf_2020_2023_congo_cameroon_01_005376_005376.png,jrc_tmf_2020_2023_congo_cameroon_01,train,0.003906428822120153,/private/tmp/JRC_TMF_256_5000_build/A/jrc_tmf_2020_2023_congo_cameroon_01_005376_005376.png,/private/tmp/JRC_TMF_256_5000_build/B/jrc_tmf_2020_2023_congo_cameroon_01_005376_005376.png,/private/tmp/JRC_TMF_256_5000_build/label/jrc_tmf_2020_2023_congo_cameroon_01_005376_005376.png,,,,,,
jrc_tmf_2020_2023_amazon_guyana_01_stable_003072_005376,jrc_tmf_2020_2023_amazon_guyana_01_stable_003072_005376.png,jrc_tmf_2020_2023_amazon_guyana_01_stable,val,0.00545411801582948,/private/tmp/JRC_TMF_256_5000_build/A/jrc_tmf_2020_2023_amazon_guyana_01_stable_003072_005376.png,/private/tmp/JRC_TMF_256_5000_build/B/jrc_tmf_2020_2023_amazon_guyana_01_stable_003072_005376.png,/private/tmp/JRC_TMF_256_5000_build/label/jrc_tmf_2020_2023_amazon_guyana_01_stable_003072_005376.png,,,,,,
jrc_tmf_2020_2023_amazon_brazil_01_001024_006912,jrc_tmf_2020_2023_amazon_brazil_01_001024_006912.png,jrc_tmf_2020_2023_amazon_brazil_01,train,0.160314454399338,/private/tmp/JRC_TMF_256_5000_build/A/jrc_tmf_2020_2023_amazon_brazil_01_001024_006912.png,/private/tmp/JRC_TMF_256_5000_build/B/jrc_tmf_2020_2023_amazon_brazil_01_001024_006912.png,/private/tmp/JRC_TMF_256_5000_build/label/jrc_tmf_2020_2023_amazon_brazil_01_001024_006912.png,,,,,,
jrc_tmf_2020_2023_se_asia_sumatra_01_006912_000512,jrc_tmf_2020_2023_se_asia_sumatra_01_006912_000512.png,jrc_tmf_2020_2023_se_asia_sumatra_01,train,0.0021732143677017494,/private/tmp/JRC_TMF_256_5000_build/A/jrc_tmf_2020_2023_se_asia_sumatra_01_006912_000512.png,/private/tmp/JRC_TMF_256_5000_build/B/jrc_tmf_2020_2023_se_asia_sumatra_01_006912_000512.png,/private/tmp/JRC_TMF_256_5000_build/label/jrc_tmf_2020_2023_se_asia_sumatra_01_006912_000512.png,,,,,,
jrc_tmf_2020_2023_se_asia_borneo_02_stable_006400_000768,jrc_tmf_2020_2023_se_asia_borneo_02_stable_006400_000768.png,jrc_tmf_2020_2023_se_asia_borneo_02_stable,train,0.0,/private/tmp/JRC_TMF_256_5000_build/A/jrc_tmf_2020_2023_se_asia_borneo_02_stable_006400_000768.png,/private/tmp/JRC_TMF_256_5000_build/B/jrc_tmf_2020_2023_se_asia_borneo_02_stable_006400_000768.png,/private/tmp/JRC_TMF_256_5000_build/label/jrc_tmf_2020_2023_se_asia_borneo_02_stable_006400_000768.png,,,,,,
jrc_tmf_2020_2023_congo_drc_01_003328_004864,jrc_tmf_2020_2023_congo_drc_01_003328_004864.png,jrc_tmf_2020_2023_congo_drc_01,test,0.01069746191293936,/private/tmp/JRC_TMF_256_5000_build/A/jrc_tmf_2020_2023_congo_drc_01_003328_004864.png,/private/tmp/JRC_TMF_256_5000_build/B/jrc_tmf_2020_2023_congo_drc_01_003328_004864.png,/private/tmp/JRC_TMF_256_5000_build/label/jrc_tmf_2020_2023_congo_drc_01_003328_004864.png,,,,,,
jrc_tmf_2020_2023_se_asia_borneo_01_005888_001280,jrc_tmf_2020_2023_se_asia_borneo_01_005888_001280.png,jrc_tmf_2020_2023_se_asia_borneo_01,train,0.006735767231568911,/private/tmp/JRC_TMF_256_5000_build/A/jrc_tmf_2020_2023_se_asia_borneo_01_005888_001280.png,/private/tmp/JRC_TMF_256_5000_build/B/jrc_tmf_2020_2023_se_asia_borneo_01_005888_001280.png,/private/tmp/JRC_TMF_256_5000_build/label/jrc_tmf_2020_2023_se_asia_borneo_01_005888_001280.png,,,,,,
jrc_tmf_2020_2023_amazon_colombia_01_000512_003840,jrc_tmf_2020_2023_amazon_colombia_01_000512_003840.png,jrc_tmf_2020_2023_amazon_colombia_01,train,0.0695193171608266,/private/tmp/JRC_TMF_256_5000_build/A/jrc_tmf_2020_2023_amazon_colombia_01_000512_003840.png,/private/tmp/JRC_TMF_256_5000_build/B/jrc_tmf_2020_2023_amazon_colombia_01_000512_003840.png,/private/tmp/JRC_TMF_256_5000_build/label/jrc_tmf_2020_2023_amazon_colombia_01_000512_003840.png,,,,,,
jrc_tmf_2020_2023_congo_gabon_01_001024_002048,jrc_tmf_2020_2023_congo_gabon_01_001024_002048.png,jrc_tmf_2020_2023_congo_gabon_01,train,0.0,/private/tmp/JRC_TMF_256_5000_build/A/jrc_tmf_2020_2023_congo_gabon_01_001024_002048.png,/private/tmp/JRC_TMF_256_5000_build/B/jrc_tmf_2020_2023_congo_gabon_01_001024_002048.png,/private/tmp/JRC_TMF_256_5000_build/label/jrc_tmf_2020_2023_congo_gabon_01_001024_002048.png,,,,,,
jrc_tmf_2020_2023_congo_drc_01_001280_006400,jrc_tmf_2020_2023_congo_drc_01_001280_006400.png,jrc_tmf_2020_2023_congo_drc_01,train,0.0,/private/tmp/JRC_TMF_256_5000_build/A/jrc_tmf_2020_2023_congo_drc_01_001280_006400.png,/private/tmp/JRC_TMF_256_5000_build/B/jrc_tmf_2020_2023_congo_drc_01_001280_006400.png,/private/tmp/JRC_TMF_256_5000_build/label/jrc_tmf_2020_2023_congo_drc_01_001280_006400.png,,,,,,
jrc_tmf_2020_2023_amazon_peru_02_stable_006912_006656,jrc_tmf_2020_2023_amazon_peru_02_stable_006912_006656.png,jrc_tmf_2020_2023_amazon_peru_02_stable,train,0.023282090454820333,/private/tmp/JRC_TMF_256_5000_build/A/jrc_tmf_2020_2023_amazon_peru_02_stable_006912_006656.png,/private/tmp/JRC_TMF_256_5000_build/B/jrc_tmf_2020_2023_amazon_peru_02_stable_006912_006656.png,/private/tmp/JRC_TMF_256_5000_build/label/jrc_tmf_2020_2023_amazon_peru_02_stable_006912_006656.png,,,,,,
jrc_tmf_2020_2023_amazon_brazil_01_007168_004608,jrc_tmf_2020_2023_amazon_brazil_01_007168_004608.png,jrc_tmf_2020_2023_amazon_brazil_01,train,0.010520356654243525,/private/tmp/JRC_TMF_256_5000_build/A/jrc_tmf_2020_2023_amazon_brazil_01_007168_004608.png,/private/tmp/JRC_TMF_256_5000_build/B/jrc_tmf_2020_2023_amazon_brazil_01_007168_004608.png,/private/tmp/JRC_TMF_256_5000_build/label/jrc_tmf_2020_2023_amazon_brazil_01_007168_004608.png,,,,,,
jrc_tmf_2020_2023_se_asia_papua_01_stable_000768_004608,jrc_tmf_2020_2023_se_asia_papua_01_stable_000768_004608.png,jrc_tmf_2020_2023_se_asia_papua_01_stable,train,0.0,/private/tmp/JRC_TMF_256_5000_build/A/jrc_tmf_2020_2023_se_asia_papua_01_stable_000768_004608.png,/private/tmp/JRC_TMF_256_5000_build/B/jrc_tmf_2020_2023_se_asia_papua_01_stable_000768_004608.png,/private/tmp/JRC_TMF_256_5000_build/label/jrc_tmf_2020_2023_se_asia_papua_01_stable_000768_004608.png,,,,,,
jrc_tmf_2020_2023_amazon_colombia_02_stable_007168_000768,jrc_tmf_2020_2023_amazon_colombia_02_stable_007168_000768.png,jrc_tmf_2020_2023_amazon_colombia_02_stable,val,0.006624505038752416,/private/tmp/JRC_TMF_256_5000_build/A/jrc_tmf_2020_2023_amazon_colombia_02_stable_007168_000768.png,/private/tmp/JRC_TMF_256_5000_build/B/jrc_tmf_2020_2023_amazon_colombia_02_stable_007168_000768.png,/private/tmp/JRC_TMF_256_5000_build/label/jrc_tmf_2020_2023_amazon_colombia_02_stable_007168_000768.png,,,,,,
jrc_tmf_2020_2023_amazon_guyana_01_stable_000000_005632,jrc_tmf_2020_2023_amazon_guyana_01_stable_000000_005632.png,jrc_tmf_2020_2023_amazon_guyana_01_stable,val,0.0,/private/tmp/JRC_TMF_256_5000_build/A/jrc_tmf_2020_2023_amazon_guyana_01_stable_000000_005632.png,/private/tmp/JRC_TMF_256_5000_build/B/jrc_tmf_2020_2023_amazon_guyana_01_stable_000000_005632.png,/private/tmp/JRC_TMF_256_5000_build/label/jrc_tmf_2020_2023_amazon_guyana_01_stable_000000_005632.png,,,,,,
jrc_tmf_2020_2023_amazon_peru_01_005376_005120,jrc_tmf_2020_2023_amazon_peru_01_005376_005120.png,jrc_tmf_2020_2023_amazon_peru_01,train,0.002385312629845647,/private/tmp/JRC_TMF_256_5000_build/A/jrc_tmf_2020_2023_amazon_peru_01_005376_005120.png,/private/tmp/JRC_TMF_256_5000_build/B/jrc_tmf_2020_2023_amazon_peru_01_005376_005120.png,/private/tmp/JRC_TMF_256_5000_build/label/jrc_tmf_2020_2023_amazon_peru_01_005376_005120.png,,,,,,
jrc_tmf_2020_2023_amazon_bolivia_01_002304_004352,jrc_tmf_2020_2023_amazon_bolivia_01_002304_004352.png,jrc_tmf_2020_2023_amazon_bolivia_01,train,0.0952828964443291,/private/tmp/JRC_TMF_256_5000_build/A/jrc_tmf_2020_2023_amazon_bolivia_01_002304_004352.png,/private/tmp/JRC_TMF_256_5000_build/B/jrc_tmf_2020_2023_amazon_bolivia_01_002304_004352.png,/private/tmp/JRC_TMF_256_5000_build/label/jrc_tmf_2020_2023_amazon_bolivia_01_002304_004352.png,,,,,,
jrc_tmf_2020_2023_amazon_peru_01_002816_004864,jrc_tmf_2020_2023_amazon_peru_01_002816_004864.png,jrc_tmf_2020_2023_amazon_peru_01,train,0.014305025581355555,/private/tmp/JRC_TMF_256_5000_build/A/jrc_tmf_2020_2023_amazon_peru_01_002816_004864.png,/private/tmp/JRC_TMF_256_5000_build/B/jrc_tmf_2020_2023_amazon_peru_01_002816_004864.png,/private/tmp/JRC_TMF_256_5000_build/label/jrc_tmf_2020_2023_amazon_peru_01_002816_004864.png,,,,,,
jrc_tmf_2020_2023_se_asia_sumatra_01_004352_001280,jrc_tmf_2020_2023_se_asia_sumatra_01_004352_001280.png,jrc_tmf_2020_2023_se_asia_sumatra_01,test,0.04475248171368861,/private/tmp/JRC_TMF_256_5000_build/A/jrc_tmf_2020_2023_se_asia_sumatra_01_004352_001280.png,/private/tmp/JRC_TMF_256_5000_build/B/jrc_tmf_2020_2023_se_asia_sumatra_01_004352_001280.png,/private/tmp/JRC_TMF_256_5000_build/label/jrc_tmf_2020_2023_se_asia_sumatra_01_004352_001280.png,,,,,,
jrc_tmf_2020_2023_amazon_brazil_01_007168_003072,jrc_tmf_2020_2023_amazon_brazil_01_007168_003072.png,jrc_tmf_2020_2023_amazon_brazil_01,train,0.0,/private/tmp/JRC_TMF_256_5000_build/A/jrc_tmf_2020_2023_amazon_brazil_01_007168_003072.png,/private/tmp/JRC_TMF_256_5000_build/B/jrc_tmf_2020_2023_amazon_brazil_01_007168_003072.png,/private/tmp/JRC_TMF_256_5000_build/label/jrc_tmf_2020_2023_amazon_brazil_01_007168_003072.png,,,,,,
jrc_tmf_2020_2023_congo_drc_02_stable_005632_001280,jrc_tmf_2020_2023_congo_drc_02_stable_005632_001280.png,jrc_tmf_2020_2023_congo_drc_02_stable,train,0.0046834451729803606,/private/tmp/JRC_TMF_256_5000_build/A/jrc_tmf_2020_2023_congo_drc_02_stable_005632_001280.png,/private/tmp/JRC_TMF_256_5000_build/B/jrc_tmf_2020_2023_congo_drc_02_stable_005632_001280.png,/private/tmp/JRC_TMF_256_5000_build/label/jrc_tmf_2020_2023_congo_drc_02_stable_005632_001280.png,,,,,,
jrc_tmf_2020_2023_congo_gabon_01_006912_001280,jrc_tmf_2020_2023_congo_gabon_01_006912_001280.png,jrc_tmf_2020_2023_congo_gabon_01,train,0.012987812384586975,/private/tmp/JRC_TMF_256_5000_build/A/jrc_tmf_2020_2023_congo_gabon_01_006912_001280.png,/private/tmp/JRC_TMF_256_5000_build/B/jrc_tmf_2020_2023_congo_gabon_01_006912_001280.png,/private/tmp/JRC_TMF_256_5000_build/label/jrc_tmf_2020_2023_congo_gabon_01_006912_001280.png,,,,,,
jrc_tmf_2020_2023_congo_gabon_02_stable_001024_000000,jrc_tmf_2020_2023_congo_gabon_02_stable_001024_000000.png,jrc_tmf_2020_2023_congo_gabon_02_stable,val,0.0,/private/tmp/JRC_TMF_256_5000_build/A/jrc_tmf_2020_2023_congo_gabon_02_stable_001024_000000.png,/private/tmp/JRC_TMF_256_5000_build/B/jrc_tmf_2020_2023_congo_gabon_02_stable_001024_000000.png,/private/tmp/JRC_TMF_256_5000_build/label/jrc_tmf_2020_2023_congo_gabon_02_stable_001024_000000.png,,,,,,
jrc_tmf_2020_2023_se_asia_papua_01_stable_006144_006144,jrc_tmf_2020_2023_se_asia_papua_01_stable_006144_006144.png,jrc_tmf_2020_2023_se_asia_papua_01_stable,train,0.010223206679161698,/private/tmp/JRC_TMF_256_5000_build/A/jrc_tmf_2020_2023_se_asia_papua_01_stable_006144_006144.png,/private/tmp/JRC_TMF_256_5000_build/B/jrc_tmf_2020_2023_se_asia_papua_01_stable_006144_006144.png,/private/tmp/JRC_TMF_256_5000_build/label/jrc_tmf_2020_2023_se_asia_papua_01_stable_006144_006144.png,,,,,,
jrc_tmf_2020_2023_se_asia_papua_01_stable_003584_000512,jrc_tmf_2020_2023_se_asia_papua_01_stable_003584_000512.png,jrc_tmf_2020_2023_se_asia_papua_01_stable,train,0.006201787214542121,/private/tmp/JRC_TMF_256_5000_build/A/jrc_tmf_2020_2023_se_asia_papua_01_stable_003584_000512.png,/private/tmp/JRC_TMF_256_5000_build/B/jrc_tmf_2020_2023_se_asia_papua_01_stable_003584_000512.png,/private/tmp/JRC_TMF_256_5000_build/label/jrc_tmf_2020_2023_se_asia_papua_01_stable_003584_000512.png,,,,,,
jrc_tmf_2020_2023_congo_gabon_01_006912_003584,jrc_tmf_2020_2023_congo_gabon_01_006912_003584.png,jrc_tmf_2020_2023_congo_gabon_01,test,0.004717125616442552,/private/tmp/JRC_TMF_256_5000_build/A/jrc_tmf_2020_2023_congo_gabon_01_006912_003584.png,/private/tmp/JRC_TMF_256_5000_build/B/jrc_tmf_2020_2023_congo_gabon_01_006912_003584.png,/private/tmp/JRC_TMF_256_5000_build/label/jrc_tmf_2020_2023_congo_gabon_01_006912_003584.png,,,,,,
jrc_tmf_2020_2023_amazon_colombia_02_stable_006400_000768,jrc_tmf_2020_2023_amazon_colombia_02_stable_006400_000768.png,jrc_tmf_2020_2023_amazon_colombia_02_stable,train,0.0,/private/tmp/JRC_TMF_256_5000_build/A/jrc_tmf_2020_2023_amazon_colombia_02_stable_006400_000768.png,/private/tmp/JRC_TMF_256_5000_build/B/jrc_tmf_2020_2023_amazon_colombia_02_stable_006400_000768.png,/private/tmp/JRC_TMF_256_5000_build/label/jrc_tmf_2020_2023_amazon_colombia_02_stable_006400_000768.png,,,,,,
jrc_tmf_2020_2023_congo_drc_01_000512_000256,jrc_tmf_2020_2023_congo_drc_01_000512_000256.png,jrc_tmf_2020_2023_congo_drc_01,train,0.008899427234094969,/private/tmp/JRC_TMF_256_5000_build/A/jrc_tmf_2020_2023_congo_drc_01_000512_000256.png,/private/tmp/JRC_TMF_256_5000_build/B/jrc_tmf_2020_2023_congo_drc_01_000512_000256.png,/private/tmp/JRC_TMF_256_5000_build/label/jrc_tmf_2020_2023_congo_drc_01_000512_000256.png,,,,,,
jrc_tmf_2020_2023_congo_cameroon_01_006144_001024,jrc_tmf_2020_2023_congo_cameroon_01_006144_001024.png,jrc_tmf_2020_2023_congo_cameroon_01,train,0.0,/private/tmp/JRC_TMF_256_5000_build/A/jrc_tmf_2020_2023_congo_cameroon_01_006144_001024.png,/private/tmp/JRC_TMF_256_5000_build/B/jrc_tmf_2020_2023_congo_cameroon_01_006144_001024.png,/private/tmp/JRC_TMF_256_5000_build/label/jrc_tmf_2020_2023_congo_cameroon_01_006144_001024.png,,,,,,
jrc_tmf_2020_2023_se_asia_borneo_02_stable_001280_003328,jrc_tmf_2020_2023_se_asia_borneo_02_stable_001280_003328.png,jrc_tmf_2020_2023_se_asia_borneo_02_stable,val,0.014785570521752594,/private/tmp/JRC_TMF_256_5000_build/A/jrc_tmf_2020_2023_se_asia_borneo_02_stable_001280_003328.png,/private/tmp/JRC_TMF_256_5000_build/B/jrc_tmf_2020_2023_se_asia_borneo_02_stable_001280_003328.png,/private/tmp/JRC_TMF_256_5000_build/label/jrc_tmf_2020_2023_se_asia_borneo_02_stable_001280_003328.png,,,,,,
jrc_tmf_2020_2023_congo_gabon_02_stable_005120_006656,jrc_tmf_2020_2023_congo_gabon_02_stable_005120_006656.png,jrc_tmf_2020_2023_congo_gabon_02_stable,train,0.0030600235386426047,/private/tmp/JRC_TMF_256_5000_build/A/jrc_tmf_2020_2023_congo_gabon_02_stable_005120_006656.png,/private/tmp/JRC_TMF_256_5000_build/B/jrc_tmf_2020_2023_congo_gabon_02_stable_005120_006656.png,/private/tmp/JRC_TMF_256_5000_build/label/jrc_tmf_2020_2023_congo_gabon_02_stable_005120_006656.png,,,,,,
jrc_tmf_2020_2023_se_asia_sumatra_02_stable_006656_002816,jrc_tmf_2020_2023_se_asia_sumatra_02_stable_006656_002816.png,jrc_tmf_2020_2023_se_asia_sumatra_02_stable,val,0.025654498810002164,/private/tmp/JRC_TMF_256_5000_build/A/jrc_tmf_2020_2023_se_asia_sumatra_02_stable_006656_002816.png,/private/tmp/JRC_TMF_256_5000_build/B/jrc_tmf_2020_2023_se_asia_sumatra_02_stable_006656_002816.png,/private/tmp/JRC_TMF_256_5000_build/label/jrc_tmf_2020_2023_se_asia_sumatra_02_stable_006656_002816.png,,,,,,
jrc_tmf_2020_2023_congo_drc_02_stable_004096_003072,jrc_tmf_2020_2023_congo_drc_02_stable_004096_003072.png,jrc_tmf_2020_2023_congo_drc_02_stable,train,0.011297103110907284,/private/tmp/JRC_TMF_256_5000_build/A/jrc_tmf_2020_2023_congo_drc_02_stable_004096_003072.png,/private/tmp/JRC_TMF_256_5000_build/B/jrc_tmf_2020_2023_congo_drc_02_stable_004096_003072.png,/private/tmp/JRC_TMF_256_5000_build/label/jrc_tmf_2020_2023_congo_drc_02_stable_004096_003072.png,,,,,,
jrc_tmf_2020_2023_congo_cameroon_01_004864_000768,jrc_tmf_2020_2023_congo_cameroon_01_004864_000768.png,jrc_tmf_2020_2023_congo_cameroon_01,test,0.02667131250098988,/private/tmp/JRC_TMF_256_5000_build/A/jrc_tmf_2020_2023_congo_cameroon_01_004864_000768.png,/private/tmp/JRC_TMF_256_5000_build/B/jrc_tmf_2020_2023_congo_cameroon_01_004864_000768.png,/private/tmp/JRC_TMF_256_5000_build/label/jrc_tmf_2020_2023_congo_cameroon_01_004864_000768.png,,,,,,
jrc_tmf_2020_2023_congo_drc_02_stable_005888_002560,jrc_tmf_2020_2023_congo_drc_02_stable_005888_002560.png,jrc_tmf_2020_2023_congo_drc_02_stable,train,0.0,/private/tmp/JRC_TMF_256_5000_build/A/jrc_tmf_2020_2023_congo_drc_02_stable_005888_002560.png,/private/tmp/JRC_TMF_256_5000_build/B/jrc_tmf_2020_2023_congo_drc_02_stable_005888_002560.png,/private/tmp/JRC_TMF_256_5000_build/label/jrc_tmf_2020_2023_congo_drc_02_stable_005888_002560.png,,,,,,
jrc_tmf_2020_2023_amazon_peru_01_006144_005888,jrc_tmf_2020_2023_amazon_peru_01_006144_005888.png,jrc_tmf_2020_2023_amazon_peru_01,train,0.0,/private/tmp/JRC_TMF_256_5000_build/A/jrc_tmf_2020_2023_amazon_peru_01_006144_005888.png,/private/tmp/JRC_TMF_256_5000_build/B/jrc_tmf_2020_2023_amazon_peru_01_006144_005888.png,/private/tmp/JRC_TMF_256_5000_build/label/jrc_tmf_2020_2023_amazon_peru_01_006144_005888.png,,,,,,
jrc_tmf_2020_2023_amazon_colombia_01_006912_006912,jrc_tmf_2020_2023_amazon_colombia_01_006912_006912.png,jrc_tmf_2020_2023_amazon_colombia_01,train,0.0,/private/tmp/JRC_TMF_256_5000_build/A/jrc_tmf_2020_2023_amazon_colombia_01_006912_006912.png,/private/tmp/JRC_TMF_256_5000_build/B/jrc_tmf_2020_2023_amazon_colombia_01_006912_006912.png,/private/tmp/JRC_TMF_256_5000_build/label/jrc_tmf_2020_2023_amazon_colombia_01_006912_006912.png,,,,,,
jrc_tmf_2020_2023_amazon_peru_01_007168_001280,jrc_tmf_2020_2023_amazon_peru_01_007168_001280.png,jrc_tmf_2020_2023_amazon_peru_01,test,0.09257813098136494,/private/tmp/JRC_TMF_256_5000_build/A/jrc_tmf_2020_2023_amazon_peru_01_007168_001280.png,/private/tmp/JRC_TMF_256_5000_build/B/jrc_tmf_2020_2023_amazon_peru_01_007168_001280.png,/private/tmp/JRC_TMF_256_5000_build/label/jrc_tmf_2020_2023_amazon_peru_01_007168_001280.png,,,,,,
jrc_tmf_2020_2023_congo_roc_01_stable_006400_002048,jrc_tmf_2020_2023_congo_roc_01_stable_006400_002048.png,jrc_tmf_2020_2023_congo_roc_01_stable,test,0.020769189699051414,/private/tmp/JRC_TMF_256_5000_build/A/jrc_tmf_2020_2023_congo_roc_01_stable_006400_002048.png,/private/tmp/JRC_TMF_256_5000_build/B/jrc_tmf_2020_2023_congo_roc_01_stable_006400_002048.png,/private/tmp/JRC_TMF_256_5000_build/label/jrc_tmf_2020_2023_congo_roc_01_stable_006400_002048.png,,,,,,
jrc_tmf_2020_2023_congo_gabon_02_stable_006912_002560,jrc_tmf_2020_2023_congo_gabon_02_stable_006912_002560.png,jrc_tmf_2020_2023_congo_gabon_02_stable,train,0.020550696869495347,/private/tmp/JRC_TMF_256_5000_build/A/jrc_tmf_2020_2023_congo_gabon_02_stable_006912_002560.png,/private/tmp/JRC_TMF_256_5000_build/B/jrc_tmf_2020_2023_congo_gabon_02_stable_006912_002560.png,/private/tmp/JRC_TMF_256_5000_build/label/jrc_tmf_2020_2023_congo_gabon_02_stable_006912_002560.png,,,,,,
jrc_tmf_2020_2023_amazon_colombia_01_000768_004608,jrc_tmf_2020_2023_amazon_colombia_01_000768_004608.png,jrc_tmf_2020_2023_amazon_colombia_01,train,0.16436573677362024,/private/tmp/JRC_TMF_256_5000_build/A/jrc_tmf_2020_2023_amazon_colombia_01_000768_004608.png,/private/tmp/JRC_TMF_256_5000_build/B/jrc_tmf_2020_2023_amazon_colombia_01_000768_004608.png,/private/tmp/JRC_TMF_256_5000_build/label/jrc_tmf_2020_2023_amazon_colombia_01_000768_004608.png,,,,,,
jrc_tmf_2020_2023_se_asia_borneo_02_stable_000768_004608,jrc_tmf_2020_2023_se_asia_borneo_02_stable_000768_004608.png,jrc_tmf_2020_2023_se_asia_borneo_02_stable,train,0.002281134401972873,/private/tmp/JRC_TMF_256_5000_build/A/jrc_tmf_2020_2023_se_asia_borneo_02_stable_000768_004608.png,/private/tmp/JRC_TMF_256_5000_build/B/jrc_tmf_2020_2023_se_asia_borneo_02_stable_000768_004608.png,/private/tmp/JRC_TMF_256_5000_build/label/jrc_tmf_2020_2023_se_asia_borneo_02_stable_000768_004608.png,,,,,,
jrc_tmf_2020_2023_amazon_bolivia_01_001536_006144,jrc_tmf_2020_2023_amazon_bolivia_01_001536_006144.png,jrc_tmf_2020_2023_amazon_bolivia_01,val,0.034616441283311455,/private/tmp/JRC_TMF_256_5000_build/A/jrc_tmf_2020_2023_amazon_bolivia_01_001536_006144.png,/private/tmp/JRC_TMF_256_5000_build/B/jrc_tmf_2020_2023_amazon_bolivia_01_001536_006144.png,/private/tmp/JRC_TMF_256_5000_build/label/jrc_tmf_2020_2023_amazon_bolivia_01_001536_006144.png,,,,,,
jrc_tmf_2020_2023_amazon_guyana_01_stable_004608_004864,jrc_tmf_2020_2023_amazon_guyana_01_stable_004608_004864.png,jrc_tmf_2020_2023_amazon_guyana_01_stable,test,0.024685459468068164,/private/tmp/JRC_TMF_256_5000_build/A/jrc_tmf_2020_2023_amazon_guyana_01_stable_004608_004864.png,/private/tmp/JRC_TMF_256_5000_build/B/jrc_tmf_2020_2023_amazon_guyana_01_stable_004608_004864.png,/private/tmp/JRC_TMF_256_5000_build/label/jrc_tmf_2020_2023_amazon_guyana_01_stable_004608_004864.png,,,,,,
jrc_tmf_2020_2023_amazon_brazil_02_stable_002816_001024,jrc_tmf_2020_2023_amazon_brazil_02_stable_002816_001024.png,jrc_tmf_2020_2023_amazon_brazil_02_stable,train,0.010685706071206095,/private/tmp/JRC_TMF_256_5000_build/A/jrc_tmf_2020_2023_amazon_brazil_02_stable_002816_001024.png,/private/tmp/JRC_TMF_256_5000_build/B/jrc_tmf_2020_2023_amazon_brazil_02_stable_002816_001024.png,/private/tmp/JRC_TMF_256_5000_build/label/jrc_tmf_2020_2023_amazon_brazil_02_stable_002816_001024.png,,,,,,
jrc_tmf_2020_2023_amazon_bolivia_01_002048_001536,jrc_tmf_2020_2023_amazon_bolivia_01_002048_001536.png,jrc_tmf_2020_2023_amazon_bolivia_01,train,0.16979741041669866,/private/tmp/JRC_TMF_256_5000_build/A/jrc_tmf_2020_2023_amazon_bolivia_01_002048_001536.png,/private/tmp/JRC_TMF_256_5000_build/B/jrc_tmf_2020_2023_amazon_bolivia_01_002048_001536.png,/private/tmp/JRC_TMF_256_5000_build/label/jrc_tmf_2020_2023_amazon_bolivia_01_002048_001536.png,,,,,,
jrc_tmf_2020_2023_se_asia_borneo_01_006912_003584,jrc_tmf_2020_2023_se_asia_borneo_01_006912_003584.png,jrc_tmf_2020_2023_se_asia_borneo_01,test,0.10769111849733323,/private/tmp/JRC_TMF_256_5000_build/A/jrc_tmf_2020_2023_se_asia_borneo_01_006912_003584.png,/private/tmp/JRC_TMF_256_5000_build/B/jrc_tmf_2020_2023_se_asia_borneo_01_006912_003584.png,/private/tmp/JRC_TMF_256_5000_build/label/jrc_tmf_2020_2023_se_asia_borneo_01_006912_003584.png,,,,,,
jrc_tmf_2020_2023_se_asia_borneo_01_001280_006912,jrc_tmf_2020_2023_se_asia_borneo_01_001280_006912.png,jrc_tmf_2020_2023_se_asia_borneo_01,val,0.0,/private/tmp/JRC_TMF_256_5000_build/A/jrc_tmf_2020_2023_se_asia_borneo_01_001280_006912.png,/private/tmp/JRC_TMF_256_5000_build/B/jrc_tmf_2020_2023_se_asia_borneo_01_001280_006912.png,/private/tmp/JRC_TMF_256_5000_build/label/jrc_tmf_2020_2023_se_asia_borneo_01_001280_006912.png,,,,,,
jrc_tmf_2020_2023_amazon_brazil_02_stable_005632_006400,jrc_tmf_2020_2023_amazon_brazil_02_stable_005632_006400.png,jrc_tmf_2020_2023_amazon_brazil_02_stable,train,0.15414460319046192,/private/tmp/JRC_TMF_256_5000_build/A/jrc_tmf_2020_2023_amazon_brazil_02_stable_005632_006400.png,/private/tmp/JRC_TMF_256_5000_build/B/jrc_tmf_2020_2023_amazon_brazil_02_stable_005632_006400.png,/private/tmp/JRC_TMF_256_5000_build/label/jrc_tmf_2020_2023_amazon_brazil_02_stable_005632_006400.png,,,,,,
jrc_tmf_2020_2023_se_asia_sumatra_01_002560_005632,jrc_tmf_2020_2023_se_asia_sumatra_01_002560_005632.png,jrc_tmf_2020_2023_se_asia_sumatra_01,train,0.0,/private/tmp/JRC_TMF_256_5000_build/A/jrc_tmf_2020_2023_se_asia_sumatra_01_002560_005632.png,/private/tmp/JRC_TMF_256_5000_build/B/jrc_tmf_2020_2023_se_asia_sumatra_01_002560_005632.png,/private/tmp/JRC_TMF_256_5000_build/label/jrc_tmf_2020_2023_se_asia_sumatra_01_002560_005632.png,,,,,,
jrc_tmf_2020_2023_se_asia_borneo_02_stable_006144_004096,jrc_tmf_2020_2023_se_asia_borneo_02_stable_006144_004096.png,jrc_tmf_2020_2023_se_asia_borneo_02_stable,train,0.05338668581884095,/private/tmp/JRC_TMF_256_5000_build/A/jrc_tmf_2020_2023_se_asia_borneo_02_stable_006144_004096.png,/private/tmp/JRC_TMF_256_5000_build/B/jrc_tmf_2020_2023_se_asia_borneo_02_stable_006144_004096.png,/private/tmp/JRC_TMF_256_5000_build/label/jrc_tmf_2020_2023_se_asia_borneo_02_stable_006144_004096.png,,,,,,
jrc_tmf_2020_2023_congo_roc_01_stable_001792_004096,jrc_tmf_2020_2023_congo_roc_01_stable_001792_004096.png,jrc_tmf_2020_2023_congo_roc_01_stable,train,0.0,/private/tmp/JRC_TMF_256_5000_build/A/jrc_tmf_2020_2023_congo_roc_01_stable_001792_004096.png,/private/tmp/JRC_TMF_256_5000_build/B/jrc_tmf_2020_2023_congo_roc_01_stable_001792_004096.png,/private/tmp/JRC_TMF_256_5000_build/label/jrc_tmf_2020_2023_congo_roc_01_stable_001792_004096.png,,,,,,
jrc_tmf_2020_2023_amazon_peru_02_stable_002560_006144,jrc_tmf_2020_2023_amazon_peru_02_stable_002560_006144.png,jrc_tmf_2020_2023_amazon_peru_02_stable,train,0.0,/private/tmp/JRC_TMF_256_5000_build/A/jrc_tmf_2020_2023_amazon_peru_02_stable_002560_006144.png,/private/tmp/JRC_TMF_256_5000_build/B/jrc_tmf_2020_2023_amazon_peru_02_stable_002560_006144.png,/private/tmp/JRC_TMF_256_5000_build/label/jrc_tmf_2020_2023_amazon_peru_02_stable_002560_006144.png,,,,,,
jrc_tmf_2020_2023_amazon_brazil_02_stable_005632_005376,jrc_tmf_2020_2023_amazon_brazil_02_stable_005632_005376.png,jrc_tmf_2020_2023_amazon_brazil_02_stable,train,0.12100431769529407,/private/tmp/JRC_TMF_256_5000_build/A/jrc_tmf_2020_2023_amazon_brazil_02_stable_005632_005376.png,/private/tmp/JRC_TMF_256_5000_build/B/jrc_tmf_2020_2023_amazon_brazil_02_stable_005632_005376.png,/private/tmp/JRC_TMF_256_5000_build/label/jrc_tmf_2020_2023_amazon_brazil_02_stable_005632_005376.png,,,,,,
jrc_tmf_2020_2023_amazon_bolivia_01_000256_001792,jrc_tmf_2020_2023_amazon_bolivia_01_000256_001792.png,jrc_tmf_2020_2023_amazon_bolivia_01,train,0.004052087746118284,/private/tmp/JRC_TMF_256_5000_build/A/jrc_tmf_2020_2023_amazon_bolivia_01_000256_001792.png,/private/tmp/JRC_TMF_256_5000_build/B/jrc_tmf_2020_2023_amazon_bolivia_01_000256_001792.png,/private/tmp/JRC_TMF_256_5000_build/label/jrc_tmf_2020_2023_amazon_bolivia_01_000256_001792.png,,,,,,
jrc_tmf_2020_2023_amazon_brazil_01_004096_006400,jrc_tmf_2020_2023_amazon_brazil_01_004096_006400.png,jrc_tmf_2020_2023_amazon_brazil_01,val,0.002674073562901111,/private/tmp/JRC_TMF_256_5000_build/A/jrc_tmf_2020_2023_amazon_brazil_01_004096_006400.png,/private/tmp/JRC_TMF_256_5000_build/B/jrc_tmf_2020_2023_amazon_brazil_01_004096_006400.png,/private/tmp/JRC_TMF_256_5000_build/label/jrc_tmf_2020_2023_amazon_brazil_01_004096_006400.png,,,,,,
jrc_tmf_2020_2023_amazon_brazil_02_stable_003328_000768,jrc_tmf_2020_2023_amazon_brazil_02_stable_003328_000768.png,jrc_tmf_2020_2023_amazon_brazil_02_stable,train,0.004369451029610004,/private/tmp/JRC_TMF_256_5000_build/A/jrc_tmf_2020_2023_amazon_brazil_02_stable_003328_000768.png,/private/tmp/JRC_TMF_256_5000_build/B/jrc_tmf_2020_2023_amazon_brazil_02_stable_003328_000768.png,/private/tmp/JRC_TMF_256_5000_build/label/jrc_tmf_2020_2023_amazon_brazil_02_stable_003328_000768.png,,,,,,
jrc_tmf_2020_2023_se_asia_sumatra_01_005120_004864,jrc_tmf_2020_2023_se_asia_sumatra_01_005120_004864.png,jrc_tmf_2020_2023_se_asia_sumatra_01,train,0.0867853448408961,/private/tmp/JRC_TMF_256_5000_build/A/jrc_tmf_2020_2023_se_asia_sumatra_01_005120_004864.png,/private/tmp/JRC_TMF_256_5000_build/B/jrc_tmf_2020_2023_se_asia_sumatra_01_005120_004864.png,/private/tmp/JRC_TMF_256_5000_build/label/jrc_tmf_2020_2023_se_asia_sumatra_01_005120_004864.png,,,,,,
jrc_tmf_2020_2023_se_asia_borneo_01_005120_003072,jrc_tmf_2020_2023_se_asia_borneo_01_005120_003072.png,jrc_tmf_2020_2023_se_asia_borneo_01,train,0.011978764154430294,/private/tmp/JRC_TMF_256_5000_build/A/jrc_tmf_2020_2023_se_asia_borneo_01_005120_003072.png,/private/tmp/JRC_TMF_256_5000_build/B/jrc_tmf_2020_2023_se_asia_borneo_01_005120_003072.png,/private/tmp/JRC_TMF_256_5000_build/label/jrc_tmf_2020_2023_se_asia_borneo_01_005120_003072.png,,,,,,
jrc_tmf_2020_2023_amazon_brazil_01_000768_006400,jrc_tmf_2020_2023_amazon_brazil_01_000768_006400.png,jrc_tmf_2020_2023_amazon_brazil_01,test,0.10245009074410164,/private/tmp/JRC_TMF_256_5000_build/A/jrc_tmf_2020_2023_amazon_brazil_01_000768_006400.png,/private/tmp/JRC_TMF_256_5000_build/B/jrc_tmf_2020_2023_amazon_brazil_01_000768_006400.png,/private/tmp/JRC_TMF_256_5000_build/label/jrc_tmf_2020_2023_amazon_brazil_01_000768_006400.png,,,,,,
jrc_tmf_2020_2023_amazon_peru_02_stable_006656_001280,jrc_tmf_2020_2023_amazon_peru_02_stable_006656_001280.png,jrc_tmf_2020_2023_amazon_peru_02_stable,train,0.003660366955616136,/private/tmp/JRC_TMF_256_5000_build/A/jrc_tmf_2020_2023_amazon_peru_02_stable_006656_001280.png,/private/tmp/JRC_TMF_256_5000_build/B/jrc_tmf_2020_2023_amazon_peru_02_stable_006656_001280.png,/private/tmp/JRC_TMF_256_5000_build/label/jrc_tmf_2020_2023_amazon_peru_02_stable_006656_001280.png,,,,,,
jrc_tmf_2020_2023_amazon_colombia_01_001024_004096,jrc_tmf_2020_2023_amazon_colombia_01_001024_004096.png,jrc_tmf_2020_2023_amazon_colombia_01,train,0.002928305324635182,/private/tmp/JRC_TMF_256_5000_build/A/jrc_tmf_2020_2023_amazon_colombia_01_001024_004096.png,/private/tmp/JRC_TMF_256_5000_build/B/jrc_tmf_2020_2023_amazon_colombia_01_001024_004096.png,/private/tmp/JRC_TMF_256_5000_build/label/jrc_tmf_2020_2023_amazon_colombia_01_001024_004096.png,,,,,,
jrc_tmf_2020_2023_congo_roc_01_stable_000512_005376,jrc_tmf_2020_2023_congo_roc_01_stable_000512_005376.png,jrc_tmf_2020_2023_congo_roc_01_stable,train,0.0035287108748453325,/private/tmp/JRC_TMF_256_5000_build/A/jrc_tmf_2020_2023_congo_roc_01_stable_000512_005376.png,/private/tmp/JRC_TMF_256_5000_build/B/jrc_tmf_2020_2023_congo_roc_01_stable_000512_005376.png,/private/tmp/JRC_TMF_256_5000_build/label/jrc_tmf_2020_2023_congo_roc_01_stable_000512_005376.png,,,,,,
jrc_tmf_2020_2023_amazon_colombia_01_000512_004608,jrc_tmf_2020_2023_amazon_colombia_01_000512_004608.png,jrc_tmf_2020_2023_amazon_colombia_01,train,0.028581608625604164,/private/tmp/JRC_TMF_256_5000_build/A/jrc_tmf_2020_2023_amazon_colombia_01_000512_004608.png,/private/tmp/JRC_TMF_256_5000_build/B/jrc_tmf_2020_2023_amazon_colombia_01_000512_004608.png,/private/tmp/JRC_TMF_256_5000_build/label/jrc_tmf_2020_2023_amazon_colombia_01_000512_004608.png,,,,,,
jrc_tmf_2020_2023_se_asia_sumatra_01_002816_003584,jrc_tmf_2020_2023_se_asia_sumatra_01_002816_003584.png,jrc_tmf_2020_2023_se_asia_sumatra_01,train,0.19797355694084331,/private/tmp/JRC_TMF_256_5000_build/A/jrc_tmf_2020_2023_se_asia_sumatra_01_002816_003584.png,/private/tmp/JRC_TMF_256_5000_build/B/jrc_tmf_2020_2023_se_asia_sumatra_01_002816_003584.png,/private/tmp/JRC_TMF_256_5000_build/label/jrc_tmf_2020_2023_se_asia_sumatra_01_002816_003584.png,,,,,,
jrc_tmf_2020_2023_se_asia_sumatra_02_stable_003840_003328,jrc_tmf_2020_2023_se_asia_sumatra_02_stable_003840_003328.png,jrc_tmf_2020_2023_se_asia_sumatra_02_stable,train,0.0098523061291142,/private/tmp/JRC_TMF_256_5000_build/A/jrc_tmf_2020_2023_se_asia_sumatra_02_stable_003840_003328.png,/private/tmp/JRC_TMF_256_5000_build/B/jrc_tmf_2020_2023_se_asia_sumatra_02_stable_003840_003328.png,/private/tmp/JRC_TMF_256_5000_build/label/jrc_tmf_2020_2023_se_asia_sumatra_02_stable_003840_003328.png,,,,,,
jrc_tmf_2020_2023_congo_cameroon_01_006144_003840,jrc_tmf_2020_2023_congo_cameroon_01_006144_003840.png,jrc_tmf_2020_2023_congo_cameroon_01,train,0.0051589663751392765,/private/tmp/JRC_TMF_256_5000_build/A/jrc_tmf_2020_2023_congo_cameroon_01_006144_003840.png,/private/tmp/JRC_TMF_256_5000_build/B/jrc_tmf_2020_2023_congo_cameroon_01_006144_003840.png,/private/tmp/JRC_TMF_256_5000_build/label/jrc_tmf_2020_2023_congo_cameroon_01_006144_003840.png,,,,,,
jrc_tmf_2020_2023_amazon_guyana_01_stable_000256_005888,jrc_tmf_2020_2023_amazon_guyana_01_stable_000256_005888.png,jrc_tmf_2020_2023_amazon_guyana_01_stable,val,0.0023778501628664494,/private/tmp/JRC_TMF_256_5000_build/A/jrc_tmf_2020_2023_amazon_guyana_01_stable_000256_005888.png,/private/tmp/JRC_TMF_256_5000_build/B/jrc_tmf_2020_2023_amazon_guyana_01_stable_000256_005888.png,/private/tmp/JRC_TMF_256_5000_build/label/jrc_tmf_2020_2023_amazon_guyana_01_stable_000256_005888.png,,,,,,
jrc_tmf_2020_2023_amazon_brazil_01_001536_006400,jrc_tmf_2020_2023_amazon_brazil_01_001536_006400.png,jrc_tmf_2020_2023_amazon_brazil_01,train,0.2532119093612976,/private/tmp/JRC_TMF_256_5000_build/A/jrc_tmf_2020_2023_amazon_brazil_01_001536_006400.png,/private/tmp/JRC_TMF_256_5000_build/B/jrc_tmf_2020_2023_amazon_brazil_01_001536_006400.png,/private/tmp/JRC_TMF_256_5000_build/label/jrc_tmf_2020_2023_amazon_brazil_01_001536_006400.png,,,,,,
jrc_tmf_2020_2023_se_asia_sumatra_01_002048_006144,jrc_tmf_2020_2023_se_asia_sumatra_01_002048_006144.png,jrc_tmf_2020_2023_se_asia_sumatra_01,train,0.004584210338553744,/private/tmp/JRC_TMF_256_5000_build/A/jrc_tmf_2020_2023_se_asia_sumatra_01_002048_006144.png,/private/tmp/JRC_TMF_256_5000_build/B/jrc_tmf_2020_2023_se_asia_sumatra_01_002048_006144.png,/private/tmp/JRC_TMF_256_5000_build/label/jrc_tmf_2020_2023_se_asia_sumatra_01_002048_006144.png,,,,,,
jrc_tmf_2020_2023_se_asia_borneo_02_stable_004352_000000,jrc_tmf_2020_2023_se_asia_borneo_02_stable_004352_000000.png,jrc_tmf_2020_2023_se_asia_borneo_02_stable,train,0.0,/private/tmp/JRC_TMF_256_5000_build/A/jrc_tmf_2020_2023_se_asia_borneo_02_stable_004352_000000.png,/private/tmp/JRC_TMF_256_5000_build/B/jrc_tmf_2020_2023_se_asia_borneo_02_stable_004352_000000.png,/private/tmp/JRC_TMF_256_5000_build/label/jrc_tmf_2020_2023_se_asia_borneo_02_stable_004352_000000.png,,,,,,
jrc_tmf_2020_2023_congo_drc_01_003840_004352,jrc_tmf_2020_2023_congo_drc_01_003840_004352.png,jrc_tmf_2020_2023_congo_drc_01,test,0.018924137931034483,/private/tmp/JRC_TMF_256_5000_build/A/jrc_tmf_2020_2023_congo_drc_01_003840_004352.png,/private/tmp/JRC_TMF_256_5000_build/B/jrc_tmf_2020_2023_congo_drc_01_003840_004352.png,/private/tmp/JRC_TMF_256_5000_build/label/jrc_tmf_2020_2023_congo_drc_01_003840_004352.png,,,,,,
jrc_tmf_2020_2023_se_asia_borneo_01_004352_006144,jrc_tmf_2020_2023_se_asia_borneo_01_004352_006144.png,jrc_tmf_2020_2023_se_asia_borneo_01,train,0.004093836246550138,/private/tmp/JRC_TMF_256_5000_build/A/jrc_tmf_2020_2023_se_asia_borneo_01_004352_006144.png,/private/tmp/JRC_TMF_256_5000_build/B/jrc_tmf_2020_2023_se_asia_borneo_01_004352_006144.png,/private/tmp/JRC_TMF_256_5000_build/label/jrc_tmf_2020_2023_se_asia_borneo_01_004352_006144.png,,,,,,
jrc_tmf_2020_2023_amazon_colombia_01_000768_004352,jrc_tmf_2020_2023_amazon_colombia_01_000768_004352.png,jrc_tmf_2020_2023_amazon_colombia_01,train,0.11432077932039579,/private/tmp/JRC_TMF_256_5000_build/A/jrc_tmf_2020_2023_amazon_colombia_01_000768_004352.png,/private/tmp/JRC_TMF_256_5000_build/B/jrc_tmf_2020_2023_amazon_colombia_01_000768_004352.png,/private/tmp/JRC_TMF_256_5000_build/label/jrc_tmf_2020_2023_amazon_colombia_01_000768_004352.png,,,,,,
jrc_tmf_2020_2023_congo_gabon_01_003072_002304,jrc_tmf_2020_2023_congo_gabon_01_003072_002304.png,jrc_tmf_2020_2023_congo_gabon_01,train,0.0,/private/tmp/JRC_TMF_256_5000_build/A/jrc_tmf_2020_2023_congo_gabon_01_003072_002304.png,/private/tmp/JRC_TMF_256_5000_build/B/jrc_tmf_2020_2023_congo_gabon_01_003072_002304.png,/private/tmp/JRC_TMF_256_5000_build/label/jrc_tmf_2020_2023_congo_gabon_01_003072_002304.png,,,,,,
jrc_tmf_2020_2023_congo_drc_01_003584_003584,jrc_tmf_2020_2023_congo_drc_01_003584_003584.png,jrc_tmf_2020_2023_congo_drc_01,train,0.0,/private/tmp/JRC_TMF_256_5000_build/A/jrc_tmf_2020_2023_congo_drc_01_003584_003584.png,/private/tmp/JRC_TMF_256_5000_build/B/jrc_tmf_2020_2023_congo_drc_01_003584_003584.png,/private/tmp/JRC_TMF_256_5000_build/label/jrc_tmf_2020_2023_congo_drc_01_003584_003584.png,,,,,,
jrc_tmf_2020_2023_amazon_peru_02_stable_004352_002560,jrc_tmf_2020_2023_amazon_peru_02_stable_004352_002560.png,jrc_tmf_2020_2023_amazon_peru_02_stable,train,0.0252838134765625,/private/tmp/JRC_TMF_256_5000_build/A/jrc_tmf_2020_2023_amazon_peru_02_stable_004352_002560.png,/private/tmp/JRC_TMF_256_5000_build/B/jrc_tmf_2020_2023_amazon_peru_02_stable_004352_002560.png,/private/tmp/JRC_TMF_256_5000_build/label/jrc_tmf_2020_2023_amazon_peru_02_stable_004352_002560.png,,,,,,
jrc_tmf_2020_2023_amazon_brazil_01_001536_006144,jrc_tmf_2020_2023_amazon_brazil_01_001536_006144.png,jrc_tmf_2020_2023_amazon_brazil_01,train,0.01689413728611837,/private/tmp/JRC_TMF_256_5000_build/A/jrc_tmf_2020_2023_amazon_brazil_01_001536_006144.png,/private/tmp/JRC_TMF_256_5000_build/B/jrc_tmf_2020_2023_amazon_brazil_01_001536_006144.png,/private/tmp/JRC_TMF_256_5000_build/label/jrc_tmf_2020_2023_amazon_brazil_01_001536_006144.png,,,,,,
