audit_id,sample_id,split,sample_type,source,roi,x,y,valid_ratio,change_ratio,change_pixels,valid_pixels,valid_band,change_band,A_path,B_path,label_path,contact_sheet_path,audit_status,visual_quality,label_alignment,cloud_shadow_issue,water_issue,boundary_confidence,reviewer,review_date,notes
audit_0001,jrc_tmf_2020_2023_amazon_bolivia_01_002048_005120,train,negative,jrc_tmf_2020_2023_amazon_bolivia_01,amazon_bolivia_01,5120,2048,0.9989929199,0.0000000000,0,65470,valid_0.99_1.00,change_0,data/JRC_TMF_256_5000/A/jrc_tmf_2020_2023_amazon_bolivia_01_002048_005120.png,data/JRC_TMF_256_5000/B/jrc_tmf_2020_2023_amazon_bolivia_01_002048_005120.png,data/JRC_TMF_256_5000/label/jrc_tmf_2020_2023_amazon_bolivia_01_002048_005120.png,quality_report/human_audit_contact_sheets/audit_0001_jrc_tmf_2020_2023_amazon_bolivia_01_002048_005120.png,,,,,,,reviewer1,,
audit_0002,jrc_tmf_2020_2023_amazon_bolivia_01_002048_000512,train,positive,jrc_tmf_2020_2023_amazon_bolivia_01,amazon_bolivia_01,512,2048,0.9945068359,0.0044801768,292,65176,valid_0.99_1.00,change_0_0.005,data/JRC_TMF_256_5000/A/jrc_tmf_2020_2023_amazon_bolivia_01_002048_000512.png,data/JRC_TMF_256_5000/B/jrc_tmf_2020_2023_amazon_bolivia_01_002048_000512.png,data/JRC_TMF_256_5000/label/jrc_tmf_2020_2023_amazon_bolivia_01_002048_000512.png,quality_report/human_audit_contact_sheets/audit_0002_jrc_tmf_2020_2023_amazon_bolivia_01_002048_000512.png,,,,,,,reviewer1,,
audit_0003,jrc_tmf_2020_2023_amazon_bolivia_01_001024_000512,train,positive,jrc_tmf_2020_2023_amazon_bolivia_01,amazon_bolivia_01,512,1024,0.9921417236,0.0030605497,199,65021,valid_0.99_1.00,change_0_0.005,data/JRC_TMF_256_5000/A/jrc_tmf_2020_2023_amazon_bolivia_01_001024_000512.png,data/JRC_TMF_256_5000/B/jrc_tmf_2020_2023_amazon_bolivia_01_001024_000512.png,data/JRC_TMF_256_5000/label/jrc_tmf_2020_2023_amazon_bolivia_01_001024_000512.png,quality_report/human_audit_contact_sheets/audit_0003_jrc_tmf_2020_2023_amazon_bolivia_01_001024_000512.png,,,,,,,reviewer1,,
audit_0004,jrc_tmf_2020_2023_amazon_bolivia_01_001280_004864,train,positive,jrc_tmf_2020_2023_amazon_bolivia_01,amazon_bolivia_01,4864,1280,0.8176422119,0.0284407950,1524,53585,valid_0.80_0.85,change_0.02_0.05,data/JRC_TMF_256_5000/A/jrc_tmf_2020_2023_amazon_bolivia_01_001280_004864.png,data/JRC_TMF_256_5000/B/jrc_tmf_2020_2023_amazon_bolivia_01_001280_004864.png,data/JRC_TMF_256_5000/label/jrc_tmf_2020_2023_amazon_bolivia_01_001280_004864.png,quality_report/human_audit_contact_sheets/audit_0004_jrc_tmf_2020_2023_amazon_bolivia_01_001280_004864.png,,,,,,,reviewer1,,
audit_0005,jrc_tmf_2020_2023_amazon_brazil_01_005120_000000,train,negative,jrc_tmf_2020_2023_amazon_brazil_01,amazon_brazil_01,0,5120,1.0000000000,0.0000000000,0,65536,valid_0.99_1.00,change_0,data/JRC_TMF_256_5000/A/jrc_tmf_2020_2023_amazon_brazil_01_005120_000000.png,data/JRC_TMF_256_5000/B/jrc_tmf_2020_2023_amazon_brazil_01_005120_000000.png,data/JRC_TMF_256_5000/label/jrc_tmf_2020_2023_amazon_brazil_01_005120_000000.png,quality_report/human_audit_contact_sheets/audit_0005_jrc_tmf_2020_2023_amazon_brazil_01_005120_000000.png,,,,,,,reviewer1,,
audit_0006,jrc_tmf_2020_2023_amazon_brazil_01_002048_006912,train,negative,jrc_tmf_2020_2023_amazon_brazil_01,amazon_brazil_01,6912,2048,1.0000000000,0.0000000000,0,65536,valid_0.99_1.00,change_0,data/JRC_TMF_256_5000/A/jrc_tmf_2020_2023_amazon_brazil_01_002048_006912.png,data/JRC_TMF_256_5000/B/jrc_tmf_2020_2023_amazon_brazil_01_002048_006912.png,data/JRC_TMF_256_5000/label/jrc_tmf_2020_2023_amazon_brazil_01_002048_006912.png,quality_report/human_audit_contact_sheets/audit_0006_jrc_tmf_2020_2023_amazon_brazil_01_002048_006912.png,,,,,,,reviewer1,,
audit_0007,jrc_tmf_2020_2023_amazon_brazil_01_000768_003328,train,negative,jrc_tmf_2020_2023_amazon_brazil_01,amazon_brazil_01,3328,768,1.0000000000,0.0000000000,0,65536,valid_0.99_1.00,change_0,data/JRC_TMF_256_5000/A/jrc_tmf_2020_2023_amazon_brazil_01_000768_003328.png,data/JRC_TMF_256_5000/B/jrc_tmf_2020_2023_amazon_brazil_01_000768_003328.png,data/JRC_TMF_256_5000/label/jrc_tmf_2020_2023_amazon_brazil_01_000768_003328.png,quality_report/human_audit_contact_sheets/audit_0007_jrc_tmf_2020_2023_amazon_brazil_01_000768_003328.png,,,,,,,reviewer1,,
audit_0008,jrc_tmf_2020_2023_amazon_brazil_01_004608_006912,val,positive,jrc_tmf_2020_2023_amazon_brazil_01,amazon_brazil_01,6912,4608,0.9742889404,0.0111352994,711,63851,valid_0.95_0.99,change_0.005_0.02,data/JRC_TMF_256_5000/A/jrc_tmf_2020_2023_amazon_brazil_01_004608_006912.png,data/JRC_TMF_256_5000/B/jrc_tmf_2020_2023_amazon_brazil_01_004608_006912.png,data/JRC_TMF_256_5000/label/jrc_tmf_2020_2023_amazon_brazil_01_004608_006912.png,quality_report/human_audit_contact_sheets/audit_0008_jrc_tmf_2020_2023_amazon_brazil_01_004608_006912.png,,,,,,,reviewer1,,
audit_0009,jrc_tmf_2020_2023_amazon_brazil_01_001536_004352,train,positive,jrc_tmf_2020_2023_amazon_brazil_01,amazon_brazil_01,4352,1536,0.8945007324,0.0026270001,154,58622,valid_0.85_0.95,change_0_0.005,data/JRC_TMF_256_5000/A/jrc_tmf_2020_2023_amazon_brazil_01_001536_004352.png,data/JRC_TMF_256_5000/B/jrc_tmf_2020_2023_amazon_brazil_01_001536_004352.png,data/JRC_TMF_256_5000/label/jrc_tmf_2020_2023_amazon_brazil_01_001536_004352.png,quality_report/human_audit_contact_sheets/audit_0009_jrc_tmf_2020_2023_amazon_brazil_01_001536_004352.png,,,,,,,reviewer1,,
audit_0010,jrc_tmf_2020_2023_amazon_brazil_01_004608_006144,val,positive,jrc_tmf_2020_2023_amazon_brazil_01,amazon_brazil_01,6144,4608,0.9251708984,0.0114296081,693,60632,valid_0.85_0.95,change_0.005_0.02,data/JRC_TMF_256_5000/A/jrc_tmf_2020_2023_amazon_brazil_01_004608_006144.png,data/JRC_TMF_256_5000/B/jrc_tmf_2020_2023_amazon_brazil_01_004608_006144.png,data/JRC_TMF_256_5000/label/jrc_tmf_2020_2023_amazon_brazil_01_004608_006144.png,quality_report/human_audit_contact_sheets/audit_0010_jrc_tmf_2020_2023_amazon_brazil_01_004608_006144.png,,,,,,,reviewer1,,
audit_0011,jrc_tmf_2020_2023_amazon_brazil_02_stable_004608_005120,train,positive,jrc_tmf_2020_2023_amazon_brazil_02_stable,amazon_brazil_02_stable,5120,4608,0.8815002441,0.0227626796,1315,57770,valid_0.85_0.95,change_0.02_0.05,data/JRC_TMF_256_5000/A/jrc_tmf_2020_2023_amazon_brazil_02_stable_004608_005120.png,data/JRC_TMF_256_5000/B/jrc_tmf_2020_2023_amazon_brazil_02_stable_004608_005120.png,data/JRC_TMF_256_5000/label/jrc_tmf_2020_2023_amazon_brazil_02_stable_004608_005120.png,quality_report/human_audit_contact_sheets/audit_0011_jrc_tmf_2020_2023_amazon_brazil_02_stable_004608_005120.png,,,,,,,reviewer1,,
audit_0012,jrc_tmf_2020_2023_amazon_brazil_02_stable_006400_000768,val,positive,jrc_tmf_2020_2023_amazon_brazil_02_stable,amazon_brazil_02_stable,768,6400,1.0000000000,0.0040283203,264,65536,valid_0.99_1.00,change_0_0.005,data/JRC_TMF_256_5000/A/jrc_tmf_2020_2023_amazon_brazil_02_stable_006400_000768.png,data/JRC_TMF_256_5000/B/jrc_tmf_2020_2023_amazon_brazil_02_stable_006400_000768.png,data/JRC_TMF_256_5000/label/jrc_tmf_2020_2023_amazon_brazil_02_stable_006400_000768.png,quality_report/human_audit_contact_sheets/audit_0012_jrc_tmf_2020_2023_amazon_brazil_02_stable_006400_000768.png,,,,,,,reviewer1,,
audit_0013,jrc_tmf_2020_2023_amazon_brazil_02_stable_006400_002560,test,positive,jrc_tmf_2020_2023_amazon_brazil_02_stable,amazon_brazil_02_stable,2560,6400,0.9999542236,0.0043642134,286,65533,valid_0.99_1.00,change_0_0.005,data/JRC_TMF_256_5000/A/jrc_tmf_2020_2023_amazon_brazil_02_stable_006400_002560.png,data/JRC_TMF_256_5000/B/jrc_tmf_2020_2023_amazon_brazil_02_stable_006400_002560.png,data/JRC_TMF_256_5000/label/jrc_tmf_2020_2023_amazon_brazil_02_stable_006400_002560.png,quality_report/human_audit_contact_sheets/audit_0013_jrc_tmf_2020_2023_amazon_brazil_02_stable_006400_002560.png,,,,,,,reviewer1,,
audit_0014,jrc_tmf_2020_2023_amazon_colombia_01_002816_003328,train,negative,jrc_tmf_2020_2023_amazon_colombia_01,amazon_colombia_01,3328,2816,0.9999847412,0.0000000000,0,65535,valid_0.99_1.00,change_0,data/JRC_TMF_256_5000/A/jrc_tmf_2020_2023_amazon_colombia_01_002816_003328.png,data/JRC_TMF_256_5000/B/jrc_tmf_2020_2023_amazon_colombia_01_002816_003328.png,data/JRC_TMF_256_5000/label/jrc_tmf_2020_2023_amazon_colombia_01_002816_003328.png,quality_report/human_audit_contact_sheets/audit_0014_jrc_tmf_2020_2023_amazon_colombia_01_002816_003328.png,,,,,,,reviewer1,,
audit_0015,jrc_tmf_2020_2023_amazon_colombia_01_006656_003584,train,negative,jrc_tmf_2020_2023_amazon_colombia_01,amazon_colombia_01,3584,6656,1.0000000000,0.0000000000,0,65536,valid_0.99_1.00,change_0,data/JRC_TMF_256_5000/A/jrc_tmf_2020_2023_amazon_colombia_01_006656_003584.png,data/JRC_TMF_256_5000/B/jrc_tmf_2020_2023_amazon_colombia_01_006656_003584.png,data/JRC_TMF_256_5000/label/jrc_tmf_2020_2023_amazon_colombia_01_006656_003584.png,quality_report/human_audit_contact_sheets/audit_0015_jrc_tmf_2020_2023_amazon_colombia_01_006656_003584.png,,,,,,,reviewer1,,
audit_0016,jrc_tmf_2020_2023_amazon_colombia_01_003072_003840,test,negative,jrc_tmf_2020_2023_amazon_colombia_01,amazon_colombia_01,3840,3072,0.9999237061,0.0000000000,0,65531,valid_0.99_1.00,change_0,data/JRC_TMF_256_5000/A/jrc_tmf_2020_2023_amazon_colombia_01_003072_003840.png,data/JRC_TMF_256_5000/B/jrc_tmf_2020_2023_amazon_colombia_01_003072_003840.png,data/JRC_TMF_256_5000/label/jrc_tmf_2020_2023_amazon_colombia_01_003072_003840.png,quality_report/human_audit_contact_sheets/audit_0016_jrc_tmf_2020_2023_amazon_colombia_01_003072_003840.png,,,,,,,reviewer1,,
audit_0017,jrc_tmf_2020_2023_amazon_colombia_01_002304_005376,train,positive,jrc_tmf_2020_2023_amazon_colombia_01,amazon_colombia_01,5376,2304,0.8690032959,0.0061631929,351,56951,valid_0.85_0.95,change_0.005_0.02,data/JRC_TMF_256_5000/A/jrc_tmf_2020_2023_amazon_colombia_01_002304_005376.png,data/JRC_TMF_256_5000/B/jrc_tmf_2020_2023_amazon_colombia_01_002304_005376.png,data/JRC_TMF_256_5000/label/jrc_tmf_2020_2023_amazon_colombia_01_002304_005376.png,quality_report/human_audit_contact_sheets/audit_0017_jrc_tmf_2020_2023_amazon_colombia_01_002304_005376.png,,,,,,,reviewer1,,
audit_0018,jrc_tmf_2020_2023_amazon_colombia_01_000256_005120,train,positive,jrc_tmf_2020_2023_amazon_colombia_01,amazon_colombia_01,5120,256,0.9532165527,0.0160236914,1001,62470,valid_0.95_0.99,change_0.005_0.02,data/JRC_TMF_256_5000/A/jrc_tmf_2020_2023_amazon_colombia_01_000256_005120.png,data/JRC_TMF_256_5000/B/jrc_tmf_2020_2023_amazon_colombia_01_000256_005120.png,data/JRC_TMF_256_5000/label/jrc_tmf_2020_2023_amazon_colombia_01_000256_005120.png,quality_report/human_audit_contact_sheets/audit_0018_jrc_tmf_2020_2023_amazon_colombia_01_000256_005120.png,,,,,,,reviewer1,,
audit_0019,jrc_tmf_2020_2023_amazon_colombia_01_003584_005632,train,positive,jrc_tmf_2020_2023_amazon_colombia_01,amazon_colombia_01,5632,3584,0.9500732422,0.0042400103,264,62264,valid_0.95_0.99,change_0_0.005,data/JRC_TMF_256_5000/A/jrc_tmf_2020_2023_amazon_colombia_01_003584_005632.png,data/JRC_TMF_256_5000/B/jrc_tmf_2020_2023_amazon_colombia_01_003584_005632.png,data/JRC_TMF_256_5000/label/jrc_tmf_2020_2023_amazon_colombia_01_003584_005632.png,quality_report/human_audit_contact_sheets/audit_0019_jrc_tmf_2020_2023_amazon_colombia_01_003584_005632.png,,,,,,,reviewer1,,
audit_0020,jrc_tmf_2020_2023_amazon_colombia_02_stable_002304_000256,train,negative,jrc_tmf_2020_2023_amazon_colombia_02_stable,amazon_colombia_02_stable,256,2304,1.0000000000,0.0000000000,0,65536,valid_0.99_1.00,change_0,data/JRC_TMF_256_5000/A/jrc_tmf_2020_2023_amazon_colombia_02_stable_002304_000256.png,data/JRC_TMF_256_5000/B/jrc_tmf_2020_2023_amazon_colombia_02_stable_002304_000256.png,data/JRC_TMF_256_5000/label/jrc_tmf_2020_2023_amazon_colombia_02_stable_002304_000256.png,quality_report/human_audit_contact_sheets/audit_0020_jrc_tmf_2020_2023_amazon_colombia_02_stable_002304_000256.png,,,,,,,reviewer1,,
audit_0021,jrc_tmf_2020_2023_amazon_colombia_02_stable_004352_005632,train,negative,jrc_tmf_2020_2023_amazon_colombia_02_stable,amazon_colombia_02_stable,5632,4352,1.0000000000,0.0000000000,0,65536,valid_0.99_1.00,change_0,data/JRC_TMF_256_5000/A/jrc_tmf_2020_2023_amazon_colombia_02_stable_004352_005632.png,data/JRC_TMF_256_5000/B/jrc_tmf_2020_2023_amazon_colombia_02_stable_004352_005632.png,data/JRC_TMF_256_5000/label/jrc_tmf_2020_2023_amazon_colombia_02_stable_004352_005632.png,quality_report/human_audit_contact_sheets/audit_0021_jrc_tmf_2020_2023_amazon_colombia_02_stable_004352_005632.png,,,,,,,reviewer1,,
audit_0022,jrc_tmf_2020_2023_amazon_colombia_02_stable_003584_000256,train,negative,jrc_tmf_2020_2023_amazon_colombia_02_stable,amazon_colombia_02_stable,256,3584,1.0000000000,0.0000000000,0,65536,valid_0.99_1.00,change_0,data/JRC_TMF_256_5000/A/jrc_tmf_2020_2023_amazon_colombia_02_stable_003584_000256.png,data/JRC_TMF_256_5000/B/jrc_tmf_2020_2023_amazon_colombia_02_stable_003584_000256.png,data/JRC_TMF_256_5000/label/jrc_tmf_2020_2023_amazon_colombia_02_stable_003584_000256.png,quality_report/human_audit_contact_sheets/audit_0022_jrc_tmf_2020_2023_amazon_colombia_02_stable_003584_000256.png,,,,,,,reviewer1,,
audit_0023,jrc_tmf_2020_2023_amazon_colombia_02_stable_005888_002560,train,positive,jrc_tmf_2020_2023_amazon_colombia_02_stable,amazon_colombia_02_stable,2560,5888,0.9553070068,0.0053987573,338,62607,valid_0.95_0.99,change_0.005_0.02,data/JRC_TMF_256_5000/A/jrc_tmf_2020_2023_amazon_colombia_02_stable_005888_002560.png,data/JRC_TMF_256_5000/B/jrc_tmf_2020_2023_amazon_colombia_02_stable_005888_002560.png,data/JRC_TMF_256_5000/label/jrc_tmf_2020_2023_amazon_colombia_02_stable_005888_002560.png,quality_report/human_audit_contact_sheets/audit_0023_jrc_tmf_2020_2023_amazon_colombia_02_stable_005888_002560.png,,,,,,,reviewer1,,
audit_0024,jrc_tmf_2020_2023_amazon_colombia_02_stable_006144_002304,train,positive,jrc_tmf_2020_2023_amazon_colombia_02_stable,amazon_colombia_02_stable,2304,6144,0.8538513184,0.0035383681,198,55958,valid_0.85_0.95,change_0_0.005,data/JRC_TMF_256_5000/A/jrc_tmf_2020_2023_amazon_colombia_02_stable_006144_002304.png,data/JRC_TMF_256_5000/B/jrc_tmf_2020_2023_amazon_colombia_02_stable_006144_002304.png,data/JRC_TMF_256_5000/label/jrc_tmf_2020_2023_amazon_colombia_02_stable_006144_002304.png,quality_report/human_audit_contact_sheets/audit_0024_jrc_tmf_2020_2023_amazon_colombia_02_stable_006144_002304.png,,,,,,,reviewer1,,
audit_0025,jrc_tmf_2020_2023_amazon_colombia_02_stable_007168_000768,val,positive,jrc_tmf_2020_2023_amazon_colombia_02_stable,amazon_colombia_02_stable,768,7168,0.8130950928,0.0066245050,353,53287,valid_0.80_0.85,change_0.005_0.02,data/JRC_TMF_256_5000/A/jrc_tmf_2020_2023_amazon_colombia_02_stable_007168_000768.png,data/JRC_TMF_256_5000/B/jrc_tmf_2020_2023_amazon_colombia_02_stable_007168_000768.png,data/JRC_TMF_256_5000/label/jrc_tmf_2020_2023_amazon_colombia_02_stable_007168_000768.png,quality_report/human_audit_contact_sheets/audit_0025_jrc_tmf_2020_2023_amazon_colombia_02_stable_007168_000768.png,,,,,,,reviewer1,,
audit_0026,jrc_tmf_2020_2023_amazon_guyana_01_stable_005888_005888,train,negative,jrc_tmf_2020_2023_amazon_guyana_01_stable,amazon_guyana_01_stable,5888,5888,0.9999237061,0.0000000000,0,65531,valid_0.99_1.00,change_0,data/JRC_TMF_256_5000/A/jrc_tmf_2020_2023_amazon_guyana_01_stable_005888_005888.png,data/JRC_TMF_256_5000/B/jrc_tmf_2020_2023_amazon_guyana_01_stable_005888_005888.png,data/JRC_TMF_256_5000/label/jrc_tmf_2020_2023_amazon_guyana_01_stable_005888_005888.png,quality_report/human_audit_contact_sheets/audit_0026_jrc_tmf_2020_2023_amazon_guyana_01_stable_005888_005888.png,,,,,,,reviewer1,,
audit_0027,jrc_tmf_2020_2023_amazon_guyana_01_stable_003072_005888,val,negative,jrc_tmf_2020_2023_amazon_guyana_01_stable,amazon_guyana_01_stable,5888,3072,0.9997558594,0.0000000000,0,65520,valid_0.99_1.00,change_0,data/JRC_TMF_256_5000/A/jrc_tmf_2020_2023_amazon_guyana_01_stable_003072_005888.png,data/JRC_TMF_256_5000/B/jrc_tmf_2020_2023_amazon_guyana_01_stable_003072_005888.png,data/JRC_TMF_256_5000/label/jrc_tmf_2020_2023_amazon_guyana_01_stable_003072_005888.png,quality_report/human_audit_contact_sheets/audit_0027_jrc_tmf_2020_2023_amazon_guyana_01_stable_003072_005888.png,,,,,,,reviewer1,,
audit_0028,jrc_tmf_2020_2023_amazon_guyana_01_stable_002048_005120,train,negative,jrc_tmf_2020_2023_amazon_guyana_01_stable,amazon_guyana_01_stable,5120,2048,1.0000000000,0.0000000000,0,65536,valid_0.99_1.00,change_0,data/JRC_TMF_256_5000/A/jrc_tmf_2020_2023_amazon_guyana_01_stable_002048_005120.png,data/JRC_TMF_256_5000/B/jrc_tmf_2020_2023_amazon_guyana_01_stable_002048_005120.png,data/JRC_TMF_256_5000/label/jrc_tmf_2020_2023_amazon_guyana_01_stable_002048_005120.png,quality_report/human_audit_contact_sheets/audit_0028_jrc_tmf_2020_2023_amazon_guyana_01_stable_002048_005120.png,,,,,,,reviewer1,,
audit_0029,jrc_tmf_2020_2023_amazon_guyana_01_stable_000256_003840,test,positive,jrc_tmf_2020_2023_amazon_guyana_01_stable,amazon_guyana_01_stable,3840,256,0.9281768799,0.0022686548,138,60829,valid_0.85_0.95,change_0_0.005,data/JRC_TMF_256_5000/A/jrc_tmf_2020_2023_amazon_guyana_01_stable_000256_003840.png,data/JRC_TMF_256_5000/B/jrc_tmf_2020_2023_amazon_guyana_01_stable_000256_003840.png,data/JRC_TMF_256_5000/label/jrc_tmf_2020_2023_amazon_guyana_01_stable_000256_003840.png,quality_report/human_audit_contact_sheets/audit_0029_jrc_tmf_2020_2023_amazon_guyana_01_stable_000256_003840.png,,,,,,,reviewer1,,
audit_0030,jrc_tmf_2020_2023_amazon_guyana_01_stable_000000_001792,train,positive,jrc_tmf_2020_2023_amazon_guyana_01_stable,amazon_guyana_01_stable,1792,0,0.9759063721,0.0046593805,298,63957,valid_0.95_0.99,change_0_0.005,data/JRC_TMF_256_5000/A/jrc_tmf_2020_2023_amazon_guyana_01_stable_000000_001792.png,data/JRC_TMF_256_5000/B/jrc_tmf_2020_2023_amazon_guyana_01_stable_000000_001792.png,data/JRC_TMF_256_5000/label/jrc_tmf_2020_2023_amazon_guyana_01_stable_000000_001792.png,quality_report/human_audit_contact_sheets/audit_0030_jrc_tmf_2020_2023_amazon_guyana_01_stable_000000_001792.png,,,,,,,reviewer1,,
audit_0031,jrc_tmf_2020_2023_amazon_guyana_01_stable_000768_003584,test,positive,jrc_tmf_2020_2023_amazon_guyana_01_stable,amazon_guyana_01_stable,3584,768,0.8169555664,0.0040343668,216,53540,valid_0.80_0.85,change_0_0.005,data/JRC_TMF_256_5000/A/jrc_tmf_2020_2023_amazon_guyana_01_stable_000768_003584.png,data/JRC_TMF_256_5000/B/jrc_tmf_2020_2023_amazon_guyana_01_stable_000768_003584.png,data/JRC_TMF_256_5000/label/jrc_tmf_2020_2023_amazon_guyana_01_stable_000768_003584.png,quality_report/human_audit_contact_sheets/audit_0031_jrc_tmf_2020_2023_amazon_guyana_01_stable_000768_003584.png,,,,,,,reviewer1,,
audit_0032,jrc_tmf_2020_2023_amazon_peru_01_001536_003840,train,negative,jrc_tmf_2020_2023_amazon_peru_01,amazon_peru_01,3840,1536,0.9999389648,0.0000000000,0,65532,valid_0.99_1.00,change_0,data/JRC_TMF_256_5000/A/jrc_tmf_2020_2023_amazon_peru_01_001536_003840.png,data/JRC_TMF_256_5000/B/jrc_tmf_2020_2023_amazon_peru_01_001536_003840.png,data/JRC_TMF_256_5000/label/jrc_tmf_2020_2023_amazon_peru_01_001536_003840.png,quality_report/human_audit_contact_sheets/audit_0032_jrc_tmf_2020_2023_amazon_peru_01_001536_003840.png,,,,,,,reviewer1,,
audit_0033,jrc_tmf_2020_2023_amazon_peru_01_006400_003840,train,negative,jrc_tmf_2020_2023_amazon_peru_01,amazon_peru_01,3840,6400,0.9997711182,0.0000000000,0,65521,valid_0.99_1.00,change_0,data/JRC_TMF_256_5000/A/jrc_tmf_2020_2023_amazon_peru_01_006400_003840.png,data/JRC_TMF_256_5000/B/jrc_tmf_2020_2023_amazon_peru_01_006400_003840.png,data/JRC_TMF_256_5000/label/jrc_tmf_2020_2023_amazon_peru_01_006400_003840.png,quality_report/human_audit_contact_sheets/audit_0033_jrc_tmf_2020_2023_amazon_peru_01_006400_003840.png,,,,,,,reviewer1,,
audit_0034,jrc_tmf_2020_2023_amazon_peru_01_005376_006656,train,negative,jrc_tmf_2020_2023_amazon_peru_01,amazon_peru_01,6656,5376,0.9998779297,0.0000000000,0,65528,valid_0.99_1.00,change_0,data/JRC_TMF_256_5000/A/jrc_tmf_2020_2023_amazon_peru_01_005376_006656.png,data/JRC_TMF_256_5000/B/jrc_tmf_2020_2023_amazon_peru_01_005376_006656.png,data/JRC_TMF_256_5000/label/jrc_tmf_2020_2023_amazon_peru_01_005376_006656.png,quality_report/human_audit_contact_sheets/audit_0034_jrc_tmf_2020_2023_amazon_peru_01_005376_006656.png,,,,,,,reviewer1,,
audit_0035,jrc_tmf_2020_2023_amazon_peru_01_000512_004096,test,positive,jrc_tmf_2020_2023_amazon_peru_01,amazon_peru_01,4096,512,0.9735565186,0.0023980064,153,63803,valid_0.95_0.99,change_0_0.005,data/JRC_TMF_256_5000/A/jrc_tmf_2020_2023_amazon_peru_01_000512_004096.png,data/JRC_TMF_256_5000/B/jrc_tmf_2020_2023_amazon_peru_01_000512_004096.png,data/JRC_TMF_256_5000/label/jrc_tmf_2020_2023_amazon_peru_01_000512_004096.png,quality_report/human_audit_contact_sheets/audit_0035_jrc_tmf_2020_2023_amazon_peru_01_000512_004096.png,,,,,,,reviewer1,,
audit_0036,jrc_tmf_2020_2023_amazon_peru_01_000000_004096,test,positive,jrc_tmf_2020_2023_amazon_peru_01,amazon_peru_01,4096,0,0.9225921631,0.0084679887,512,60463,valid_0.85_0.95,change_0.005_0.02,data/JRC_TMF_256_5000/A/jrc_tmf_2020_2023_amazon_peru_01_000000_004096.png,data/JRC_TMF_256_5000/B/jrc_tmf_2020_2023_amazon_peru_01_000000_004096.png,data/JRC_TMF_256_5000/label/jrc_tmf_2020_2023_amazon_peru_01_000000_004096.png,quality_report/human_audit_contact_sheets/audit_0036_jrc_tmf_2020_2023_amazon_peru_01_000000_004096.png,,,,,,,reviewer1,,
audit_0037,jrc_tmf_2020_2023_amazon_peru_01_001792_000000,train,positive,jrc_tmf_2020_2023_amazon_peru_01,amazon_peru_01,0,1792,0.9429016113,0.0148558112,918,61794,valid_0.85_0.95,change_0.005_0.02,data/JRC_TMF_256_5000/A/jrc_tmf_2020_2023_amazon_peru_01_001792_000000.png,data/JRC_TMF_256_5000/B/jrc_tmf_2020_2023_amazon_peru_01_001792_000000.png,data/JRC_TMF_256_5000/label/jrc_tmf_2020_2023_amazon_peru_01_001792_000000.png,quality_report/human_audit_contact_sheets/audit_0037_jrc_tmf_2020_2023_amazon_peru_01_001792_000000.png,,,,,,,reviewer1,,
audit_0038,jrc_tmf_2020_2023_amazon_peru_02_stable_001024_000256,train,negative,jrc_tmf_2020_2023_amazon_peru_02_stable,amazon_peru_02_stable,256,1024,1.0000000000,0.0000000000,0,65536,valid_0.99_1.00,change_0,data/JRC_TMF_256_5000/A/jrc_tmf_2020_2023_amazon_peru_02_stable_001024_000256.png,data/JRC_TMF_256_5000/B/jrc_tmf_2020_2023_amazon_peru_02_stable_001024_000256.png,data/JRC_TMF_256_5000/label/jrc_tmf_2020_2023_amazon_peru_02_stable_001024_000256.png,quality_report/human_audit_contact_sheets/audit_0038_jrc_tmf_2020_2023_amazon_peru_02_stable_001024_000256.png,,,,,,,reviewer1,,
audit_0039,jrc_tmf_2020_2023_amazon_peru_02_stable_000512_005376,train,negative,jrc_tmf_2020_2023_amazon_peru_02_stable,amazon_peru_02_stable,5376,512,0.9999847412,0.0000000000,0,65535,valid_0.99_1.00,change_0,data/JRC_TMF_256_5000/A/jrc_tmf_2020_2023_amazon_peru_02_stable_000512_005376.png,data/JRC_TMF_256_5000/B/jrc_tmf_2020_2023_amazon_peru_02_stable_000512_005376.png,data/JRC_TMF_256_5000/label/jrc_tmf_2020_2023_amazon_peru_02_stable_000512_005376.png,quality_report/human_audit_contact_sheets/audit_0039_jrc_tmf_2020_2023_amazon_peru_02_stable_000512_005376.png,,,,,,,reviewer1,,
audit_0040,jrc_tmf_2020_2023_amazon_peru_02_stable_001024_001024,train,negative,jrc_tmf_2020_2023_amazon_peru_02_stable,amazon_peru_02_stable,1024,1024,1.0000000000,0.0000000000,0,65536,valid_0.99_1.00,change_0,data/JRC_TMF_256_5000/A/jrc_tmf_2020_2023_amazon_peru_02_stable_001024_001024.png,data/JRC_TMF_256_5000/B/jrc_tmf_2020_2023_amazon_peru_02_stable_001024_001024.png,data/JRC_TMF_256_5000/label/jrc_tmf_2020_2023_amazon_peru_02_stable_001024_001024.png,quality_report/human_audit_contact_sheets/audit_0040_jrc_tmf_2020_2023_amazon_peru_02_stable_001024_001024.png,,,,,,,reviewer1,,
audit_0041,jrc_tmf_2020_2023_amazon_peru_02_stable_004352_006656,train,positive,jrc_tmf_2020_2023_amazon_peru_02_stable,amazon_peru_02_stable,6656,4352,0.9176330566,0.0081312980,489,60138,valid_0.85_0.95,change_0.005_0.02,data/JRC_TMF_256_5000/A/jrc_tmf_2020_2023_amazon_peru_02_stable_004352_006656.png,data/JRC_TMF_256_5000/B/jrc_tmf_2020_2023_amazon_peru_02_stable_004352_006656.png,data/JRC_TMF_256_5000/label/jrc_tmf_2020_2023_amazon_peru_02_stable_004352_006656.png,quality_report/human_audit_contact_sheets/audit_0041_jrc_tmf_2020_2023_amazon_peru_02_stable_004352_006656.png,,,,,,,reviewer1,,
audit_0042,jrc_tmf_2020_2023_amazon_peru_02_stable_004608_005632,train,positive,jrc_tmf_2020_2023_amazon_peru_02_stable,amazon_peru_02_stable,5632,4608,0.8459472656,0.0036796537,204,55440,valid_0.80_0.85,change_0_0.005,data/JRC_TMF_256_5000/A/jrc_tmf_2020_2023_amazon_peru_02_stable_004608_005632.png,data/JRC_TMF_256_5000/B/jrc_tmf_2020_2023_amazon_peru_02_stable_004608_005632.png,data/JRC_TMF_256_5000/label/jrc_tmf_2020_2023_amazon_peru_02_stable_004608_005632.png,quality_report/human_audit_contact_sheets/audit_0042_jrc_tmf_2020_2023_amazon_peru_02_stable_004608_005632.png,,,,,,,reviewer1,,
audit_0043,jrc_tmf_2020_2023_amazon_peru_02_stable_004608_006656,train,positive,jrc_tmf_2020_2023_amazon_peru_02_stable,amazon_peru_02_stable,6656,4608,0.8806610107,0.0098068093,566,57715,valid_0.85_0.95,change_0.005_0.02,data/JRC_TMF_256_5000/A/jrc_tmf_2020_2023_amazon_peru_02_stable_004608_006656.png,data/JRC_TMF_256_5000/B/jrc_tmf_2020_2023_amazon_peru_02_stable_004608_006656.png,data/JRC_TMF_256_5000/label/jrc_tmf_2020_2023_amazon_peru_02_stable_004608_006656.png,quality_report/human_audit_contact_sheets/audit_0043_jrc_tmf_2020_2023_amazon_peru_02_stable_004608_006656.png,,,,,,,reviewer1,,
audit_0044,jrc_tmf_2020_2023_congo_cameroon_01_006144_002816,train,negative,jrc_tmf_2020_2023_congo_cameroon_01,congo_cameroon_01,2816,6144,1.0000000000,0.0000000000,0,65536,valid_0.99_1.00,change_0,data/JRC_TMF_256_5000/A/jrc_tmf_2020_2023_congo_cameroon_01_006144_002816.png,data/JRC_TMF_256_5000/B/jrc_tmf_2020_2023_congo_cameroon_01_006144_002816.png,data/JRC_TMF_256_5000/label/jrc_tmf_2020_2023_congo_cameroon_01_006144_002816.png,quality_report/human_audit_contact_sheets/audit_0044_jrc_tmf_2020_2023_congo_cameroon_01_006144_002816.png,,,,,,,reviewer1,,
audit_0045,jrc_tmf_2020_2023_congo_cameroon_01_004864_003328,train,negative,jrc_tmf_2020_2023_congo_cameroon_01,congo_cameroon_01,3328,4864,1.0000000000,0.0000000000,0,65536,valid_0.99_1.00,change_0,data/JRC_TMF_256_5000/A/jrc_tmf_2020_2023_congo_cameroon_01_004864_003328.png,data/JRC_TMF_256_5000/B/jrc_tmf_2020_2023_congo_cameroon_01_004864_003328.png,data/JRC_TMF_256_5000/label/jrc_tmf_2020_2023_congo_cameroon_01_004864_003328.png,quality_report/human_audit_contact_sheets/audit_0045_jrc_tmf_2020_2023_congo_cameroon_01_004864_003328.png,,,,,,,reviewer1,,
audit_0046,jrc_tmf_2020_2023_congo_cameroon_01_006912_001280,train,negative,jrc_tmf_2020_2023_congo_cameroon_01,congo_cameroon_01,1280,6912,1.0000000000,0.0000000000,0,65536,valid_0.99_1.00,change_0,data/JRC_TMF_256_5000/A/jrc_tmf_2020_2023_congo_cameroon_01_006912_001280.png,data/JRC_TMF_256_5000/B/jrc_tmf_2020_2023_congo_cameroon_01_006912_001280.png,data/JRC_TMF_256_5000/label/jrc_tmf_2020_2023_congo_cameroon_01_006912_001280.png,quality_report/human_audit_contact_sheets/audit_0046_jrc_tmf_2020_2023_congo_cameroon_01_006912_001280.png,,,,,,,reviewer1,,
audit_0047,jrc_tmf_2020_2023_congo_cameroon_01_002048_001536,test,positive,jrc_tmf_2020_2023_congo_cameroon_01,congo_cameroon_01,1536,2048,0.9684753418,0.0066172995,420,63470,valid_0.95_0.99,change_0.005_0.02,data/JRC_TMF_256_5000/A/jrc_tmf_2020_2023_congo_cameroon_01_002048_001536.png,data/JRC_TMF_256_5000/B/jrc_tmf_2020_2023_congo_cameroon_01_002048_001536.png,data/JRC_TMF_256_5000/label/jrc_tmf_2020_2023_congo_cameroon_01_002048_001536.png,quality_report/human_audit_contact_sheets/audit_0047_jrc_tmf_2020_2023_congo_cameroon_01_002048_001536.png,,,,,,,reviewer1,,
audit_0048,jrc_tmf_2020_2023_congo_cameroon_01_000256_005376,train,positive,jrc_tmf_2020_2023_congo_cameroon_01,congo_cameroon_01,5376,256,0.9993286133,0.0106730593,699,65492,valid_0.99_1.00,change_0.005_0.02,data/JRC_TMF_256_5000/A/jrc_tmf_2020_2023_congo_cameroon_01_000256_005376.png,data/JRC_TMF_256_5000/B/jrc_tmf_2020_2023_congo_cameroon_01_000256_005376.png,data/JRC_TMF_256_5000/label/jrc_tmf_2020_2023_congo_cameroon_01_000256_005376.png,quality_report/human_audit_contact_sheets/audit_0048_jrc_tmf_2020_2023_congo_cameroon_01_000256_005376.png,,,,,,,reviewer1,,
audit_0049,jrc_tmf_2020_2023_congo_cameroon_01_000512_004608,train,positive,jrc_tmf_2020_2023_congo_cameroon_01,congo_cameroon_01,4608,512,0.9995727539,0.0083501252,547,65508,valid_0.99_1.00,change_0.005_0.02,data/JRC_TMF_256_5000/A/jrc_tmf_2020_2023_congo_cameroon_01_000512_004608.png,data/JRC_TMF_256_5000/B/jrc_tmf_2020_2023_congo_cameroon_01_000512_004608.png,data/JRC_TMF_256_5000/label/jrc_tmf_2020_2023_congo_cameroon_01_000512_004608.png,quality_report/human_audit_contact_sheets/audit_0049_jrc_tmf_2020_2023_congo_cameroon_01_000512_004608.png,,,,,,,reviewer1,,
audit_0050,jrc_tmf_2020_2023_congo_drc_01_002304_005632,test,negative,jrc_tmf_2020_2023_congo_drc_01,congo_drc_01,5632,2304,0.9999694824,0.0000000000,0,65534,valid_0.99_1.00,change_0,data/JRC_TMF_256_5000/A/jrc_tmf_2020_2023_congo_drc_01_002304_005632.png,data/JRC_TMF_256_5000/B/jrc_tmf_2020_2023_congo_drc_01_002304_005632.png,data/JRC_TMF_256_5000/label/jrc_tmf_2020_2023_congo_drc_01_002304_005632.png,quality_report/human_audit_contact_sheets/audit_0050_jrc_tmf_2020_2023_congo_drc_01_002304_005632.png,,,,,,,reviewer1,,
audit_0051,jrc_tmf_2020_2023_congo_drc_01_000000_002816,train,negative,jrc_tmf_2020_2023_congo_drc_01,congo_drc_01,2816,0,0.9999847412,0.0000000000,0,65535,valid_0.99_1.00,change_0,data/JRC_TMF_256_5000/A/jrc_tmf_2020_2023_congo_drc_01_000000_002816.png,data/JRC_TMF_256_5000/B/jrc_tmf_2020_2023_congo_drc_01_000000_002816.png,data/JRC_TMF_256_5000/label/jrc_tmf_2020_2023_congo_drc_01_000000_002816.png,quality_report/human_audit_contact_sheets/audit_0051_jrc_tmf_2020_2023_congo_drc_01_000000_002816.png,,,,,,,reviewer1,,
audit_0052,jrc_tmf_2020_2023_congo_drc_01_004864_005632,val,negative,jrc_tmf_2020_2023_congo_drc_01,congo_drc_01,5632,4864,0.9998779297,0.0000000000,0,65528,valid_0.99_1.00,change_0,data/JRC_TMF_256_5000/A/jrc_tmf_2020_2023_congo_drc_01_004864_005632.png,data/JRC_TMF_256_5000/B/jrc_tmf_2020_2023_congo_drc_01_004864_005632.png,data/JRC_TMF_256_5000/label/jrc_tmf_2020_2023_congo_drc_01_004864_005632.png,quality_report/human_audit_contact_sheets/audit_0052_jrc_tmf_2020_2023_congo_drc_01_004864_005632.png,,,,,,,reviewer1,,
audit_0053,jrc_tmf_2020_2023_congo_drc_01_006144_004864,train,positive,jrc_tmf_2020_2023_congo_drc_01,congo_drc_01,4864,6144,0.8233032227,0.0042441990,229,53956,valid_0.80_0.85,change_0_0.005,data/JRC_TMF_256_5000/A/jrc_tmf_2020_2023_congo_drc_01_006144_004864.png,data/JRC_TMF_256_5000/B/jrc_tmf_2020_2023_congo_drc_01_006144_004864.png,data/JRC_TMF_256_5000/label/jrc_tmf_2020_2023_congo_drc_01_006144_004864.png,quality_report/human_audit_contact_sheets/audit_0053_jrc_tmf_2020_2023_congo_drc_01_006144_004864.png,,,,,,,reviewer1,,
audit_0054,jrc_tmf_2020_2023_congo_drc_01_001280_001536,train,positive,jrc_tmf_2020_2023_congo_drc_01,congo_drc_01,1536,1280,0.9788513184,0.0067653936,434,64150,valid_0.95_0.99,change_0.005_0.02,data/JRC_TMF_256_5000/A/jrc_tmf_2020_2023_congo_drc_01_001280_001536.png,data/JRC_TMF_256_5000/B/jrc_tmf_2020_2023_congo_drc_01_001280_001536.png,data/JRC_TMF_256_5000/label/jrc_tmf_2020_2023_congo_drc_01_001280_001536.png,quality_report/human_audit_contact_sheets/audit_0054_jrc_tmf_2020_2023_congo_drc_01_001280_001536.png,,,,,,,reviewer1,,
audit_0055,jrc_tmf_2020_2023_congo_drc_01_005120_000000,train,positive,jrc_tmf_2020_2023_congo_drc_01,congo_drc_01,0,5120,0.9219512939,0.0182552424,1103,60421,valid_0.85_0.95,change_0.005_0.02,data/JRC_TMF_256_5000/A/jrc_tmf_2020_2023_congo_drc_01_005120_000000.png,data/JRC_TMF_256_5000/B/jrc_tmf_2020_2023_congo_drc_01_005120_000000.png,data/JRC_TMF_256_5000/label/jrc_tmf_2020_2023_congo_drc_01_005120_000000.png,quality_report/human_audit_contact_sheets/audit_0055_jrc_tmf_2020_2023_congo_drc_01_005120_000000.png,,,,,,,reviewer1,,
audit_0056,jrc_tmf_2020_2023_congo_drc_02_stable_006400_002560,train,negative,jrc_tmf_2020_2023_congo_drc_02_stable,congo_drc_02_stable,2560,6400,0.9999847412,0.0000000000,0,65535,valid_0.99_1.00,change_0,data/JRC_TMF_256_5000/A/jrc_tmf_2020_2023_congo_drc_02_stable_006400_002560.png,data/JRC_TMF_256_5000/B/jrc_tmf_2020_2023_congo_drc_02_stable_006400_002560.png,data/JRC_TMF_256_5000/label/jrc_tmf_2020_2023_congo_drc_02_stable_006400_002560.png,quality_report/human_audit_contact_sheets/audit_0056_jrc_tmf_2020_2023_congo_drc_02_stable_006400_002560.png,,,,,,,reviewer1,,
audit_0057,jrc_tmf_2020_2023_congo_drc_02_stable_006400_006656,train,negative,jrc_tmf_2020_2023_congo_drc_02_stable,congo_drc_02_stable,6656,6400,1.0000000000,0.0000000000,0,65536,valid_0.99_1.00,change_0,data/JRC_TMF_256_5000/A/jrc_tmf_2020_2023_congo_drc_02_stable_006400_006656.png,data/JRC_TMF_256_5000/B/jrc_tmf_2020_2023_congo_drc_02_stable_006400_006656.png,data/JRC_TMF_256_5000/label/jrc_tmf_2020_2023_congo_drc_02_stable_006400_006656.png,quality_report/human_audit_contact_sheets/audit_0057_jrc_tmf_2020_2023_congo_drc_02_stable_006400_006656.png,,,,,,,reviewer1,,
audit_0058,jrc_tmf_2020_2023_congo_drc_02_stable_000512_005632,train,negative,jrc_tmf_2020_2023_congo_drc_02_stable,congo_drc_02_stable,5632,512,1.0000000000,0.0000000000,0,65536,valid_0.99_1.00,change_0,data/JRC_TMF_256_5000/A/jrc_tmf_2020_2023_congo_drc_02_stable_000512_005632.png,data/JRC_TMF_256_5000/B/jrc_tmf_2020_2023_congo_drc_02_stable_000512_005632.png,data/JRC_TMF_256_5000/label/jrc_tmf_2020_2023_congo_drc_02_stable_000512_005632.png,quality_report/human_audit_contact_sheets/audit_0058_jrc_tmf_2020_2023_congo_drc_02_stable_000512_005632.png,,,,,,,reviewer1,,
audit_0059,jrc_tmf_2020_2023_congo_drc_02_stable_000768_001536,test,positive,jrc_tmf_2020_2023_congo_drc_02_stable,congo_drc_02_stable,1536,768,0.9998931885,0.0020296357,133,65529,valid_0.99_1.00,change_0_0.005,data/JRC_TMF_256_5000/A/jrc_tmf_2020_2023_congo_drc_02_stable_000768_001536.png,data/JRC_TMF_256_5000/B/jrc_tmf_2020_2023_congo_drc_02_stable_000768_001536.png,data/JRC_TMF_256_5000/label/jrc_tmf_2020_2023_congo_drc_02_stable_000768_001536.png,quality_report/human_audit_contact_sheets/audit_0059_jrc_tmf_2020_2023_congo_drc_02_stable_000768_001536.png,,,,,,,reviewer1,,
audit_0060,jrc_tmf_2020_2023_congo_drc_02_stable_003840_004608,train,positive,jrc_tmf_2020_2023_congo_drc_02_stable,congo_drc_02_stable,4608,3840,0.9842376709,0.0032866688,212,64503,valid_0.95_0.99,change_0_0.005,data/JRC_TMF_256_5000/A/jrc_tmf_2020_2023_congo_drc_02_stable_003840_004608.png,data/JRC_TMF_256_5000/B/jrc_tmf_2020_2023_congo_drc_02_stable_003840_004608.png,data/JRC_TMF_256_5000/label/jrc_tmf_2020_2023_congo_drc_02_stable_003840_004608.png,quality_report/human_audit_contact_sheets/audit_0060_jrc_tmf_2020_2023_congo_drc_02_stable_003840_004608.png,,,,,,,reviewer1,,
audit_0061,jrc_tmf_2020_2023_congo_drc_02_stable_000256_005632,train,positive,jrc_tmf_2020_2023_congo_drc_02_stable,congo_drc_02_stable,5632,256,0.9968719482,0.0038878940,254,65331,valid_0.99_1.00,change_0_0.005,data/JRC_TMF_256_5000/A/jrc_tmf_2020_2023_congo_drc_02_stable_000256_005632.png,data/JRC_TMF_256_5000/B/jrc_tmf_2020_2023_congo_drc_02_stable_000256_005632.png,data/JRC_TMF_256_5000/label/jrc_tmf_2020_2023_congo_drc_02_stable_000256_005632.png,quality_report/human_audit_contact_sheets/audit_0061_jrc_tmf_2020_2023_congo_drc_02_stable_000256_005632.png,,,,,,,reviewer1,,
audit_0062,jrc_tmf_2020_2023_congo_gabon_01_001536_002048,train,negative,jrc_tmf_2020_2023_congo_gabon_01,congo_gabon_01,2048,1536,0.9999542236,0.0000000000,0,65533,valid_0.99_1.00,change_0,data/JRC_TMF_256_5000/A/jrc_tmf_2020_2023_congo_gabon_01_001536_002048.png,data/JRC_TMF_256_5000/B/jrc_tmf_2020_2023_congo_gabon_01_001536_002048.png,data/JRC_TMF_256_5000/label/jrc_tmf_2020_2023_congo_gabon_01_001536_002048.png,quality_report/human_audit_contact_sheets/audit_0062_jrc_tmf_2020_2023_congo_gabon_01_001536_002048.png,,,,,,,reviewer1,,
audit_0063,jrc_tmf_2020_2023_congo_gabon_01_001536_001792,train,negative,jrc_tmf_2020_2023_congo_gabon_01,congo_gabon_01,1792,1536,1.0000000000,0.0000000000,0,65536,valid_0.99_1.00,change_0,data/JRC_TMF_256_5000/A/jrc_tmf_2020_2023_congo_gabon_01_001536_001792.png,data/JRC_TMF_256_5000/B/jrc_tmf_2020_2023_congo_gabon_01_001536_001792.png,data/JRC_TMF_256_5000/label/jrc_tmf_2020_2023_congo_gabon_01_001536_001792.png,quality_report/human_audit_contact_sheets/audit_0063_jrc_tmf_2020_2023_congo_gabon_01_001536_001792.png,,,,,,,reviewer1,,
audit_0064,jrc_tmf_2020_2023_congo_gabon_01_001280_004352,train,negative,jrc_tmf_2020_2023_congo_gabon_01,congo_gabon_01,4352,1280,1.0000000000,0.0000000000,0,65536,valid_0.99_1.00,change_0,data/JRC_TMF_256_5000/A/jrc_tmf_2020_2023_congo_gabon_01_001280_004352.png,data/JRC_TMF_256_5000/B/jrc_tmf_2020_2023_congo_gabon_01_001280_004352.png,data/JRC_TMF_256_5000/label/jrc_tmf_2020_2023_congo_gabon_01_001280_004352.png,quality_report/human_audit_contact_sheets/audit_0064_jrc_tmf_2020_2023_congo_gabon_01_001280_004352.png,,,,,,,reviewer1,,
audit_0065,jrc_tmf_2020_2023_congo_gabon_01_005120_003584,train,positive,jrc_tmf_2020_2023_congo_gabon_01,congo_gabon_01,3584,5120,0.9944152832,0.0044192113,288,65170,valid_0.99_1.00,change_0_0.005,data/JRC_TMF_256_5000/A/jrc_tmf_2020_2023_congo_gabon_01_005120_003584.png,data/JRC_TMF_256_5000/B/jrc_tmf_2020_2023_congo_gabon_01_005120_003584.png,data/JRC_TMF_256_5000/label/jrc_tmf_2020_2023_congo_gabon_01_005120_003584.png,quality_report/human_audit_contact_sheets/audit_0065_jrc_tmf_2020_2023_congo_gabon_01_005120_003584.png,,,,,,,reviewer1,,
audit_0066,jrc_tmf_2020_2023_congo_gabon_01_006144_002304,train,positive,jrc_tmf_2020_2023_congo_gabon_01,congo_gabon_01,2304,6144,0.9992370605,0.0047338362,310,65486,valid_0.99_1.00,change_0_0.005,data/JRC_TMF_256_5000/A/jrc_tmf_2020_2023_congo_gabon_01_006144_002304.png,data/JRC_TMF_256_5000/B/jrc_tmf_2020_2023_congo_gabon_01_006144_002304.png,data/JRC_TMF_256_5000/label/jrc_tmf_2020_2023_congo_gabon_01_006144_002304.png,quality_report/human_audit_contact_sheets/audit_0066_jrc_tmf_2020_2023_congo_gabon_01_006144_002304.png,,,,,,,reviewer1,,
audit_0067,jrc_tmf_2020_2023_congo_gabon_01_002304_005376,train,positive,jrc_tmf_2020_2023_congo_gabon_01,congo_gabon_01,5376,2304,0.9930877686,0.0091114423,593,65083,valid_0.99_1.00,change_0.005_0.02,data/JRC_TMF_256_5000/A/jrc_tmf_2020_2023_congo_gabon_01_002304_005376.png,data/JRC_TMF_256_5000/B/jrc_tmf_2020_2023_congo_gabon_01_002304_005376.png,data/JRC_TMF_256_5000/label/jrc_tmf_2020_2023_congo_gabon_01_002304_005376.png,quality_report/human_audit_contact_sheets/audit_0067_jrc_tmf_2020_2023_congo_gabon_01_002304_005376.png,,,,,,,reviewer1,,
audit_0068,jrc_tmf_2020_2023_congo_gabon_02_stable_005376_001280,val,negative,jrc_tmf_2020_2023_congo_gabon_02_stable,congo_gabon_02_stable,1280,5376,1.0000000000,0.0000000000,0,65536,valid_0.99_1.00,change_0,data/JRC_TMF_256_5000/A/jrc_tmf_2020_2023_congo_gabon_02_stable_005376_001280.png,data/JRC_TMF_256_5000/B/jrc_tmf_2020_2023_congo_gabon_02_stable_005376_001280.png,data/JRC_TMF_256_5000/label/jrc_tmf_2020_2023_congo_gabon_02_stable_005376_001280.png,quality_report/human_audit_contact_sheets/audit_0068_jrc_tmf_2020_2023_congo_gabon_02_stable_005376_001280.png,,,,,,,reviewer1,,
audit_0069,jrc_tmf_2020_2023_congo_gabon_02_stable_006400_004096,train,negative,jrc_tmf_2020_2023_congo_gabon_02_stable,congo_gabon_02_stable,4096,6400,1.0000000000,0.0000000000,0,65536,valid_0.99_1.00,change_0,data/JRC_TMF_256_5000/A/jrc_tmf_2020_2023_congo_gabon_02_stable_006400_004096.png,data/JRC_TMF_256_5000/B/jrc_tmf_2020_2023_congo_gabon_02_stable_006400_004096.png,data/JRC_TMF_256_5000/label/jrc_tmf_2020_2023_congo_gabon_02_stable_006400_004096.png,quality_report/human_audit_contact_sheets/audit_0069_jrc_tmf_2020_2023_congo_gabon_02_stable_006400_004096.png,,,,,,,reviewer1,,
audit_0070,jrc_tmf_2020_2023_congo_gabon_02_stable_004864_001024,test,negative,jrc_tmf_2020_2023_congo_gabon_02_stable,congo_gabon_02_stable,1024,4864,1.0000000000,0.0000000000,0,65536,valid_0.99_1.00,change_0,data/JRC_TMF_256_5000/A/jrc_tmf_2020_2023_congo_gabon_02_stable_004864_001024.png,data/JRC_TMF_256_5000/B/jrc_tmf_2020_2023_congo_gabon_02_stable_004864_001024.png,data/JRC_TMF_256_5000/label/jrc_tmf_2020_2023_congo_gabon_02_stable_004864_001024.png,quality_report/human_audit_contact_sheets/audit_0070_jrc_tmf_2020_2023_congo_gabon_02_stable_004864_001024.png,,,,,,,reviewer1,,
audit_0071,jrc_tmf_2020_2023_congo_gabon_02_stable_002560_003072,train,positive,jrc_tmf_2020_2023_congo_gabon_02_stable,congo_gabon_02_stable,3072,2560,0.9976043701,0.0025849279,169,65379,valid_0.99_1.00,change_0_0.005,data/JRC_TMF_256_5000/A/jrc_tmf_2020_2023_congo_gabon_02_stable_002560_003072.png,data/JRC_TMF_256_5000/B/jrc_tmf_2020_2023_congo_gabon_02_stable_002560_003072.png,data/JRC_TMF_256_5000/label/jrc_tmf_2020_2023_congo_gabon_02_stable_002560_003072.png,quality_report/human_audit_contact_sheets/audit_0071_jrc_tmf_2020_2023_congo_gabon_02_stable_002560_003072.png,,,,,,,reviewer1,,
audit_0072,jrc_tmf_2020_2023_congo_gabon_02_stable_005376_006656,train,positive,jrc_tmf_2020_2023_congo_gabon_02_stable,congo_gabon_02_stable,6656,5376,0.9742889404,0.0034455216,220,63851,valid_0.95_0.99,change_0_0.005,data/JRC_TMF_256_5000/A/jrc_tmf_2020_2023_congo_gabon_02_stable_005376_006656.png,data/JRC_TMF_256_5000/B/jrc_tmf_2020_2023_congo_gabon_02_stable_005376_006656.png,data/JRC_TMF_256_5000/label/jrc_tmf_2020_2023_congo_gabon_02_stable_005376_006656.png,quality_report/human_audit_contact_sheets/audit_0072_jrc_tmf_2020_2023_congo_gabon_02_stable_005376_006656.png,,,,,,,reviewer1,,
audit_0073,jrc_tmf_2020_2023_congo_gabon_02_stable_007168_001024,val,positive,jrc_tmf_2020_2023_congo_gabon_02_stable,congo_gabon_02_stable,1024,7168,0.9983825684,0.0054103622,354,65430,valid_0.99_1.00,change_0.005_0.02,data/JRC_TMF_256_5000/A/jrc_tmf_2020_2023_congo_gabon_02_stable_007168_001024.png,data/JRC_TMF_256_5000/B/jrc_tmf_2020_2023_congo_gabon_02_stable_007168_001024.png,data/JRC_TMF_256_5000/label/jrc_tmf_2020_2023_congo_gabon_02_stable_007168_001024.png,quality_report/human_audit_contact_sheets/audit_0073_jrc_tmf_2020_2023_congo_gabon_02_stable_007168_001024.png,,,,,,,reviewer1,,
audit_0074,jrc_tmf_2020_2023_congo_roc_01_stable_000256_004864,test,negative,jrc_tmf_2020_2023_congo_roc_01_stable,congo_roc_01_stable,4864,256,1.0000000000,0.0000000000,0,65536,valid_0.99_1.00,change_0,data/JRC_TMF_256_5000/A/jrc_tmf_2020_2023_congo_roc_01_stable_000256_004864.png,data/JRC_TMF_256_5000/B/jrc_tmf_2020_2023_congo_roc_01_stable_000256_004864.png,data/JRC_TMF_256_5000/label/jrc_tmf_2020_2023_congo_roc_01_stable_000256_004864.png,quality_report/human_audit_contact_sheets/audit_0074_jrc_tmf_2020_2023_congo_roc_01_stable_000256_004864.png,,,,,,,reviewer1,,
audit_0075,jrc_tmf_2020_2023_congo_roc_01_stable_005888_005888,train,negative,jrc_tmf_2020_2023_congo_roc_01_stable,congo_roc_01_stable,5888,5888,0.9998626709,0.0000000000,0,65527,valid_0.99_1.00,change_0,data/JRC_TMF_256_5000/A/jrc_tmf_2020_2023_congo_roc_01_stable_005888_005888.png,data/JRC_TMF_256_5000/B/jrc_tmf_2020_2023_congo_roc_01_stable_005888_005888.png,data/JRC_TMF_256_5000/label/jrc_tmf_2020_2023_congo_roc_01_stable_005888_005888.png,quality_report/human_audit_contact_sheets/audit_0075_jrc_tmf_2020_2023_congo_roc_01_stable_005888_005888.png,,,,,,,reviewer1,,
audit_0076,jrc_tmf_2020_2023_congo_roc_01_stable_002304_004352,train,negative,jrc_tmf_2020_2023_congo_roc_01_stable,congo_roc_01_stable,4352,2304,1.0000000000,0.0000000000,0,65536,valid_0.99_1.00,change_0,data/JRC_TMF_256_5000/A/jrc_tmf_2020_2023_congo_roc_01_stable_002304_004352.png,data/JRC_TMF_256_5000/B/jrc_tmf_2020_2023_congo_roc_01_stable_002304_004352.png,data/JRC_TMF_256_5000/label/jrc_tmf_2020_2023_congo_roc_01_stable_002304_004352.png,quality_report/human_audit_contact_sheets/audit_0076_jrc_tmf_2020_2023_congo_roc_01_stable_002304_004352.png,,,,,,,reviewer1,,
audit_0077,jrc_tmf_2020_2023_congo_roc_01_stable_006656_002816,test,positive,jrc_tmf_2020_2023_congo_roc_01_stable,congo_roc_01_stable,2816,6656,0.8553009033,0.0045849464,257,56053,valid_0.85_0.95,change_0_0.005,data/JRC_TMF_256_5000/A/jrc_tmf_2020_2023_congo_roc_01_stable_006656_002816.png,data/JRC_TMF_256_5000/B/jrc_tmf_2020_2023_congo_roc_01_stable_006656_002816.png,data/JRC_TMF_256_5000/label/jrc_tmf_2020_2023_congo_roc_01_stable_006656_002816.png,quality_report/human_audit_contact_sheets/audit_0077_jrc_tmf_2020_2023_congo_roc_01_stable_006656_002816.png,,,,,,,reviewer1,,
audit_0078,jrc_tmf_2020_2023_congo_roc_01_stable_004352_005632,train,positive,jrc_tmf_2020_2023_congo_roc_01_stable,congo_roc_01_stable,5632,4352,0.9199676514,0.0247466454,1492,60291,valid_0.85_0.95,change_0.02_0.05,data/JRC_TMF_256_5000/A/jrc_tmf_2020_2023_congo_roc_01_stable_004352_005632.png,data/JRC_TMF_256_5000/B/jrc_tmf_2020_2023_congo_roc_01_stable_004352_005632.png,data/JRC_TMF_256_5000/label/jrc_tmf_2020_2023_congo_roc_01_stable_004352_005632.png,quality_report/human_audit_contact_sheets/audit_0078_jrc_tmf_2020_2023_congo_roc_01_stable_004352_005632.png,,,,,,,reviewer1,,
audit_0079,jrc_tmf_2020_2023_congo_roc_01_stable_001792_000512,train,positive,jrc_tmf_2020_2023_congo_roc_01_stable,congo_roc_01_stable,512,1792,0.9949951172,0.0180806036,1179,65208,valid_0.99_1.00,change_0.005_0.02,data/JRC_TMF_256_5000/A/jrc_tmf_2020_2023_congo_roc_01_stable_001792_000512.png,data/JRC_TMF_256_5000/B/jrc_tmf_2020_2023_congo_roc_01_stable_001792_000512.png,data/JRC_TMF_256_5000/label/jrc_tmf_2020_2023_congo_roc_01_stable_001792_000512.png,quality_report/human_audit_contact_sheets/audit_0079_jrc_tmf_2020_2023_congo_roc_01_stable_001792_000512.png,,,,,,,reviewer1,,
audit_0080,jrc_tmf_2020_2023_se_asia_borneo_01_001792_005376,val,negative,jrc_tmf_2020_2023_se_asia_borneo_01,se_asia_borneo_01,5376,1792,0.9998474121,0.0000000000,0,65526,valid_0.99_1.00,change_0,data/JRC_TMF_256_5000/A/jrc_tmf_2020_2023_se_asia_borneo_01_001792_005376.png,data/JRC_TMF_256_5000/B/jrc_tmf_2020_2023_se_asia_borneo_01_001792_005376.png,data/JRC_TMF_256_5000/label/jrc_tmf_2020_2023_se_asia_borneo_01_001792_005376.png,quality_report/human_audit_contact_sheets/audit_0080_jrc_tmf_2020_2023_se_asia_borneo_01_001792_005376.png,,,,,,,reviewer1,,
audit_0081,jrc_tmf_2020_2023_se_asia_borneo_01_000768_005888,train,negative,jrc_tmf_2020_2023_se_asia_borneo_01,se_asia_borneo_01,5888,768,0.9922637939,0.0000000000,0,65029,valid_0.99_1.00,change_0,data/JRC_TMF_256_5000/A/jrc_tmf_2020_2023_se_asia_borneo_01_000768_005888.png,data/JRC_TMF_256_5000/B/jrc_tmf_2020_2023_se_asia_borneo_01_000768_005888.png,data/JRC_TMF_256_5000/label/jrc_tmf_2020_2023_se_asia_borneo_01_000768_005888.png,quality_report/human_audit_contact_sheets/audit_0081_jrc_tmf_2020_2023_se_asia_borneo_01_000768_005888.png,,,,,,,reviewer1,,
audit_0082,jrc_tmf_2020_2023_se_asia_borneo_01_000256_002048,test,negative,jrc_tmf_2020_2023_se_asia_borneo_01,se_asia_borneo_01,2048,256,0.9999847412,0.0000000000,0,65535,valid_0.99_1.00,change_0,data/JRC_TMF_256_5000/A/jrc_tmf_2020_2023_se_asia_borneo_01_000256_002048.png,data/JRC_TMF_256_5000/B/jrc_tmf_2020_2023_se_asia_borneo_01_000256_002048.png,data/JRC_TMF_256_5000/label/jrc_tmf_2020_2023_se_asia_borneo_01_000256_002048.png,quality_report/human_audit_contact_sheets/audit_0082_jrc_tmf_2020_2023_se_asia_borneo_01_000256_002048.png,,,,,,,reviewer1,,
audit_0083,jrc_tmf_2020_2023_se_asia_borneo_01_004864_002048,train,positive,jrc_tmf_2020_2023_se_asia_borneo_01,se_asia_borneo_01,2048,4864,0.9691467285,0.0056837863,361,63514,valid_0.95_0.99,change_0.005_0.02,data/JRC_TMF_256_5000/A/jrc_tmf_2020_2023_se_asia_borneo_01_004864_002048.png,data/JRC_TMF_256_5000/B/jrc_tmf_2020_2023_se_asia_borneo_01_004864_002048.png,data/JRC_TMF_256_5000/label/jrc_tmf_2020_2023_se_asia_borneo_01_004864_002048.png,quality_report/human_audit_contact_sheets/audit_0083_jrc_tmf_2020_2023_se_asia_borneo_01_004864_002048.png,,,,,,,reviewer1,,
audit_0084,jrc_tmf_2020_2023_se_asia_borneo_01_003584_002560,train,positive,jrc_tmf_2020_2023_se_asia_borneo_01,se_asia_borneo_01,2560,3584,0.9963073730,0.0027108157,177,65294,valid_0.99_1.00,change_0_0.005,data/JRC_TMF_256_5000/A/jrc_tmf_2020_2023_se_asia_borneo_01_003584_002560.png,data/JRC_TMF_256_5000/B/jrc_tmf_2020_2023_se_asia_borneo_01_003584_002560.png,data/JRC_TMF_256_5000/label/jrc_tmf_2020_2023_se_asia_borneo_01_003584_002560.png,quality_report/human_audit_contact_sheets/audit_0084_jrc_tmf_2020_2023_se_asia_borneo_01_003584_002560.png,,,,,,,reviewer1,,
audit_0085,jrc_tmf_2020_2023_se_asia_borneo_01_005120_001024,train,positive,jrc_tmf_2020_2023_se_asia_borneo_01,se_asia_borneo_01,1024,5120,0.9946441650,0.0060750173,396,65185,valid_0.99_1.00,change_0.005_0.02,data/JRC_TMF_256_5000/A/jrc_tmf_2020_2023_se_asia_borneo_01_005120_001024.png,data/JRC_TMF_256_5000/B/jrc_tmf_2020_2023_se_asia_borneo_01_005120_001024.png,data/JRC_TMF_256_5000/label/jrc_tmf_2020_2023_se_asia_borneo_01_005120_001024.png,quality_report/human_audit_contact_sheets/audit_0085_jrc_tmf_2020_2023_se_asia_borneo_01_005120_001024.png,,,,,,,reviewer1,,
audit_0086,jrc_tmf_2020_2023_se_asia_borneo_02_stable_005888_001280,train,negative,jrc_tmf_2020_2023_se_asia_borneo_02_stable,se_asia_borneo_02_stable,1280,5888,1.0000000000,0.0000000000,0,65536,valid_0.99_1.00,change_0,data/JRC_TMF_256_5000/A/jrc_tmf_2020_2023_se_asia_borneo_02_stable_005888_001280.png,data/JRC_TMF_256_5000/B/jrc_tmf_2020_2023_se_asia_borneo_02_stable_005888_001280.png,data/JRC_TMF_256_5000/label/jrc_tmf_2020_2023_se_asia_borneo_02_stable_005888_001280.png,quality_report/human_audit_contact_sheets/audit_0086_jrc_tmf_2020_2023_se_asia_borneo_02_stable_005888_001280.png,,,,,,,reviewer1,,
audit_0087,jrc_tmf_2020_2023_se_asia_borneo_02_stable_001280_000000,train,negative,jrc_tmf_2020_2023_se_asia_borneo_02_stable,se_asia_borneo_02_stable,0,1280,1.0000000000,0.0000000000,0,65536,valid_0.99_1.00,change_0,data/JRC_TMF_256_5000/A/jrc_tmf_2020_2023_se_asia_borneo_02_stable_001280_000000.png,data/JRC_TMF_256_5000/B/jrc_tmf_2020_2023_se_asia_borneo_02_stable_001280_000000.png,data/JRC_TMF_256_5000/label/jrc_tmf_2020_2023_se_asia_borneo_02_stable_001280_000000.png,quality_report/human_audit_contact_sheets/audit_0087_jrc_tmf_2020_2023_se_asia_borneo_02_stable_001280_000000.png,,,,,,,reviewer1,,
audit_0088,jrc_tmf_2020_2023_se_asia_borneo_02_stable_003328_000000,train,negative,jrc_tmf_2020_2023_se_asia_borneo_02_stable,se_asia_borneo_02_stable,0,3328,0.9963073730,0.0000000000,0,65294,valid_0.99_1.00,change_0,data/JRC_TMF_256_5000/A/jrc_tmf_2020_2023_se_asia_borneo_02_stable_003328_000000.png,data/JRC_TMF_256_5000/B/jrc_tmf_2020_2023_se_asia_borneo_02_stable_003328_000000.png,data/JRC_TMF_256_5000/label/jrc_tmf_2020_2023_se_asia_borneo_02_stable_003328_000000.png,quality_report/human_audit_contact_sheets/audit_0088_jrc_tmf_2020_2023_se_asia_borneo_02_stable_003328_000000.png,,,,,,,reviewer1,,
audit_0089,jrc_tmf_2020_2023_se_asia_borneo_02_stable_003840_005632,train,positive,jrc_tmf_2020_2023_se_asia_borneo_02_stable,se_asia_borneo_02_stable,5632,3840,0.9879302979,0.0020542127,133,64745,valid_0.95_0.99,change_0_0.005,data/JRC_TMF_256_5000/A/jrc_tmf_2020_2023_se_asia_borneo_02_stable_003840_005632.png,data/JRC_TMF_256_5000/B/jrc_tmf_2020_2023_se_asia_borneo_02_stable_003840_005632.png,data/JRC_TMF_256_5000/label/jrc_tmf_2020_2023_se_asia_borneo_02_stable_003840_005632.png,quality_report/human_audit_contact_sheets/audit_0089_jrc_tmf_2020_2023_se_asia_borneo_02_stable_003840_005632.png,,,,,,,reviewer1,,
audit_0090,jrc_tmf_2020_2023_se_asia_borneo_02_stable_001024_003840,val,positive,jrc_tmf_2020_2023_se_asia_borneo_02_stable,se_asia_borneo_02_stable,3840,1024,0.9817199707,0.0165532034,1065,64338,valid_0.95_0.99,change_0.005_0.02,data/JRC_TMF_256_5000/A/jrc_tmf_2020_2023_se_asia_borneo_02_stable_001024_003840.png,data/JRC_TMF_256_5000/B/jrc_tmf_2020_2023_se_asia_borneo_02_stable_001024_003840.png,data/JRC_TMF_256_5000/label/jrc_tmf_2020_2023_se_asia_borneo_02_stable_001024_003840.png,quality_report/human_audit_contact_sheets/audit_0090_jrc_tmf_2020_2023_se_asia_borneo_02_stable_001024_003840.png,,,,,,,reviewer1,,
audit_0091,jrc_tmf_2020_2023_se_asia_borneo_02_stable_004864_005632,train,positive,jrc_tmf_2020_2023_se_asia_borneo_02_stable,se_asia_borneo_02_stable,5632,4864,0.9830322266,0.0138302496,891,64424,valid_0.95_0.99,change_0.005_0.02,data/JRC_TMF_256_5000/A/jrc_tmf_2020_2023_se_asia_borneo_02_stable_004864_005632.png,data/JRC_TMF_256_5000/B/jrc_tmf_2020_2023_se_asia_borneo_02_stable_004864_005632.png,data/JRC_TMF_256_5000/label/jrc_tmf_2020_2023_se_asia_borneo_02_stable_004864_005632.png,quality_report/human_audit_contact_sheets/audit_0091_jrc_tmf_2020_2023_se_asia_borneo_02_stable_004864_005632.png,,,,,,,reviewer1,,
audit_0092,jrc_tmf_2020_2023_se_asia_papua_01_stable_002560_004864,train,negative,jrc_tmf_2020_2023_se_asia_papua_01_stable,se_asia_papua_01_stable,4864,2560,1.0000000000,0.0000000000,0,65536,valid_0.99_1.00,change_0,data/JRC_TMF_256_5000/A/jrc_tmf_2020_2023_se_asia_papua_01_stable_002560_004864.png,data/JRC_TMF_256_5000/B/jrc_tmf_2020_2023_se_asia_papua_01_stable_002560_004864.png,data/JRC_TMF_256_5000/label/jrc_tmf_2020_2023_se_asia_papua_01_stable_002560_004864.png,quality_report/human_audit_contact_sheets/audit_0092_jrc_tmf_2020_2023_se_asia_papua_01_stable_002560_004864.png,,,,,,,reviewer1,,
audit_0093,jrc_tmf_2020_2023_se_asia_papua_01_stable_002304_006656,val,negative,jrc_tmf_2020_2023_se_asia_papua_01_stable,se_asia_papua_01_stable,6656,2304,0.9999694824,0.0000000000,0,65534,valid_0.99_1.00,change_0,data/JRC_TMF_256_5000/A/jrc_tmf_2020_2023_se_asia_papua_01_stable_002304_006656.png,data/JRC_TMF_256_5000/B/jrc_tmf_2020_2023_se_asia_papua_01_stable_002304_006656.png,data/JRC_TMF_256_5000/label/jrc_tmf_2020_2023_se_asia_papua_01_stable_002304_006656.png,quality_report/human_audit_contact_sheets/audit_0093_jrc_tmf_2020_2023_se_asia_papua_01_stable_002304_006656.png,,,,,,,reviewer1,,
audit_0094,jrc_tmf_2020_2023_se_asia_papua_01_stable_002048_003584,train,negative,jrc_tmf_2020_2023_se_asia_papua_01_stable,se_asia_papua_01_stable,3584,2048,1.0000000000,0.0000000000,0,65536,valid_0.99_1.00,change_0,data/JRC_TMF_256_5000/A/jrc_tmf_2020_2023_se_asia_papua_01_stable_002048_003584.png,data/JRC_TMF_256_5000/B/jrc_tmf_2020_2023_se_asia_papua_01_stable_002048_003584.png,data/JRC_TMF_256_5000/label/jrc_tmf_2020_2023_se_asia_papua_01_stable_002048_003584.png,quality_report/human_audit_contact_sheets/audit_0094_jrc_tmf_2020_2023_se_asia_papua_01_stable_002048_003584.png,,,,,,,reviewer1,,
audit_0095,jrc_tmf_2020_2023_se_asia_papua_01_stable_004352_003840,test,positive,jrc_tmf_2020_2023_se_asia_papua_01_stable,se_asia_papua_01_stable,3840,4352,0.9675292969,0.0137679788,873,63408,valid_0.95_0.99,change_0.005_0.02,data/JRC_TMF_256_5000/A/jrc_tmf_2020_2023_se_asia_papua_01_stable_004352_003840.png,data/JRC_TMF_256_5000/B/jrc_tmf_2020_2023_se_asia_papua_01_stable_004352_003840.png,data/JRC_TMF_256_5000/label/jrc_tmf_2020_2023_se_asia_papua_01_stable_004352_003840.png,quality_report/human_audit_contact_sheets/audit_0095_jrc_tmf_2020_2023_se_asia_papua_01_stable_004352_003840.png,,,,,,,reviewer1,,
audit_0096,jrc_tmf_2020_2023_se_asia_papua_01_stable_003840_004352,train,positive,jrc_tmf_2020_2023_se_asia_papua_01_stable,se_asia_papua_01_stable,4352,3840,0.9980163574,0.0034553405,226,65406,valid_0.99_1.00,change_0_0.005,data/JRC_TMF_256_5000/A/jrc_tmf_2020_2023_se_asia_papua_01_stable_003840_004352.png,data/JRC_TMF_256_5000/B/jrc_tmf_2020_2023_se_asia_papua_01_stable_003840_004352.png,data/JRC_TMF_256_5000/label/jrc_tmf_2020_2023_se_asia_papua_01_stable_003840_004352.png,quality_report/human_audit_contact_sheets/audit_0096_jrc_tmf_2020_2023_se_asia_papua_01_stable_003840_004352.png,,,,,,,reviewer1,,
audit_0097,jrc_tmf_2020_2023_se_asia_papua_01_stable_004864_003840,test,positive,jrc_tmf_2020_2023_se_asia_papua_01_stable,se_asia_papua_01_stable,3840,4864,0.9702606201,0.0163398179,1039,63587,valid_0.95_0.99,change_0.005_0.02,data/JRC_TMF_256_5000/A/jrc_tmf_2020_2023_se_asia_papua_01_stable_004864_003840.png,data/JRC_TMF_256_5000/B/jrc_tmf_2020_2023_se_asia_papua_01_stable_004864_003840.png,data/JRC_TMF_256_5000/label/jrc_tmf_2020_2023_se_asia_papua_01_stable_004864_003840.png,quality_report/human_audit_contact_sheets/audit_0097_jrc_tmf_2020_2023_se_asia_papua_01_stable_004864_003840.png,,,,,,,reviewer1,,
audit_0098,jrc_tmf_2020_2023_se_asia_sumatra_01_005632_005376,train,negative,jrc_tmf_2020_2023_se_asia_sumatra_01,se_asia_sumatra_01,5376,5632,1.0000000000,0.0000000000,0,65536,valid_0.99_1.00,change_0,data/JRC_TMF_256_5000/A/jrc_tmf_2020_2023_se_asia_sumatra_01_005632_005376.png,data/JRC_TMF_256_5000/B/jrc_tmf_2020_2023_se_asia_sumatra_01_005632_005376.png,data/JRC_TMF_256_5000/label/jrc_tmf_2020_2023_se_asia_sumatra_01_005632_005376.png,quality_report/human_audit_contact_sheets/audit_0098_jrc_tmf_2020_2023_se_asia_sumatra_01_005632_005376.png,,,,,,,reviewer1,,
audit_0099,jrc_tmf_2020_2023_se_asia_sumatra_01_003072_000000,train,negative,jrc_tmf_2020_2023_se_asia_sumatra_01,se_asia_sumatra_01,0,3072,0.9999084473,0.0000000000,0,65530,valid_0.99_1.00,change_0,data/JRC_TMF_256_5000/A/jrc_tmf_2020_2023_se_asia_sumatra_01_003072_000000.png,data/JRC_TMF_256_5000/B/jrc_tmf_2020_2023_se_asia_sumatra_01_003072_000000.png,data/JRC_TMF_256_5000/label/jrc_tmf_2020_2023_se_asia_sumatra_01_003072_000000.png,quality_report/human_audit_contact_sheets/audit_0099_jrc_tmf_2020_2023_se_asia_sumatra_01_003072_000000.png,,,,,,,reviewer1,,
audit_0100,jrc_tmf_2020_2023_se_asia_sumatra_01_000000_006400,train,negative,jrc_tmf_2020_2023_se_asia_sumatra_01,se_asia_sumatra_01,6400,0,0.9996643066,0.0000000000,0,65514,valid_0.99_1.00,change_0,data/JRC_TMF_256_5000/A/jrc_tmf_2020_2023_se_asia_sumatra_01_000000_006400.png,data/JRC_TMF_256_5000/B/jrc_tmf_2020_2023_se_asia_sumatra_01_000000_006400.png,data/JRC_TMF_256_5000/label/jrc_tmf_2020_2023_se_asia_sumatra_01_000000_006400.png,quality_report/human_audit_contact_sheets/audit_0100_jrc_tmf_2020_2023_se_asia_sumatra_01_000000_006400.png,,,,,,,reviewer1,,
audit_0101,jrc_tmf_2020_2023_se_asia_sumatra_01_004864_005120,val,positive,jrc_tmf_2020_2023_se_asia_sumatra_01,se_asia_sumatra_01,5120,4864,0.9986114502,0.0044159218,289,65445,valid_0.99_1.00,change_0_0.005,data/JRC_TMF_256_5000/A/jrc_tmf_2020_2023_se_asia_sumatra_01_004864_005120.png,data/JRC_TMF_256_5000/B/jrc_tmf_2020_2023_se_asia_sumatra_01_004864_005120.png,data/JRC_TMF_256_5000/label/jrc_tmf_2020_2023_se_asia_sumatra_01_004864_005120.png,quality_report/human_audit_contact_sheets/audit_0101_jrc_tmf_2020_2023_se_asia_sumatra_01_004864_005120.png,,,,,,,reviewer1,,
audit_0102,jrc_tmf_2020_2023_se_asia_sumatra_01_002560_000000,train,positive,jrc_tmf_2020_2023_se_asia_sumatra_01,se_asia_sumatra_01,0,2560,0.9917907715,0.0042616696,277,64998,valid_0.99_1.00,change_0_0.005,data/JRC_TMF_256_5000/A/jrc_tmf_2020_2023_se_asia_sumatra_01_002560_000000.png,data/JRC_TMF_256_5000/B/jrc_tmf_2020_2023_se_asia_sumatra_01_002560_000000.png,data/JRC_TMF_256_5000/label/jrc_tmf_2020_2023_se_asia_sumatra_01_002560_000000.png,quality_report/human_audit_contact_sheets/audit_0102_jrc_tmf_2020_2023_se_asia_sumatra_01_002560_000000.png,,,,,,,reviewer1,,
audit_0103,jrc_tmf_2020_2023_se_asia_sumatra_01_005632_000512,train,positive,jrc_tmf_2020_2023_se_asia_sumatra_01,se_asia_sumatra_01,512,5632,0.9966430664,0.0050064303,327,65316,valid_0.99_1.00,change_0.005_0.02,data/JRC_TMF_256_5000/A/jrc_tmf_2020_2023_se_asia_sumatra_01_005632_000512.png,data/JRC_TMF_256_5000/B/jrc_tmf_2020_2023_se_asia_sumatra_01_005632_000512.png,data/JRC_TMF_256_5000/label/jrc_tmf_2020_2023_se_asia_sumatra_01_005632_000512.png,quality_report/human_audit_contact_sheets/audit_0103_jrc_tmf_2020_2023_se_asia_sumatra_01_005632_000512.png,,,,,,,reviewer1,,
audit_0104,jrc_tmf_2020_2023_se_asia_sumatra_02_stable_004608_001792,train,negative,jrc_tmf_2020_2023_se_asia_sumatra_02_stable,se_asia_sumatra_02_stable,1792,4608,1.0000000000,0.0000000000,0,65536,valid_0.99_1.00,change_0,data/JRC_TMF_256_5000/A/jrc_tmf_2020_2023_se_asia_sumatra_02_stable_004608_001792.png,data/JRC_TMF_256_5000/B/jrc_tmf_2020_2023_se_asia_sumatra_02_stable_004608_001792.png,data/JRC_TMF_256_5000/label/jrc_tmf_2020_2023_se_asia_sumatra_02_stable_004608_001792.png,quality_report/human_audit_contact_sheets/audit_0104_jrc_tmf_2020_2023_se_asia_sumatra_02_stable_004608_001792.png,,,,,,,reviewer1,,
audit_0105,jrc_tmf_2020_2023_se_asia_sumatra_02_stable_004608_001280,train,positive,jrc_tmf_2020_2023_se_asia_sumatra_02_stable,se_asia_sumatra_02_stable,1280,4608,0.9061431885,0.0080154921,476,59385,valid_0.85_0.95,change_0.005_0.02,data/JRC_TMF_256_5000/A/jrc_tmf_2020_2023_se_asia_sumatra_02_stable_004608_001280.png,data/JRC_TMF_256_5000/B/jrc_tmf_2020_2023_se_asia_sumatra_02_stable_004608_001280.png,data/JRC_TMF_256_5000/label/jrc_tmf_2020_2023_se_asia_sumatra_02_stable_004608_001280.png,quality_report/human_audit_contact_sheets/audit_0105_jrc_tmf_2020_2023_se_asia_sumatra_02_stable_004608_001280.png,,,,,,,reviewer1,,
audit_0106,jrc_tmf_2020_2023_se_asia_sumatra_02_stable_003072_002560,train,positive,jrc_tmf_2020_2023_se_asia_sumatra_02_stable,se_asia_sumatra_02_stable,2560,3072,0.8323211670,0.0055365098,302,54547,valid_0.80_0.85,change_0.005_0.02,data/JRC_TMF_256_5000/A/jrc_tmf_2020_2023_se_asia_sumatra_02_stable_003072_002560.png,data/JRC_TMF_256_5000/B/jrc_tmf_2020_2023_se_asia_sumatra_02_stable_003072_002560.png,data/JRC_TMF_256_5000/label/jrc_tmf_2020_2023_se_asia_sumatra_02_stable_003072_002560.png,quality_report/human_audit_contact_sheets/audit_0106_jrc_tmf_2020_2023_se_asia_sumatra_02_stable_003072_002560.png,,,,,,,reviewer1,,
audit_0107,jrc_tmf_2020_2023_se_asia_sumatra_02_stable_006400_003840,train,positive,jrc_tmf_2020_2023_se_asia_sumatra_02_stable,se_asia_sumatra_02_stable,3840,6400,0.9713897705,0.0096134211,612,63661,valid_0.95_0.99,change_0.005_0.02,data/JRC_TMF_256_5000/A/jrc_tmf_2020_2023_se_asia_sumatra_02_stable_006400_003840.png,data/JRC_TMF_256_5000/B/jrc_tmf_2020_2023_se_asia_sumatra_02_stable_006400_003840.png,data/JRC_TMF_256_5000/label/jrc_tmf_2020_2023_se_asia_sumatra_02_stable_006400_003840.png,quality_report/human_audit_contact_sheets/audit_0107_jrc_tmf_2020_2023_se_asia_sumatra_02_stable_006400_003840.png,,,,,,,reviewer1,,
audit_0108,jrc_tmf_2020_2023_congo_gabon_02_stable_006400_000256,test,negative,jrc_tmf_2020_2023_congo_gabon_02_stable,congo_gabon_02_stable,256,6400,1.0000000000,0.0000000000,0,65536,valid_0.99_1.00,change_0,data/JRC_TMF_256_5000/A/jrc_tmf_2020_2023_congo_gabon_02_stable_006400_000256.png,data/JRC_TMF_256_5000/B/jrc_tmf_2020_2023_congo_gabon_02_stable_006400_000256.png,data/JRC_TMF_256_5000/label/jrc_tmf_2020_2023_congo_gabon_02_stable_006400_000256.png,quality_report/human_audit_contact_sheets/audit_0108_jrc_tmf_2020_2023_congo_gabon_02_stable_006400_000256.png,,,,,,,reviewer1,,
audit_0109,jrc_tmf_2020_2023_congo_roc_01_stable_000000_004608,test,negative,jrc_tmf_2020_2023_congo_roc_01_stable,congo_roc_01_stable,4608,0,1.0000000000,0.0000000000,0,65536,valid_0.99_1.00,change_0,data/JRC_TMF_256_5000/A/jrc_tmf_2020_2023_congo_roc_01_stable_000000_004608.png,data/JRC_TMF_256_5000/B/jrc_tmf_2020_2023_congo_roc_01_stable_000000_004608.png,data/JRC_TMF_256_5000/label/jrc_tmf_2020_2023_congo_roc_01_stable_000000_004608.png,quality_report/human_audit_contact_sheets/audit_0109_jrc_tmf_2020_2023_congo_roc_01_stable_000000_004608.png,,,,,,,reviewer1,,
audit_0110,jrc_tmf_2020_2023_se_asia_borneo_02_stable_003584_001536,test,negative,jrc_tmf_2020_2023_se_asia_borneo_02_stable,se_asia_borneo_02_stable,1536,3584,1.0000000000,0.0000000000,0,65536,valid_0.99_1.00,change_0,data/JRC_TMF_256_5000/A/jrc_tmf_2020_2023_se_asia_borneo_02_stable_003584_001536.png,data/JRC_TMF_256_5000/B/jrc_tmf_2020_2023_se_asia_borneo_02_stable_003584_001536.png,data/JRC_TMF_256_5000/label/jrc_tmf_2020_2023_se_asia_borneo_02_stable_003584_001536.png,quality_report/human_audit_contact_sheets/audit_0110_jrc_tmf_2020_2023_se_asia_borneo_02_stable_003584_001536.png,,,,,,,reviewer1,,
audit_0111,jrc_tmf_2020_2023_se_asia_papua_01_stable_001280_000768,test,negative,jrc_tmf_2020_2023_se_asia_papua_01_stable,se_asia_papua_01_stable,768,1280,0.9833679199,0.0000000000,0,64446,valid_0.95_0.99,change_0,data/JRC_TMF_256_5000/A/jrc_tmf_2020_2023_se_asia_papua_01_stable_001280_000768.png,data/JRC_TMF_256_5000/B/jrc_tmf_2020_2023_se_asia_papua_01_stable_001280_000768.png,data/JRC_TMF_256_5000/label/jrc_tmf_2020_2023_se_asia_papua_01_stable_001280_000768.png,quality_report/human_audit_contact_sheets/audit_0111_jrc_tmf_2020_2023_se_asia_papua_01_stable_001280_000768.png,,,,,,,reviewer1,,
audit_0112,jrc_tmf_2020_2023_amazon_guyana_01_stable_002304_006400,test,negative,jrc_tmf_2020_2023_amazon_guyana_01_stable,amazon_guyana_01_stable,6400,2304,0.9999847412,0.0000000000,0,65535,valid_0.99_1.00,change_0,data/JRC_TMF_256_5000/A/jrc_tmf_2020_2023_amazon_guyana_01_stable_002304_006400.png,data/JRC_TMF_256_5000/B/jrc_tmf_2020_2023_amazon_guyana_01_stable_002304_006400.png,data/JRC_TMF_256_5000/label/jrc_tmf_2020_2023_amazon_guyana_01_stable_002304_006400.png,quality_report/human_audit_contact_sheets/audit_0112_jrc_tmf_2020_2023_amazon_guyana_01_stable_002304_006400.png,,,,,,,reviewer1,,
audit_0113,jrc_tmf_2020_2023_se_asia_borneo_02_stable_003072_001024,test,negative,jrc_tmf_2020_2023_se_asia_borneo_02_stable,se_asia_borneo_02_stable,1024,3072,0.9879760742,0.0000000000,0,64748,valid_0.95_0.99,change_0,data/JRC_TMF_256_5000/A/jrc_tmf_2020_2023_se_asia_borneo_02_stable_003072_001024.png,data/JRC_TMF_256_5000/B/jrc_tmf_2020_2023_se_asia_borneo_02_stable_003072_001024.png,data/JRC_TMF_256_5000/label/jrc_tmf_2020_2023_se_asia_borneo_02_stable_003072_001024.png,quality_report/human_audit_contact_sheets/audit_0113_jrc_tmf_2020_2023_se_asia_borneo_02_stable_003072_001024.png,,,,,,,reviewer1,,
audit_0114,jrc_tmf_2020_2023_se_asia_papua_01_stable_001792_004352,test,negative,jrc_tmf_2020_2023_se_asia_papua_01_stable,se_asia_papua_01_stable,4352,1792,1.0000000000,0.0000000000,0,65536,valid_0.99_1.00,change_0,data/JRC_TMF_256_5000/A/jrc_tmf_2020_2023_se_asia_papua_01_stable_001792_004352.png,data/JRC_TMF_256_5000/B/jrc_tmf_2020_2023_se_asia_papua_01_stable_001792_004352.png,data/JRC_TMF_256_5000/label/jrc_tmf_2020_2023_se_asia_papua_01_stable_001792_004352.png,quality_report/human_audit_contact_sheets/audit_0114_jrc_tmf_2020_2023_se_asia_papua_01_stable_001792_004352.png,,,,,,,reviewer1,,
audit_0115,jrc_tmf_2020_2023_se_asia_borneo_01_003328_000512,test,negative,jrc_tmf_2020_2023_se_asia_borneo_01,se_asia_borneo_01,512,3328,1.0000000000,0.0000000000,0,65536,valid_0.99_1.00,change_0,data/JRC_TMF_256_5000/A/jrc_tmf_2020_2023_se_asia_borneo_01_003328_000512.png,data/JRC_TMF_256_5000/B/jrc_tmf_2020_2023_se_asia_borneo_01_003328_000512.png,data/JRC_TMF_256_5000/label/jrc_tmf_2020_2023_se_asia_borneo_01_003328_000512.png,quality_report/human_audit_contact_sheets/audit_0115_jrc_tmf_2020_2023_se_asia_borneo_01_003328_000512.png,,,,,,,reviewer1,,
audit_0116,jrc_tmf_2020_2023_se_asia_sumatra_01_005888_006400,test,positive,jrc_tmf_2020_2023_se_asia_sumatra_01,se_asia_sumatra_01,6400,5888,0.8203125000,0.1556175595,8366,53760,valid_0.80_0.85,change_ge_0.05,data/JRC_TMF_256_5000/A/jrc_tmf_2020_2023_se_asia_sumatra_01_005888_006400.png,data/JRC_TMF_256_5000/B/jrc_tmf_2020_2023_se_asia_sumatra_01_005888_006400.png,data/JRC_TMF_256_5000/label/jrc_tmf_2020_2023_se_asia_sumatra_01_005888_006400.png,quality_report/human_audit_contact_sheets/audit_0116_jrc_tmf_2020_2023_se_asia_sumatra_01_005888_006400.png,,,,,,,reviewer1,,
audit_0117,jrc_tmf_2020_2023_congo_cameroon_01_001536_001280,test,positive,jrc_tmf_2020_2023_congo_cameroon_01,congo_cameroon_01,1280,1536,0.8286743164,0.0345621271,1877,54308,valid_0.80_0.85,change_0.02_0.05,data/JRC_TMF_256_5000/A/jrc_tmf_2020_2023_congo_cameroon_01_001536_001280.png,data/JRC_TMF_256_5000/B/jrc_tmf_2020_2023_congo_cameroon_01_001536_001280.png,data/JRC_TMF_256_5000/label/jrc_tmf_2020_2023_congo_cameroon_01_001536_001280.png,quality_report/human_audit_contact_sheets/audit_0117_jrc_tmf_2020_2023_congo_cameroon_01_001536_001280.png,,,,,,,reviewer1,,
audit_0118,jrc_tmf_2020_2023_se_asia_sumatra_02_stable_005632_002304,test,positive,jrc_tmf_2020_2023_se_asia_sumatra_02_stable,se_asia_sumatra_02_stable,2304,5632,0.9467010498,0.0096545944,599,62043,valid_0.85_0.95,change_0.005_0.02,data/JRC_TMF_256_5000/A/jrc_tmf_2020_2023_se_asia_sumatra_02_stable_005632_002304.png,data/JRC_TMF_256_5000/B/jrc_tmf_2020_2023_se_asia_sumatra_02_stable_005632_002304.png,data/JRC_TMF_256_5000/label/jrc_tmf_2020_2023_se_asia_sumatra_02_stable_005632_002304.png,quality_report/human_audit_contact_sheets/audit_0118_jrc_tmf_2020_2023_se_asia_sumatra_02_stable_005632_002304.png,,,,,,,reviewer1,,
audit_0119,jrc_tmf_2020_2023_amazon_brazil_01_002560_003072,test,positive,jrc_tmf_2020_2023_amazon_brazil_01,amazon_brazil_01,3072,2560,0.8965148926,0.0024338768,143,58754,valid_0.85_0.95,change_0_0.005,data/JRC_TMF_256_5000/A/jrc_tmf_2020_2023_amazon_brazil_01_002560_003072.png,data/JRC_TMF_256_5000/B/jrc_tmf_2020_2023_amazon_brazil_01_002560_003072.png,data/JRC_TMF_256_5000/label/jrc_tmf_2020_2023_amazon_brazil_01_002560_003072.png,quality_report/human_audit_contact_sheets/audit_0119_jrc_tmf_2020_2023_amazon_brazil_01_002560_003072.png,,,,,,,reviewer1,,
audit_0120,jrc_tmf_2020_2023_congo_gabon_01_006912_003584,test,positive,jrc_tmf_2020_2023_congo_gabon_01,congo_gabon_01,3584,6912,0.9963073730,0.0047171256,308,65294,valid_0.99_1.00,change_0_0.005,data/JRC_TMF_256_5000/A/jrc_tmf_2020_2023_congo_gabon_01_006912_003584.png,data/JRC_TMF_256_5000/B/jrc_tmf_2020_2023_congo_gabon_01_006912_003584.png,data/JRC_TMF_256_5000/label/jrc_tmf_2020_2023_congo_gabon_01_006912_003584.png,quality_report/human_audit_contact_sheets/audit_0120_jrc_tmf_2020_2023_congo_gabon_01_006912_003584.png,,,,,,,reviewer1,,
audit_0121,jrc_tmf_2020_2023_amazon_peru_02_stable_007168_003328,test,positive,jrc_tmf_2020_2023_amazon_peru_02_stable,amazon_peru_02_stable,3328,7168,0.9939270020,0.0025791397,168,65138,valid_0.99_1.00,change_0_0.005,data/JRC_TMF_256_5000/A/jrc_tmf_2020_2023_amazon_peru_02_stable_007168_003328.png,data/JRC_TMF_256_5000/B/jrc_tmf_2020_2023_amazon_peru_02_stable_007168_003328.png,data/JRC_TMF_256_5000/label/jrc_tmf_2020_2023_amazon_peru_02_stable_007168_003328.png,quality_report/human_audit_contact_sheets/audit_0121_jrc_tmf_2020_2023_amazon_peru_02_stable_007168_003328.png,,,,,,,reviewer1,,
audit_0122,jrc_tmf_2020_2023_se_asia_sumatra_02_stable_004608_002816,test,positive,jrc_tmf_2020_2023_se_asia_sumatra_02_stable,se_asia_sumatra_02_stable,2816,4608,0.8553009033,0.0411931565,2309,56053,valid_0.85_0.95,change_0.02_0.05,data/JRC_TMF_256_5000/A/jrc_tmf_2020_2023_se_asia_sumatra_02_stable_004608_002816.png,data/JRC_TMF_256_5000/B/jrc_tmf_2020_2023_se_asia_sumatra_02_stable_004608_002816.png,data/JRC_TMF_256_5000/label/jrc_tmf_2020_2023_se_asia_sumatra_02_stable_004608_002816.png,quality_report/human_audit_contact_sheets/audit_0122_jrc_tmf_2020_2023_se_asia_sumatra_02_stable_004608_002816.png,,,,,,,reviewer1,,
audit_0123,jrc_tmf_2020_2023_amazon_brazil_02_stable_004352_001280,test,positive,jrc_tmf_2020_2023_amazon_brazil_02_stable,amazon_brazil_02_stable,1280,4352,0.9998626709,0.0026401331,173,65527,valid_0.99_1.00,change_0_0.005,data/JRC_TMF_256_5000/A/jrc_tmf_2020_2023_amazon_brazil_02_stable_004352_001280.png,data/JRC_TMF_256_5000/B/jrc_tmf_2020_2023_amazon_brazil_02_stable_004352_001280.png,data/JRC_TMF_256_5000/label/jrc_tmf_2020_2023_amazon_brazil_02_stable_004352_001280.png,quality_report/human_audit_contact_sheets/audit_0123_jrc_tmf_2020_2023_amazon_brazil_02_stable_004352_001280.png,,,,,,,reviewer1,,
audit_0124,jrc_tmf_2020_2023_amazon_colombia_02_stable_000768_004096,train,negative,jrc_tmf_2020_2023_amazon_colombia_02_stable,amazon_colombia_02_stable,4096,768,1.0000000000,0.0000000000,0,65536,valid_0.99_1.00,change_0,data/JRC_TMF_256_5000/A/jrc_tmf_2020_2023_amazon_colombia_02_stable_000768_004096.png,data/JRC_TMF_256_5000/B/jrc_tmf_2020_2023_amazon_colombia_02_stable_000768_004096.png,data/JRC_TMF_256_5000/label/jrc_tmf_2020_2023_amazon_colombia_02_stable_000768_004096.png,quality_report/human_audit_contact_sheets/audit_0124_jrc_tmf_2020_2023_amazon_colombia_02_stable_000768_004096.png,,,,,,,reviewer1,,
audit_0125,jrc_tmf_2020_2023_congo_drc_01_006656_005376,train,negative,jrc_tmf_2020_2023_congo_drc_01,congo_drc_01,5376,6656,1.0000000000,0.0000000000,0,65536,valid_0.99_1.00,change_0,data/JRC_TMF_256_5000/A/jrc_tmf_2020_2023_congo_drc_01_006656_005376.png,data/JRC_TMF_256_5000/B/jrc_tmf_2020_2023_congo_drc_01_006656_005376.png,data/JRC_TMF_256_5000/label/jrc_tmf_2020_2023_congo_drc_01_006656_005376.png,quality_report/human_audit_contact_sheets/audit_0125_jrc_tmf_2020_2023_congo_drc_01_006656_005376.png,,,,,,,reviewer1,,
audit_0126,jrc_tmf_2020_2023_amazon_colombia_01_006912_006144,train,negative,jrc_tmf_2020_2023_amazon_colombia_01,amazon_colombia_01,6144,6912,1.0000000000,0.0000000000,0,65536,valid_0.99_1.00,change_0,data/JRC_TMF_256_5000/A/jrc_tmf_2020_2023_amazon_colombia_01_006912_006144.png,data/JRC_TMF_256_5000/B/jrc_tmf_2020_2023_amazon_colombia_01_006912_006144.png,data/JRC_TMF_256_5000/label/jrc_tmf_2020_2023_amazon_colombia_01_006912_006144.png,quality_report/human_audit_contact_sheets/audit_0126_jrc_tmf_2020_2023_amazon_colombia_01_006912_006144.png,,,,,,,reviewer1,,
audit_0127,jrc_tmf_2020_2023_amazon_peru_01_006656_002304,train,negative,jrc_tmf_2020_2023_amazon_peru_01,amazon_peru_01,2304,6656,1.0000000000,0.0000000000,0,65536,valid_0.99_1.00,change_0,data/JRC_TMF_256_5000/A/jrc_tmf_2020_2023_amazon_peru_01_006656_002304.png,data/JRC_TMF_256_5000/B/jrc_tmf_2020_2023_amazon_peru_01_006656_002304.png,data/JRC_TMF_256_5000/label/jrc_tmf_2020_2023_amazon_peru_01_006656_002304.png,quality_report/human_audit_contact_sheets/audit_0127_jrc_tmf_2020_2023_amazon_peru_01_006656_002304.png,,,,,,,reviewer1,,
audit_0128,jrc_tmf_2020_2023_congo_roc_01_stable_002304_004096,train,negative,jrc_tmf_2020_2023_congo_roc_01_stable,congo_roc_01_stable,4096,2304,1.0000000000,0.0000000000,0,65536,valid_0.99_1.00,change_0,data/JRC_TMF_256_5000/A/jrc_tmf_2020_2023_congo_roc_01_stable_002304_004096.png,data/JRC_TMF_256_5000/B/jrc_tmf_2020_2023_congo_roc_01_stable_002304_004096.png,data/JRC_TMF_256_5000/label/jrc_tmf_2020_2023_congo_roc_01_stable_002304_004096.png,quality_report/human_audit_contact_sheets/audit_0128_jrc_tmf_2020_2023_congo_roc_01_stable_002304_004096.png,,,,,,,reviewer1,,
audit_0129,jrc_tmf_2020_2023_amazon_colombia_02_stable_002304_000768,train,negative,jrc_tmf_2020_2023_amazon_colombia_02_stable,amazon_colombia_02_stable,768,2304,1.0000000000,0.0000000000,0,65536,valid_0.99_1.00,change_0,data/JRC_TMF_256_5000/A/jrc_tmf_2020_2023_amazon_colombia_02_stable_002304_000768.png,data/JRC_TMF_256_5000/B/jrc_tmf_2020_2023_amazon_colombia_02_stable_002304_000768.png,data/JRC_TMF_256_5000/label/jrc_tmf_2020_2023_amazon_colombia_02_stable_002304_000768.png,quality_report/human_audit_contact_sheets/audit_0129_jrc_tmf_2020_2023_amazon_colombia_02_stable_002304_000768.png,,,,,,,reviewer1,,
audit_0130,jrc_tmf_2020_2023_congo_drc_01_001024_005888,train,negative,jrc_tmf_2020_2023_congo_drc_01,congo_drc_01,5888,1024,1.0000000000,0.0000000000,0,65536,valid_0.99_1.00,change_0,data/JRC_TMF_256_5000/A/jrc_tmf_2020_2023_congo_drc_01_001024_005888.png,data/JRC_TMF_256_5000/B/jrc_tmf_2020_2023_congo_drc_01_001024_005888.png,data/JRC_TMF_256_5000/label/jrc_tmf_2020_2023_congo_drc_01_001024_005888.png,quality_report/human_audit_contact_sheets/audit_0130_jrc_tmf_2020_2023_congo_drc_01_001024_005888.png,,,,,,,reviewer1,,
audit_0131,jrc_tmf_2020_2023_congo_roc_01_stable_003072_006912,train,negative,jrc_tmf_2020_2023_congo_roc_01_stable,congo_roc_01_stable,6912,3072,1.0000000000,0.0000000000,0,65536,valid_0.99_1.00,change_0,data/JRC_TMF_256_5000/A/jrc_tmf_2020_2023_congo_roc_01_stable_003072_006912.png,data/JRC_TMF_256_5000/B/jrc_tmf_2020_2023_congo_roc_01_stable_003072_006912.png,data/JRC_TMF_256_5000/label/jrc_tmf_2020_2023_congo_roc_01_stable_003072_006912.png,quality_report/human_audit_contact_sheets/audit_0131_jrc_tmf_2020_2023_congo_roc_01_stable_003072_006912.png,,,,,,,reviewer1,,
audit_0132,jrc_tmf_2020_2023_amazon_brazil_01_000512_003584,train,negative,jrc_tmf_2020_2023_amazon_brazil_01,amazon_brazil_01,3584,512,1.0000000000,0.0000000000,0,65536,valid_0.99_1.00,change_0,data/JRC_TMF_256_5000/A/jrc_tmf_2020_2023_amazon_brazil_01_000512_003584.png,data/JRC_TMF_256_5000/B/jrc_tmf_2020_2023_amazon_brazil_01_000512_003584.png,data/JRC_TMF_256_5000/label/jrc_tmf_2020_2023_amazon_brazil_01_000512_003584.png,quality_report/human_audit_contact_sheets/audit_0132_jrc_tmf_2020_2023_amazon_brazil_01_000512_003584.png,,,,,,,reviewer1,,
audit_0133,jrc_tmf_2020_2023_amazon_peru_02_stable_003072_001280,train,negative,jrc_tmf_2020_2023_amazon_peru_02_stable,amazon_peru_02_stable,1280,3072,1.0000000000,0.0000000000,0,65536,valid_0.99_1.00,change_0,data/JRC_TMF_256_5000/A/jrc_tmf_2020_2023_amazon_peru_02_stable_003072_001280.png,data/JRC_TMF_256_5000/B/jrc_tmf_2020_2023_amazon_peru_02_stable_003072_001280.png,data/JRC_TMF_256_5000/label/jrc_tmf_2020_2023_amazon_peru_02_stable_003072_001280.png,quality_report/human_audit_contact_sheets/audit_0133_jrc_tmf_2020_2023_amazon_peru_02_stable_003072_001280.png,,,,,,,reviewer1,,
audit_0134,jrc_tmf_2020_2023_se_asia_borneo_02_stable_006912_000512,train,negative,jrc_tmf_2020_2023_se_asia_borneo_02_stable,se_asia_borneo_02_stable,512,6912,1.0000000000,0.0000000000,0,65536,valid_0.99_1.00,change_0,data/JRC_TMF_256_5000/A/jrc_tmf_2020_2023_se_asia_borneo_02_stable_006912_000512.png,data/JRC_TMF_256_5000/B/jrc_tmf_2020_2023_se_asia_borneo_02_stable_006912_000512.png,data/JRC_TMF_256_5000/label/jrc_tmf_2020_2023_se_asia_borneo_02_stable_006912_000512.png,quality_report/human_audit_contact_sheets/audit_0134_jrc_tmf_2020_2023_se_asia_borneo_02_stable_006912_000512.png,,,,,,,reviewer1,,
audit_0135,jrc_tmf_2020_2023_amazon_peru_02_stable_000512_000256,train,negative,jrc_tmf_2020_2023_amazon_peru_02_stable,amazon_peru_02_stable,256,512,1.0000000000,0.0000000000,0,65536,valid_0.99_1.00,change_0,data/JRC_TMF_256_5000/A/jrc_tmf_2020_2023_amazon_peru_02_stable_000512_000256.png,data/JRC_TMF_256_5000/B/jrc_tmf_2020_2023_amazon_peru_02_stable_000512_000256.png,data/JRC_TMF_256_5000/label/jrc_tmf_2020_2023_amazon_peru_02_stable_000512_000256.png,quality_report/human_audit_contact_sheets/audit_0135_jrc_tmf_2020_2023_amazon_peru_02_stable_000512_000256.png,,,,,,,reviewer1,,
audit_0136,jrc_tmf_2020_2023_amazon_brazil_01_003840_001536,train,positive,jrc_tmf_2020_2023_amazon_brazil_01,amazon_brazil_01,1536,3840,0.9055938721,0.0120136818,713,59349,valid_0.85_0.95,change_0.005_0.02,data/JRC_TMF_256_5000/A/jrc_tmf_2020_2023_amazon_brazil_01_003840_001536.png,data/JRC_TMF_256_5000/B/jrc_tmf_2020_2023_amazon_brazil_01_003840_001536.png,data/JRC_TMF_256_5000/label/jrc_tmf_2020_2023_amazon_brazil_01_003840_001536.png,quality_report/human_audit_contact_sheets/audit_0136_jrc_tmf_2020_2023_amazon_brazil_01_003840_001536.png,,,,,,,reviewer1,,
audit_0137,jrc_tmf_2020_2023_congo_cameroon_01_003328_006144,train,positive,jrc_tmf_2020_2023_congo_cameroon_01,congo_cameroon_01,6144,3328,0.9998931885,0.0033115109,217,65529,valid_0.99_1.00,change_0_0.005,data/JRC_TMF_256_5000/A/jrc_tmf_2020_2023_congo_cameroon_01_003328_006144.png,data/JRC_TMF_256_5000/B/jrc_tmf_2020_2023_congo_cameroon_01_003328_006144.png,data/JRC_TMF_256_5000/label/jrc_tmf_2020_2023_congo_cameroon_01_003328_006144.png,quality_report/human_audit_contact_sheets/audit_0137_jrc_tmf_2020_2023_congo_cameroon_01_003328_006144.png,,,,,,,reviewer1,,
audit_0138,jrc_tmf_2020_2023_se_asia_papua_01_stable_004608_001536,train,positive,jrc_tmf_2020_2023_se_asia_papua_01_stable,se_asia_papua_01_stable,1536,4608,0.9524230957,0.0124963953,780,62418,valid_0.95_0.99,change_0.005_0.02,data/JRC_TMF_256_5000/A/jrc_tmf_2020_2023_se_asia_papua_01_stable_004608_001536.png,data/JRC_TMF_256_5000/B/jrc_tmf_2020_2023_se_asia_papua_01_stable_004608_001536.png,data/JRC_TMF_256_5000/label/jrc_tmf_2020_2023_se_asia_papua_01_stable_004608_001536.png,quality_report/human_audit_contact_sheets/audit_0138_jrc_tmf_2020_2023_se_asia_papua_01_stable_004608_001536.png,,,,,,,reviewer1,,
audit_0139,jrc_tmf_2020_2023_amazon_peru_01_004096_001792,train,positive,jrc_tmf_2020_2023_amazon_peru_01,amazon_peru_01,1792,4096,0.9843444824,0.0045884359,296,64510,valid_0.95_0.99,change_0_0.005,data/JRC_TMF_256_5000/A/jrc_tmf_2020_2023_amazon_peru_01_004096_001792.png,data/JRC_TMF_256_5000/B/jrc_tmf_2020_2023_amazon_peru_01_004096_001792.png,data/JRC_TMF_256_5000/label/jrc_tmf_2020_2023_amazon_peru_01_004096_001792.png,quality_report/human_audit_contact_sheets/audit_0139_jrc_tmf_2020_2023_amazon_peru_01_004096_001792.png,,,,,,,reviewer1,,
audit_0140,jrc_tmf_2020_2023_congo_cameroon_01_004352_003840,train,positive,jrc_tmf_2020_2023_congo_cameroon_01,congo_cameroon_01,3840,4352,0.9832763672,0.0100093110,645,64440,valid_0.95_0.99,change_0.005_0.02,data/JRC_TMF_256_5000/A/jrc_tmf_2020_2023_congo_cameroon_01_004352_003840.png,data/JRC_TMF_256_5000/B/jrc_tmf_2020_2023_congo_cameroon_01_004352_003840.png,data/JRC_TMF_256_5000/label/jrc_tmf_2020_2023_congo_cameroon_01_004352_003840.png,quality_report/human_audit_contact_sheets/audit_0140_jrc_tmf_2020_2023_congo_cameroon_01_004352_003840.png,,,,,,,reviewer1,,
audit_0141,jrc_tmf_2020_2023_amazon_colombia_01_001024_003840,train,positive,jrc_tmf_2020_2023_amazon_colombia_01,amazon_colombia_01,3840,1024,0.9669189453,0.0044975382,285,63368,valid_0.95_0.99,change_0_0.005,data/JRC_TMF_256_5000/A/jrc_tmf_2020_2023_amazon_colombia_01_001024_003840.png,data/JRC_TMF_256_5000/B/jrc_tmf_2020_2023_amazon_colombia_01_001024_003840.png,data/JRC_TMF_256_5000/label/jrc_tmf_2020_2023_amazon_colombia_01_001024_003840.png,quality_report/human_audit_contact_sheets/audit_0141_jrc_tmf_2020_2023_amazon_colombia_01_001024_003840.png,,,,,,,reviewer1,,
audit_0142,jrc_tmf_2020_2023_se_asia_borneo_02_stable_001280_002816,train,positive,jrc_tmf_2020_2023_se_asia_borneo_02_stable,se_asia_borneo_02_stable,2816,1280,0.9965362549,0.0461498415,3014,65309,valid_0.99_1.00,change_0.02_0.05,data/JRC_TMF_256_5000/A/jrc_tmf_2020_2023_se_asia_borneo_02_stable_001280_002816.png,data/JRC_TMF_256_5000/B/jrc_tmf_2020_2023_se_asia_borneo_02_stable_001280_002816.png,data/JRC_TMF_256_5000/label/jrc_tmf_2020_2023_se_asia_borneo_02_stable_001280_002816.png,quality_report/human_audit_contact_sheets/audit_0142_jrc_tmf_2020_2023_se_asia_borneo_02_stable_001280_002816.png,,,,,,,reviewer1,,
audit_0143,jrc_tmf_2020_2023_amazon_brazil_02_stable_003840_000000,train,positive,jrc_tmf_2020_2023_amazon_brazil_02_stable,amazon_brazil_02_stable,0,3840,0.9971923828,0.0475119354,3105,65352,valid_0.99_1.00,change_0.02_0.05,data/JRC_TMF_256_5000/A/jrc_tmf_2020_2023_amazon_brazil_02_stable_003840_000000.png,data/JRC_TMF_256_5000/B/jrc_tmf_2020_2023_amazon_brazil_02_stable_003840_000000.png,data/JRC_TMF_256_5000/label/jrc_tmf_2020_2023_amazon_brazil_02_stable_003840_000000.png,quality_report/human_audit_contact_sheets/audit_0143_jrc_tmf_2020_2023_amazon_brazil_02_stable_003840_000000.png,,,,,,,reviewer1,,
audit_0144,jrc_tmf_2020_2023_congo_drc_01_002816_001280,train,positive,jrc_tmf_2020_2023_congo_drc_01,congo_drc_01,1280,2816,0.8925476074,0.0282080213,1650,58494,valid_0.85_0.95,change_0.02_0.05,data/JRC_TMF_256_5000/A/jrc_tmf_2020_2023_congo_drc_01_002816_001280.png,data/JRC_TMF_256_5000/B/jrc_tmf_2020_2023_congo_drc_01_002816_001280.png,data/JRC_TMF_256_5000/label/jrc_tmf_2020_2023_congo_drc_01_002816_001280.png,quality_report/human_audit_contact_sheets/audit_0144_jrc_tmf_2020_2023_congo_drc_01_002816_001280.png,,,,,,,reviewer1,,
audit_0145,jrc_tmf_2020_2023_congo_drc_02_stable_006400_001280,train,positive,jrc_tmf_2020_2023_congo_drc_02_stable,congo_drc_02_stable,1280,6400,0.9659881592,0.0085140664,539,63307,valid_0.95_0.99,change_0.005_0.02,data/JRC_TMF_256_5000/A/jrc_tmf_2020_2023_congo_drc_02_stable_006400_001280.png,data/JRC_TMF_256_5000/B/jrc_tmf_2020_2023_congo_drc_02_stable_006400_001280.png,data/JRC_TMF_256_5000/label/jrc_tmf_2020_2023_congo_drc_02_stable_006400_001280.png,quality_report/human_audit_contact_sheets/audit_0145_jrc_tmf_2020_2023_congo_drc_02_stable_006400_001280.png,,,,,,,reviewer1,,
audit_0146,jrc_tmf_2020_2023_se_asia_borneo_01_005120_003840,train,positive,jrc_tmf_2020_2023_se_asia_borneo_01,se_asia_borneo_01,3840,5120,0.9691162109,0.0178234035,1132,63512,valid_0.95_0.99,change_0.005_0.02,data/JRC_TMF_256_5000/A/jrc_tmf_2020_2023_se_asia_borneo_01_005120_003840.png,data/JRC_TMF_256_5000/B/jrc_tmf_2020_2023_se_asia_borneo_01_005120_003840.png,data/JRC_TMF_256_5000/label/jrc_tmf_2020_2023_se_asia_borneo_01_005120_003840.png,quality_report/human_audit_contact_sheets/audit_0146_jrc_tmf_2020_2023_se_asia_borneo_01_005120_003840.png,,,,,,,reviewer1,,
audit_0147,jrc_tmf_2020_2023_se_asia_papua_01_stable_004864_001792,train,positive,jrc_tmf_2020_2023_se_asia_papua_01_stable,se_asia_papua_01_stable,1792,4864,0.8324890137,0.0067817735,370,54558,valid_0.80_0.85,change_0.005_0.02,data/JRC_TMF_256_5000/A/jrc_tmf_2020_2023_se_asia_papua_01_stable_004864_001792.png,data/JRC_TMF_256_5000/B/jrc_tmf_2020_2023_se_asia_papua_01_stable_004864_001792.png,data/JRC_TMF_256_5000/label/jrc_tmf_2020_2023_se_asia_papua_01_stable_004864_001792.png,quality_report/human_audit_contact_sheets/audit_0147_jrc_tmf_2020_2023_se_asia_papua_01_stable_004864_001792.png,,,,,,,reviewer1,,
audit_0148,jrc_tmf_2020_2023_amazon_colombia_01_005888_003328,val,negative,jrc_tmf_2020_2023_amazon_colombia_01,amazon_colombia_01,3328,5888,0.9806060791,0.0000000000,0,64265,valid_0.95_0.99,change_0,data/JRC_TMF_256_5000/A/jrc_tmf_2020_2023_amazon_colombia_01_005888_003328.png,data/JRC_TMF_256_5000/B/jrc_tmf_2020_2023_amazon_colombia_01_005888_003328.png,data/JRC_TMF_256_5000/label/jrc_tmf_2020_2023_amazon_colombia_01_005888_003328.png,quality_report/human_audit_contact_sheets/audit_0148_jrc_tmf_2020_2023_amazon_colombia_01_005888_003328.png,,,,,,,reviewer1,,
audit_0149,jrc_tmf_2020_2023_amazon_colombia_02_stable_002304_001792,val,negative,jrc_tmf_2020_2023_amazon_colombia_02_stable,amazon_colombia_02_stable,1792,2304,1.0000000000,0.0000000000,0,65536,valid_0.99_1.00,change_0,data/JRC_TMF_256_5000/A/jrc_tmf_2020_2023_amazon_colombia_02_stable_002304_001792.png,data/JRC_TMF_256_5000/B/jrc_tmf_2020_2023_amazon_colombia_02_stable_002304_001792.png,data/JRC_TMF_256_5000/label/jrc_tmf_2020_2023_amazon_colombia_02_stable_002304_001792.png,quality_report/human_audit_contact_sheets/audit_0149_jrc_tmf_2020_2023_amazon_colombia_02_stable_002304_001792.png,,,,,,,reviewer1,,
audit_0150,jrc_tmf_2020_2023_amazon_peru_02_stable_004352_003584,val,negative,jrc_tmf_2020_2023_amazon_peru_02_stable,amazon_peru_02_stable,3584,4352,1.0000000000,0.0000000000,0,65536,valid_0.99_1.00,change_0,data/JRC_TMF_256_5000/A/jrc_tmf_2020_2023_amazon_peru_02_stable_004352_003584.png,data/JRC_TMF_256_5000/B/jrc_tmf_2020_2023_amazon_peru_02_stable_004352_003584.png,data/JRC_TMF_256_5000/label/jrc_tmf_2020_2023_amazon_peru_02_stable_004352_003584.png,quality_report/human_audit_contact_sheets/audit_0150_jrc_tmf_2020_2023_amazon_peru_02_stable_004352_003584.png,,,,,,,reviewer1,,
audit_0151,jrc_tmf_2020_2023_amazon_peru_01_000768_006656,val,negative,jrc_tmf_2020_2023_amazon_peru_01,amazon_peru_01,6656,768,1.0000000000,0.0000000000,0,65536,valid_0.99_1.00,change_0,data/JRC_TMF_256_5000/A/jrc_tmf_2020_2023_amazon_peru_01_000768_006656.png,data/JRC_TMF_256_5000/B/jrc_tmf_2020_2023_amazon_peru_01_000768_006656.png,data/JRC_TMF_256_5000/label/jrc_tmf_2020_2023_amazon_peru_01_000768_006656.png,quality_report/human_audit_contact_sheets/audit_0151_jrc_tmf_2020_2023_amazon_peru_01_000768_006656.png,,,,,,,reviewer1,,
audit_0152,jrc_tmf_2020_2023_amazon_peru_02_stable_004096_003584,val,negative,jrc_tmf_2020_2023_amazon_peru_02_stable,amazon_peru_02_stable,3584,4096,1.0000000000,0.0000000000,0,65536,valid_0.99_1.00,change_0,data/JRC_TMF_256_5000/A/jrc_tmf_2020_2023_amazon_peru_02_stable_004096_003584.png,data/JRC_TMF_256_5000/B/jrc_tmf_2020_2023_amazon_peru_02_stable_004096_003584.png,data/JRC_TMF_256_5000/label/jrc_tmf_2020_2023_amazon_peru_02_stable_004096_003584.png,quality_report/human_audit_contact_sheets/audit_0152_jrc_tmf_2020_2023_amazon_peru_02_stable_004096_003584.png,,,,,,,reviewer1,,
audit_0153,jrc_tmf_2020_2023_congo_gabon_02_stable_005632_001280,val,negative,jrc_tmf_2020_2023_congo_gabon_02_stable,congo_gabon_02_stable,1280,5632,1.0000000000,0.0000000000,0,65536,valid_0.99_1.00,change_0,data/JRC_TMF_256_5000/A/jrc_tmf_2020_2023_congo_gabon_02_stable_005632_001280.png,data/JRC_TMF_256_5000/B/jrc_tmf_2020_2023_congo_gabon_02_stable_005632_001280.png,data/JRC_TMF_256_5000/label/jrc_tmf_2020_2023_congo_gabon_02_stable_005632_001280.png,quality_report/human_audit_contact_sheets/audit_0153_jrc_tmf_2020_2023_congo_gabon_02_stable_005632_001280.png,,,,,,,reviewer1,,
audit_0154,jrc_tmf_2020_2023_amazon_colombia_01_006912_001536,val,negative,jrc_tmf_2020_2023_amazon_colombia_01,amazon_colombia_01,1536,6912,0.9999847412,0.0000000000,0,65535,valid_0.99_1.00,change_0,data/JRC_TMF_256_5000/A/jrc_tmf_2020_2023_amazon_colombia_01_006912_001536.png,data/JRC_TMF_256_5000/B/jrc_tmf_2020_2023_amazon_colombia_01_006912_001536.png,data/JRC_TMF_256_5000/label/jrc_tmf_2020_2023_amazon_colombia_01_006912_001536.png,quality_report/human_audit_contact_sheets/audit_0154_jrc_tmf_2020_2023_amazon_colombia_01_006912_001536.png,,,,,,,reviewer1,,
audit_0155,jrc_tmf_2020_2023_amazon_peru_02_stable_004096_003328,val,negative,jrc_tmf_2020_2023_amazon_peru_02_stable,amazon_peru_02_stable,3328,4096,0.9999542236,0.0000000000,0,65533,valid_0.99_1.00,change_0,data/JRC_TMF_256_5000/A/jrc_tmf_2020_2023_amazon_peru_02_stable_004096_003328.png,data/JRC_TMF_256_5000/B/jrc_tmf_2020_2023_amazon_peru_02_stable_004096_003328.png,data/JRC_TMF_256_5000/label/jrc_tmf_2020_2023_amazon_peru_02_stable_004096_003328.png,quality_report/human_audit_contact_sheets/audit_0155_jrc_tmf_2020_2023_amazon_peru_02_stable_004096_003328.png,,,,,,,reviewer1,,
audit_0156,jrc_tmf_2020_2023_se_asia_papua_01_stable_001792_005376,val,positive,jrc_tmf_2020_2023_se_asia_papua_01_stable,se_asia_papua_01_stable,5376,1792,1.0000000000,0.0021209717,139,65536,valid_0.99_1.00,change_0_0.005,data/JRC_TMF_256_5000/A/jrc_tmf_2020_2023_se_asia_papua_01_stable_001792_005376.png,data/JRC_TMF_256_5000/B/jrc_tmf_2020_2023_se_asia_papua_01_stable_001792_005376.png,data/JRC_TMF_256_5000/label/jrc_tmf_2020_2023_se_asia_papua_01_stable_001792_005376.png,quality_report/human_audit_contact_sheets/audit_0156_jrc_tmf_2020_2023_se_asia_papua_01_stable_001792_005376.png,,,,,,,reviewer1,,
audit_0157,jrc_tmf_2020_2023_amazon_colombia_02_stable_000000_000512,val,positive,jrc_tmf_2020_2023_amazon_colombia_02_stable,amazon_colombia_02_stable,512,0,0.9446105957,0.0024714890,153,61906,valid_0.85_0.95,change_0_0.005,data/JRC_TMF_256_5000/A/jrc_tmf_2020_2023_amazon_colombia_02_stable_000000_000512.png,data/JRC_TMF_256_5000/B/jrc_tmf_2020_2023_amazon_colombia_02_stable_000000_000512.png,data/JRC_TMF_256_5000/label/jrc_tmf_2020_2023_amazon_colombia_02_stable_000000_000512.png,quality_report/human_audit_contact_sheets/audit_0157_jrc_tmf_2020_2023_amazon_colombia_02_stable_000000_000512.png,,,,,,,reviewer1,,
audit_0158,jrc_tmf_2020_2023_amazon_brazil_01_003072_002816,val,positive,jrc_tmf_2020_2023_amazon_brazil_01,amazon_brazil_01,2816,3072,0.8625488281,0.0099242853,561,56528,valid_0.85_0.95,change_0.005_0.02,data/JRC_TMF_256_5000/A/jrc_tmf_2020_2023_amazon_brazil_01_003072_002816.png,data/JRC_TMF_256_5000/B/jrc_tmf_2020_2023_amazon_brazil_01_003072_002816.png,data/JRC_TMF_256_5000/label/jrc_tmf_2020_2023_amazon_brazil_01_003072_002816.png,quality_report/human_audit_contact_sheets/audit_0158_jrc_tmf_2020_2023_amazon_brazil_01_003072_002816.png,,,,,,,reviewer1,,
audit_0159,jrc_tmf_2020_2023_se_asia_borneo_02_stable_006912_001536,val,positive,jrc_tmf_2020_2023_se_asia_borneo_02_stable,se_asia_borneo_02_stable,1536,6912,0.9995880127,0.0084873834,556,65509,valid_0.99_1.00,change_0.005_0.02,data/JRC_TMF_256_5000/A/jrc_tmf_2020_2023_se_asia_borneo_02_stable_006912_001536.png,data/JRC_TMF_256_5000/B/jrc_tmf_2020_2023_se_asia_borneo_02_stable_006912_001536.png,data/JRC_TMF_256_5000/label/jrc_tmf_2020_2023_se_asia_borneo_02_stable_006912_001536.png,quality_report/human_audit_contact_sheets/audit_0159_jrc_tmf_2020_2023_se_asia_borneo_02_stable_006912_001536.png,,,,,,,reviewer1,,
audit_0160,jrc_tmf_2020_2023_se_asia_papua_01_stable_003840_001280,val,positive,jrc_tmf_2020_2023_se_asia_papua_01_stable,se_asia_papua_01_stable,1280,3840,0.8009338379,0.0083444466,438,52490,valid_0.80_0.85,change_0.005_0.02,data/JRC_TMF_256_5000/A/jrc_tmf_2020_2023_se_asia_papua_01_stable_003840_001280.png,data/JRC_TMF_256_5000/B/jrc_tmf_2020_2023_se_asia_papua_01_stable_003840_001280.png,data/JRC_TMF_256_5000/label/jrc_tmf_2020_2023_se_asia_papua_01_stable_003840_001280.png,quality_report/human_audit_contact_sheets/audit_0160_jrc_tmf_2020_2023_se_asia_papua_01_stable_003840_001280.png,,,,,,,reviewer1,,
audit_0161,jrc_tmf_2020_2023_congo_drc_01_000000_001792,val,positive,jrc_tmf_2020_2023_congo_drc_01,congo_drc_01,1792,0,0.9885406494,0.0108821486,705,64785,valid_0.95_0.99,change_0.005_0.02,data/JRC_TMF_256_5000/A/jrc_tmf_2020_2023_congo_drc_01_000000_001792.png,data/JRC_TMF_256_5000/B/jrc_tmf_2020_2023_congo_drc_01_000000_001792.png,data/JRC_TMF_256_5000/label/jrc_tmf_2020_2023_congo_drc_01_000000_001792.png,quality_report/human_audit_contact_sheets/audit_0161_jrc_tmf_2020_2023_congo_drc_01_000000_001792.png,,,,,,,reviewer1,,
audit_0162,jrc_tmf_2020_2023_se_asia_borneo_02_stable_002304_004864,val,positive,jrc_tmf_2020_2023_se_asia_borneo_02_stable,se_asia_borneo_02_stable,4864,2304,0.8049163818,0.0392220053,2069,52751,valid_0.80_0.85,change_0.02_0.05,data/JRC_TMF_256_5000/A/jrc_tmf_2020_2023_se_asia_borneo_02_stable_002304_004864.png,data/JRC_TMF_256_5000/B/jrc_tmf_2020_2023_se_asia_borneo_02_stable_002304_004864.png,data/JRC_TMF_256_5000/label/jrc_tmf_2020_2023_se_asia_borneo_02_stable_002304_004864.png,quality_report/human_audit_contact_sheets/audit_0162_jrc_tmf_2020_2023_se_asia_borneo_02_stable_002304_004864.png,,,,,,,reviewer1,,
audit_0163,jrc_tmf_2020_2023_se_asia_borneo_02_stable_007168_005888,val,positive,jrc_tmf_2020_2023_se_asia_borneo_02_stable,se_asia_borneo_02_stable,5888,7168,0.9356536865,0.0487124708,2987,61319,valid_0.85_0.95,change_0.02_0.05,data/JRC_TMF_256_5000/A/jrc_tmf_2020_2023_se_asia_borneo_02_stable_007168_005888.png,data/JRC_TMF_256_5000/B/jrc_tmf_2020_2023_se_asia_borneo_02_stable_007168_005888.png,data/JRC_TMF_256_5000/label/jrc_tmf_2020_2023_se_asia_borneo_02_stable_007168_005888.png,quality_report/human_audit_contact_sheets/audit_0163_jrc_tmf_2020_2023_se_asia_borneo_02_stable_007168_005888.png,,,,,,,reviewer1,,
audit_0164,jrc_tmf_2020_2023_congo_roc_01_stable_006400_002304,test,positive,jrc_tmf_2020_2023_congo_roc_01_stable,congo_roc_01_stable,2304,6400,0.8114318848,0.0161909060,861,53178,valid_0.80_0.85,change_0.005_0.02,data/JRC_TMF_256_5000/A/jrc_tmf_2020_2023_congo_roc_01_stable_006400_002304.png,data/JRC_TMF_256_5000/B/jrc_tmf_2020_2023_congo_roc_01_stable_006400_002304.png,data/JRC_TMF_256_5000/label/jrc_tmf_2020_2023_congo_roc_01_stable_006400_002304.png,quality_report/human_audit_contact_sheets/audit_0164_jrc_tmf_2020_2023_congo_roc_01_stable_006400_002304.png,,,,,,,reviewer1,,
audit_0165,jrc_tmf_2020_2023_amazon_peru_01_001280_000000,train,positive,jrc_tmf_2020_2023_amazon_peru_01,amazon_peru_01,0,1280,0.8425140381,0.0592954813,3274,55215,valid_0.80_0.85,change_ge_0.05,data/JRC_TMF_256_5000/A/jrc_tmf_2020_2023_amazon_peru_01_001280_000000.png,data/JRC_TMF_256_5000/B/jrc_tmf_2020_2023_amazon_peru_01_001280_000000.png,data/JRC_TMF_256_5000/label/jrc_tmf_2020_2023_amazon_peru_01_001280_000000.png,quality_report/human_audit_contact_sheets/audit_0165_jrc_tmf_2020_2023_amazon_peru_01_001280_000000.png,,,,,,,reviewer1,,
audit_0166,jrc_tmf_2020_2023_amazon_brazil_02_stable_005888_005376,train,positive,jrc_tmf_2020_2023_amazon_brazil_02_stable,amazon_brazil_02_stable,5376,5888,0.8147430420,0.0849517745,4536,53395,valid_0.80_0.85,change_ge_0.05,data/JRC_TMF_256_5000/A/jrc_tmf_2020_2023_amazon_brazil_02_stable_005888_005376.png,data/JRC_TMF_256_5000/B/jrc_tmf_2020_2023_amazon_brazil_02_stable_005888_005376.png,data/JRC_TMF_256_5000/label/jrc_tmf_2020_2023_amazon_brazil_02_stable_005888_005376.png,quality_report/human_audit_contact_sheets/audit_0166_jrc_tmf_2020_2023_amazon_brazil_02_stable_005888_005376.png,,,,,,,reviewer1,,
audit_0167,jrc_tmf_2020_2023_congo_gabon_01_006400_000512,train,positive,jrc_tmf_2020_2023_congo_gabon_01,congo_gabon_01,512,6400,0.8406219482,0.0161732406,891,55091,valid_0.80_0.85,change_0.005_0.02,data/JRC_TMF_256_5000/A/jrc_tmf_2020_2023_congo_gabon_01_006400_000512.png,data/JRC_TMF_256_5000/B/jrc_tmf_2020_2023_congo_gabon_01_006400_000512.png,data/JRC_TMF_256_5000/label/jrc_tmf_2020_2023_congo_gabon_01_006400_000512.png,quality_report/human_audit_contact_sheets/audit_0167_jrc_tmf_2020_2023_congo_gabon_01_006400_000512.png,,,,,,,reviewer1,,
audit_0168,jrc_tmf_2020_2023_se_asia_sumatra_02_stable_004864_002816,test,positive,jrc_tmf_2020_2023_se_asia_sumatra_02_stable,se_asia_sumatra_02_stable,2816,4864,0.8360290527,0.0133053477,729,54790,valid_0.80_0.85,change_0.005_0.02,data/JRC_TMF_256_5000/A/jrc_tmf_2020_2023_se_asia_sumatra_02_stable_004864_002816.png,data/JRC_TMF_256_5000/B/jrc_tmf_2020_2023_se_asia_sumatra_02_stable_004864_002816.png,data/JRC_TMF_256_5000/label/jrc_tmf_2020_2023_se_asia_sumatra_02_stable_004864_002816.png,quality_report/human_audit_contact_sheets/audit_0168_jrc_tmf_2020_2023_se_asia_sumatra_02_stable_004864_002816.png,,,,,,,reviewer1,,
audit_0169,jrc_tmf_2020_2023_amazon_brazil_01_003328_006656,train,positive,jrc_tmf_2020_2023_amazon_brazil_01,amazon_brazil_01,6656,3328,0.8074493408,0.0179904379,952,52917,valid_0.80_0.85,change_0.005_0.02,data/JRC_TMF_256_5000/A/jrc_tmf_2020_2023_amazon_brazil_01_003328_006656.png,data/JRC_TMF_256_5000/B/jrc_tmf_2020_2023_amazon_brazil_01_003328_006656.png,data/JRC_TMF_256_5000/label/jrc_tmf_2020_2023_amazon_brazil_01_003328_006656.png,quality_report/human_audit_contact_sheets/audit_0169_jrc_tmf_2020_2023_amazon_brazil_01_003328_006656.png,,,,,,,reviewer1,,
audit_0170,jrc_tmf_2020_2023_congo_drc_01_006400_001024,train,positive,jrc_tmf_2020_2023_congo_drc_01,congo_drc_01,1024,6400,0.8379974365,0.0243449444,1337,54919,valid_0.80_0.85,change_0.02_0.05,data/JRC_TMF_256_5000/A/jrc_tmf_2020_2023_congo_drc_01_006400_001024.png,data/JRC_TMF_256_5000/B/jrc_tmf_2020_2023_congo_drc_01_006400_001024.png,data/JRC_TMF_256_5000/label/jrc_tmf_2020_2023_congo_drc_01_006400_001024.png,quality_report/human_audit_contact_sheets/audit_0170_jrc_tmf_2020_2023_congo_drc_01_006400_001024.png,,,,,,,reviewer1,,
audit_0171,jrc_tmf_2020_2023_amazon_guyana_01_stable_004096_005632,train,positive,jrc_tmf_2020_2023_amazon_guyana_01_stable,amazon_guyana_01_stable,5632,4096,0.8181457520,0.0431571487,2314,53618,valid_0.80_0.85,change_0.02_0.05,data/JRC_TMF_256_5000/A/jrc_tmf_2020_2023_amazon_guyana_01_stable_004096_005632.png,data/JRC_TMF_256_5000/B/jrc_tmf_2020_2023_amazon_guyana_01_stable_004096_005632.png,data/JRC_TMF_256_5000/label/jrc_tmf_2020_2023_amazon_guyana_01_stable_004096_005632.png,quality_report/human_audit_contact_sheets/audit_0171_jrc_tmf_2020_2023_amazon_guyana_01_stable_004096_005632.png,,,,,,,reviewer1,,
audit_0172,jrc_tmf_2020_2023_congo_drc_01_006912_002816,train,positive,jrc_tmf_2020_2023_congo_drc_01,congo_drc_01,2816,6912,0.8497314453,0.0335799454,1870,55688,valid_0.80_0.85,change_0.02_0.05,data/JRC_TMF_256_5000/A/jrc_tmf_2020_2023_congo_drc_01_006912_002816.png,data/JRC_TMF_256_5000/B/jrc_tmf_2020_2023_congo_drc_01_006912_002816.png,data/JRC_TMF_256_5000/label/jrc_tmf_2020_2023_congo_drc_01_006912_002816.png,quality_report/human_audit_contact_sheets/audit_0172_jrc_tmf_2020_2023_congo_drc_01_006912_002816.png,,,,,,,reviewer1,,
audit_0173,jrc_tmf_2020_2023_congo_gabon_01_000512_005376,test,positive,jrc_tmf_2020_2023_congo_gabon_01,congo_gabon_01,5376,512,0.8460235596,0.0058977365,327,55445,valid_0.80_0.85,change_0.005_0.02,data/JRC_TMF_256_5000/A/jrc_tmf_2020_2023_congo_gabon_01_000512_005376.png,data/JRC_TMF_256_5000/B/jrc_tmf_2020_2023_congo_gabon_01_000512_005376.png,data/JRC_TMF_256_5000/label/jrc_tmf_2020_2023_congo_gabon_01_000512_005376.png,quality_report/human_audit_contact_sheets/audit_0173_jrc_tmf_2020_2023_congo_gabon_01_000512_005376.png,,,,,,,reviewer1,,
audit_0174,jrc_tmf_2020_2023_amazon_colombia_01_001536_005632,train,positive,jrc_tmf_2020_2023_amazon_colombia_01,amazon_colombia_01,5632,1536,0.8440246582,0.0195610515,1082,55314,valid_0.80_0.85,change_0.005_0.02,data/JRC_TMF_256_5000/A/jrc_tmf_2020_2023_amazon_colombia_01_001536_005632.png,data/JRC_TMF_256_5000/B/jrc_tmf_2020_2023_amazon_colombia_01_001536_005632.png,data/JRC_TMF_256_5000/label/jrc_tmf_2020_2023_amazon_colombia_01_001536_005632.png,quality_report/human_audit_contact_sheets/audit_0174_jrc_tmf_2020_2023_amazon_colombia_01_001536_005632.png,,,,,,,reviewer1,,
audit_0175,jrc_tmf_2020_2023_amazon_brazil_01_006144_003072,train,positive,jrc_tmf_2020_2023_amazon_brazil_01,amazon_brazil_01,3072,6144,0.8291473389,0.0030548961,166,54339,valid_0.80_0.85,change_0_0.005,data/JRC_TMF_256_5000/A/jrc_tmf_2020_2023_amazon_brazil_01_006144_003072.png,data/JRC_TMF_256_5000/B/jrc_tmf_2020_2023_amazon_brazil_01_006144_003072.png,data/JRC_TMF_256_5000/label/jrc_tmf_2020_2023_amazon_brazil_01_006144_003072.png,quality_report/human_audit_contact_sheets/audit_0175_jrc_tmf_2020_2023_amazon_brazil_01_006144_003072.png,,,,,,,reviewer1,,
audit_0176,jrc_tmf_2020_2023_amazon_colombia_01_000512_003584,train,positive,jrc_tmf_2020_2023_amazon_colombia_01,amazon_colombia_01,3584,512,0.8214721680,0.0383943829,2067,53836,valid_0.80_0.85,change_0.02_0.05,data/JRC_TMF_256_5000/A/jrc_tmf_2020_2023_amazon_colombia_01_000512_003584.png,data/JRC_TMF_256_5000/B/jrc_tmf_2020_2023_amazon_colombia_01_000512_003584.png,data/JRC_TMF_256_5000/label/jrc_tmf_2020_2023_amazon_colombia_01_000512_003584.png,quality_report/human_audit_contact_sheets/audit_0176_jrc_tmf_2020_2023_amazon_colombia_01_000512_003584.png,,,,,,,reviewer1,,
audit_0177,jrc_tmf_2020_2023_amazon_brazil_01_000768_006400,test,positive,jrc_tmf_2020_2023_amazon_brazil_01,amazon_brazil_01,6400,768,0.8407592773,0.1024500907,5645,55100,valid_0.80_0.85,change_ge_0.05,data/JRC_TMF_256_5000/A/jrc_tmf_2020_2023_amazon_brazil_01_000768_006400.png,data/JRC_TMF_256_5000/B/jrc_tmf_2020_2023_amazon_brazil_01_000768_006400.png,data/JRC_TMF_256_5000/label/jrc_tmf_2020_2023_amazon_brazil_01_000768_006400.png,quality_report/human_audit_contact_sheets/audit_0177_jrc_tmf_2020_2023_amazon_brazil_01_000768_006400.png,,,,,,,reviewer1,,
audit_0178,jrc_tmf_2020_2023_amazon_brazil_02_stable_006912_000256,val,positive,jrc_tmf_2020_2023_amazon_brazil_02_stable,amazon_brazil_02_stable,256,6912,0.8143615723,0.0584785460,3121,53370,valid_0.80_0.85,change_ge_0.05,data/JRC_TMF_256_5000/A/jrc_tmf_2020_2023_amazon_brazil_02_stable_006912_000256.png,data/JRC_TMF_256_5000/B/jrc_tmf_2020_2023_amazon_brazil_02_stable_006912_000256.png,data/JRC_TMF_256_5000/label/jrc_tmf_2020_2023_amazon_brazil_02_stable_006912_000256.png,quality_report/human_audit_contact_sheets/audit_0178_jrc_tmf_2020_2023_amazon_brazil_02_stable_006912_000256.png,,,,,,,reviewer1,,
audit_0179,jrc_tmf_2020_2023_amazon_bolivia_01_001280_001792,train,positive,jrc_tmf_2020_2023_amazon_bolivia_01,amazon_bolivia_01,1792,1280,0.8016662598,0.0043397160,228,52538,valid_0.80_0.85,change_0_0.005,data/JRC_TMF_256_5000/A/jrc_tmf_2020_2023_amazon_bolivia_01_001280_001792.png,data/JRC_TMF_256_5000/B/jrc_tmf_2020_2023_amazon_bolivia_01_001280_001792.png,data/JRC_TMF_256_5000/label/jrc_tmf_2020_2023_amazon_bolivia_01_001280_001792.png,quality_report/human_audit_contact_sheets/audit_0179_jrc_tmf_2020_2023_amazon_bolivia_01_001280_001792.png,,,,,,,reviewer1,,
audit_0180,jrc_tmf_2020_2023_se_asia_borneo_01_005376_004864,train,positive,jrc_tmf_2020_2023_se_asia_borneo_01,se_asia_borneo_01,4864,5376,0.8216400146,0.0796701766,4290,53847,valid_0.80_0.85,change_ge_0.05,data/JRC_TMF_256_5000/A/jrc_tmf_2020_2023_se_asia_borneo_01_005376_004864.png,data/JRC_TMF_256_5000/B/jrc_tmf_2020_2023_se_asia_borneo_01_005376_004864.png,data/JRC_TMF_256_5000/label/jrc_tmf_2020_2023_se_asia_borneo_01_005376_004864.png,quality_report/human_audit_contact_sheets/audit_0180_jrc_tmf_2020_2023_se_asia_borneo_01_005376_004864.png,,,,,,,reviewer1,,
audit_0181,jrc_tmf_2020_2023_se_asia_borneo_01_005632_006656,train,positive,jrc_tmf_2020_2023_se_asia_borneo_01,se_asia_borneo_01,6656,5632,0.8247070312,0.0141910894,767,54048,valid_0.80_0.85,change_0.005_0.02,data/JRC_TMF_256_5000/A/jrc_tmf_2020_2023_se_asia_borneo_01_005632_006656.png,data/JRC_TMF_256_5000/B/jrc_tmf_2020_2023_se_asia_borneo_01_005632_006656.png,data/JRC_TMF_256_5000/label/jrc_tmf_2020_2023_se_asia_borneo_01_005632_006656.png,quality_report/human_audit_contact_sheets/audit_0181_jrc_tmf_2020_2023_se_asia_borneo_01_005632_006656.png,,,,,,,reviewer1,,
audit_0182,jrc_tmf_2020_2023_amazon_bolivia_01_001280_002048,train,positive,jrc_tmf_2020_2023_amazon_bolivia_01,amazon_bolivia_01,2048,1280,0.8166198730,0.0050076610,268,53518,valid_0.80_0.85,change_0.005_0.02,data/JRC_TMF_256_5000/A/jrc_tmf_2020_2023_amazon_bolivia_01_001280_002048.png,data/JRC_TMF_256_5000/B/jrc_tmf_2020_2023_amazon_bolivia_01_001280_002048.png,data/JRC_TMF_256_5000/label/jrc_tmf_2020_2023_amazon_bolivia_01_001280_002048.png,quality_report/human_audit_contact_sheets/audit_0182_jrc_tmf_2020_2023_amazon_bolivia_01_001280_002048.png,,,,,,,reviewer1,,
audit_0183,jrc_tmf_2020_2023_amazon_brazil_01_001536_005888,train,positive,jrc_tmf_2020_2023_amazon_brazil_01,amazon_brazil_01,5888,1536,0.8031768799,0.0089480783,471,52637,valid_0.80_0.85,change_0.005_0.02,data/JRC_TMF_256_5000/A/jrc_tmf_2020_2023_amazon_brazil_01_001536_005888.png,data/JRC_TMF_256_5000/B/jrc_tmf_2020_2023_amazon_brazil_01_001536_005888.png,data/JRC_TMF_256_5000/label/jrc_tmf_2020_2023_amazon_brazil_01_001536_005888.png,quality_report/human_audit_contact_sheets/audit_0183_jrc_tmf_2020_2023_amazon_brazil_01_001536_005888.png,,,,,,,reviewer1,,
audit_0184,jrc_tmf_2020_2023_amazon_brazil_02_stable_006400_001280,train,positive,jrc_tmf_2020_2023_amazon_brazil_02_stable,amazon_brazil_02_stable,1280,6400,0.8180694580,0.0331635984,1778,53613,valid_0.80_0.85,change_0.02_0.05,data/JRC_TMF_256_5000/A/jrc_tmf_2020_2023_amazon_brazil_02_stable_006400_001280.png,data/JRC_TMF_256_5000/B/jrc_tmf_2020_2023_amazon_brazil_02_stable_006400_001280.png,data/JRC_TMF_256_5000/label/jrc_tmf_2020_2023_amazon_brazil_02_stable_006400_001280.png,quality_report/human_audit_contact_sheets/audit_0184_jrc_tmf_2020_2023_amazon_brazil_02_stable_006400_001280.png,,,,,,,reviewer1,,
audit_0185,jrc_tmf_2020_2023_se_asia_sumatra_01_006400_003072,test,positive,jrc_tmf_2020_2023_se_asia_sumatra_01,se_asia_sumatra_01,3072,6400,0.8104400635,0.0718091616,3814,53113,valid_0.80_0.85,change_ge_0.05,data/JRC_TMF_256_5000/A/jrc_tmf_2020_2023_se_asia_sumatra_01_006400_003072.png,data/JRC_TMF_256_5000/B/jrc_tmf_2020_2023_se_asia_sumatra_01_006400_003072.png,data/JRC_TMF_256_5000/label/jrc_tmf_2020_2023_se_asia_sumatra_01_006400_003072.png,quality_report/human_audit_contact_sheets/audit_0185_jrc_tmf_2020_2023_se_asia_sumatra_01_006400_003072.png,,,,,,,reviewer1,,
audit_0186,jrc_tmf_2020_2023_se_asia_borneo_02_stable_003584_006144,train,positive,jrc_tmf_2020_2023_se_asia_borneo_02_stable,se_asia_borneo_02_stable,6144,3584,0.8431549072,0.0727328664,4019,55257,valid_0.80_0.85,change_ge_0.05,data/JRC_TMF_256_5000/A/jrc_tmf_2020_2023_se_asia_borneo_02_stable_003584_006144.png,data/JRC_TMF_256_5000/B/jrc_tmf_2020_2023_se_asia_borneo_02_stable_003584_006144.png,data/JRC_TMF_256_5000/label/jrc_tmf_2020_2023_se_asia_borneo_02_stable_003584_006144.png,quality_report/human_audit_contact_sheets/audit_0186_jrc_tmf_2020_2023_se_asia_borneo_02_stable_003584_006144.png,,,,,,,reviewer1,,
audit_0187,jrc_tmf_2020_2023_se_asia_papua_01_stable_005120_003328,train,positive,jrc_tmf_2020_2023_se_asia_papua_01_stable,se_asia_papua_01_stable,3328,5120,0.8223724365,0.0075146117,405,53895,valid_0.80_0.85,change_0.005_0.02,data/JRC_TMF_256_5000/A/jrc_tmf_2020_2023_se_asia_papua_01_stable_005120_003328.png,data/JRC_TMF_256_5000/B/jrc_tmf_2020_2023_se_asia_papua_01_stable_005120_003328.png,data/JRC_TMF_256_5000/label/jrc_tmf_2020_2023_se_asia_papua_01_stable_005120_003328.png,quality_report/human_audit_contact_sheets/audit_0187_jrc_tmf_2020_2023_se_asia_papua_01_stable_005120_003328.png,,,,,,,reviewer1,,
audit_0188,jrc_tmf_2020_2023_amazon_brazil_02_stable_005120_005376,train,positive,jrc_tmf_2020_2023_amazon_brazil_02_stable,amazon_brazil_02_stable,5376,5120,0.8233184814,0.0880330634,4750,53957,valid_0.80_0.85,change_ge_0.05,data/JRC_TMF_256_5000/A/jrc_tmf_2020_2023_amazon_brazil_02_stable_005120_005376.png,data/JRC_TMF_256_5000/B/jrc_tmf_2020_2023_amazon_brazil_02_stable_005120_005376.png,data/JRC_TMF_256_5000/label/jrc_tmf_2020_2023_amazon_brazil_02_stable_005120_005376.png,quality_report/human_audit_contact_sheets/audit_0188_jrc_tmf_2020_2023_amazon_brazil_02_stable_005120_005376.png,,,,,,,reviewer1,,
audit_0189,jrc_tmf_2020_2023_se_asia_sumatra_02_stable_003328_004096,val,positive,jrc_tmf_2020_2023_se_asia_sumatra_02_stable,se_asia_sumatra_02_stable,4096,3328,0.8352508545,0.0120937540,662,54739,valid_0.80_0.85,change_0.005_0.02,data/JRC_TMF_256_5000/A/jrc_tmf_2020_2023_se_asia_sumatra_02_stable_003328_004096.png,data/JRC_TMF_256_5000/B/jrc_tmf_2020_2023_se_asia_sumatra_02_stable_003328_004096.png,data/JRC_TMF_256_5000/label/jrc_tmf_2020_2023_se_asia_sumatra_02_stable_003328_004096.png,quality_report/human_audit_contact_sheets/audit_0189_jrc_tmf_2020_2023_se_asia_sumatra_02_stable_003328_004096.png,,,,,,,reviewer1,,
audit_0190,jrc_tmf_2020_2023_congo_gabon_02_stable_004608_003584,train,positive,jrc_tmf_2020_2023_congo_gabon_02_stable,congo_gabon_02_stable,3584,4608,0.8278198242,0.0057693726,313,54252,valid_0.80_0.85,change_0.005_0.02,data/JRC_TMF_256_5000/A/jrc_tmf_2020_2023_congo_gabon_02_stable_004608_003584.png,data/JRC_TMF_256_5000/B/jrc_tmf_2020_2023_congo_gabon_02_stable_004608_003584.png,data/JRC_TMF_256_5000/label/jrc_tmf_2020_2023_congo_gabon_02_stable_004608_003584.png,quality_report/human_audit_contact_sheets/audit_0190_jrc_tmf_2020_2023_congo_gabon_02_stable_004608_003584.png,,,,,,,reviewer1,,
audit_0191,jrc_tmf_2020_2023_se_asia_borneo_02_stable_006912_004352,train,positive,jrc_tmf_2020_2023_se_asia_borneo_02_stable,se_asia_borneo_02_stable,4352,6912,0.8405456543,0.0047198925,260,55086,valid_0.80_0.85,change_0_0.005,data/JRC_TMF_256_5000/A/jrc_tmf_2020_2023_se_asia_borneo_02_stable_006912_004352.png,data/JRC_TMF_256_5000/B/jrc_tmf_2020_2023_se_asia_borneo_02_stable_006912_004352.png,data/JRC_TMF_256_5000/label/jrc_tmf_2020_2023_se_asia_borneo_02_stable_006912_004352.png,quality_report/human_audit_contact_sheets/audit_0191_jrc_tmf_2020_2023_se_asia_borneo_02_stable_006912_004352.png,,,,,,,reviewer1,,
audit_0192,jrc_tmf_2020_2023_amazon_brazil_01_006912_006912,val,positive,jrc_tmf_2020_2023_amazon_brazil_01,amazon_brazil_01,6912,6912,0.8078308105,0.1990669034,10539,52942,valid_0.80_0.85,change_ge_0.05,data/JRC_TMF_256_5000/A/jrc_tmf_2020_2023_amazon_brazil_01_006912_006912.png,data/JRC_TMF_256_5000/B/jrc_tmf_2020_2023_amazon_brazil_01_006912_006912.png,data/JRC_TMF_256_5000/label/jrc_tmf_2020_2023_amazon_brazil_01_006912_006912.png,quality_report/human_audit_contact_sheets/audit_0192_jrc_tmf_2020_2023_amazon_brazil_01_006912_006912.png,,,,,,,reviewer1,,
audit_0193,jrc_tmf_2020_2023_se_asia_sumatra_02_stable_004352_002816,test,positive,jrc_tmf_2020_2023_se_asia_sumatra_02_stable,se_asia_sumatra_02_stable,2816,4352,0.8111877441,0.0365486626,1943,53162,valid_0.80_0.85,change_0.02_0.05,data/JRC_TMF_256_5000/A/jrc_tmf_2020_2023_se_asia_sumatra_02_stable_004352_002816.png,data/JRC_TMF_256_5000/B/jrc_tmf_2020_2023_se_asia_sumatra_02_stable_004352_002816.png,data/JRC_TMF_256_5000/label/jrc_tmf_2020_2023_se_asia_sumatra_02_stable_004352_002816.png,quality_report/human_audit_contact_sheets/audit_0193_jrc_tmf_2020_2023_se_asia_sumatra_02_stable_004352_002816.png,,,,,,,reviewer1,,
audit_0194,jrc_tmf_2020_2023_se_asia_borneo_02_stable_000512_005120,train,positive,jrc_tmf_2020_2023_se_asia_borneo_02_stable,se_asia_borneo_02_stable,5120,512,0.8261566162,0.0031952422,173,54143,valid_0.80_0.85,change_0_0.005,data/JRC_TMF_256_5000/A/jrc_tmf_2020_2023_se_asia_borneo_02_stable_000512_005120.png,data/JRC_TMF_256_5000/B/jrc_tmf_2020_2023_se_asia_borneo_02_stable_000512_005120.png,data/JRC_TMF_256_5000/label/jrc_tmf_2020_2023_se_asia_borneo_02_stable_000512_005120.png,quality_report/human_audit_contact_sheets/audit_0194_jrc_tmf_2020_2023_se_asia_borneo_02_stable_000512_005120.png,,,,,,,reviewer1,,
audit_0195,jrc_tmf_2020_2023_se_asia_sumatra_02_stable_001792_002560,train,positive,jrc_tmf_2020_2023_se_asia_sumatra_02_stable,se_asia_sumatra_02_stable,2560,1792,0.8117828369,0.0054322287,289,53201,valid_0.80_0.85,change_0.005_0.02,data/JRC_TMF_256_5000/A/jrc_tmf_2020_2023_se_asia_sumatra_02_stable_001792_002560.png,data/JRC_TMF_256_5000/B/jrc_tmf_2020_2023_se_asia_sumatra_02_stable_001792_002560.png,data/JRC_TMF_256_5000/label/jrc_tmf_2020_2023_se_asia_sumatra_02_stable_001792_002560.png,quality_report/human_audit_contact_sheets/audit_0195_jrc_tmf_2020_2023_se_asia_sumatra_02_stable_001792_002560.png,,,,,,,reviewer1,,
audit_0196,jrc_tmf_2020_2023_se_asia_borneo_02_stable_006400_006144,train,positive,jrc_tmf_2020_2023_se_asia_borneo_02_stable,se_asia_borneo_02_stable,6144,6400,0.8298339844,0.0178545160,971,54384,valid_0.80_0.85,change_0.005_0.02,data/JRC_TMF_256_5000/A/jrc_tmf_2020_2023_se_asia_borneo_02_stable_006400_006144.png,data/JRC_TMF_256_5000/B/jrc_tmf_2020_2023_se_asia_borneo_02_stable_006400_006144.png,data/JRC_TMF_256_5000/label/jrc_tmf_2020_2023_se_asia_borneo_02_stable_006400_006144.png,quality_report/human_audit_contact_sheets/audit_0196_jrc_tmf_2020_2023_se_asia_borneo_02_stable_006400_006144.png,,,,,,,reviewer1,,
audit_0197,jrc_tmf_2020_2023_se_asia_sumatra_01_006400_004352,train,positive,jrc_tmf_2020_2023_se_asia_sumatra_01,se_asia_sumatra_01,4352,6400,0.8272247314,0.0870824341,4721,54213,valid_0.80_0.85,change_ge_0.05,data/JRC_TMF_256_5000/A/jrc_tmf_2020_2023_se_asia_sumatra_01_006400_004352.png,data/JRC_TMF_256_5000/B/jrc_tmf_2020_2023_se_asia_sumatra_01_006400_004352.png,data/JRC_TMF_256_5000/label/jrc_tmf_2020_2023_se_asia_sumatra_01_006400_004352.png,quality_report/human_audit_contact_sheets/audit_0197_jrc_tmf_2020_2023_se_asia_sumatra_01_006400_004352.png,,,,,,,reviewer1,,
audit_0198,jrc_tmf_2020_2023_amazon_bolivia_01_001280_002304,train,positive,jrc_tmf_2020_2023_amazon_bolivia_01,amazon_bolivia_01,2304,1280,0.8161926270,0.0041876986,224,53490,valid_0.80_0.85,change_0_0.005,data/JRC_TMF_256_5000/A/jrc_tmf_2020_2023_amazon_bolivia_01_001280_002304.png,data/JRC_TMF_256_5000/B/jrc_tmf_2020_2023_amazon_bolivia_01_001280_002304.png,data/JRC_TMF_256_5000/label/jrc_tmf_2020_2023_amazon_bolivia_01_001280_002304.png,quality_report/human_audit_contact_sheets/audit_0198_jrc_tmf_2020_2023_amazon_bolivia_01_001280_002304.png,,,,,,,reviewer1,,
audit_0199,jrc_tmf_2020_2023_amazon_guyana_01_stable_004352_005120,train,positive,jrc_tmf_2020_2023_amazon_guyana_01_stable,amazon_guyana_01_stable,5120,4352,0.8269958496,0.0139304033,755,54198,valid_0.80_0.85,change_0.005_0.02,data/JRC_TMF_256_5000/A/jrc_tmf_2020_2023_amazon_guyana_01_stable_004352_005120.png,data/JRC_TMF_256_5000/B/jrc_tmf_2020_2023_amazon_guyana_01_stable_004352_005120.png,data/JRC_TMF_256_5000/label/jrc_tmf_2020_2023_amazon_guyana_01_stable_004352_005120.png,quality_report/human_audit_contact_sheets/audit_0199_jrc_tmf_2020_2023_amazon_guyana_01_stable_004352_005120.png,,,,,,,reviewer1,,
audit_0200,jrc_tmf_2020_2023_se_asia_sumatra_01_004608_000000,train,positive,jrc_tmf_2020_2023_se_asia_sumatra_01,se_asia_sumatra_01,0,4608,0.8209533691,0.0504442214,2714,53802,valid_0.80_0.85,change_ge_0.05,data/JRC_TMF_256_5000/A/jrc_tmf_2020_2023_se_asia_sumatra_01_004608_000000.png,data/JRC_TMF_256_5000/B/jrc_tmf_2020_2023_se_asia_sumatra_01_004608_000000.png,data/JRC_TMF_256_5000/label/jrc_tmf_2020_2023_se_asia_sumatra_01_004608_000000.png,quality_report/human_audit_contact_sheets/audit_0200_jrc_tmf_2020_2023_se_asia_sumatra_01_004608_000000.png,,,,,,,reviewer1,,
audit_0201,jrc_tmf_2020_2023_se_asia_sumatra_01_005888_005120,train,positive,jrc_tmf_2020_2023_se_asia_sumatra_01,se_asia_sumatra_01,5120,5888,0.8037109375,0.0414641555,2184,52672,valid_0.80_0.85,change_0.02_0.05,data/JRC_TMF_256_5000/A/jrc_tmf_2020_2023_se_asia_sumatra_01_005888_005120.png,data/JRC_TMF_256_5000/B/jrc_tmf_2020_2023_se_asia_sumatra_01_005888_005120.png,data/JRC_TMF_256_5000/label/jrc_tmf_2020_2023_se_asia_sumatra_01_005888_005120.png,quality_report/human_audit_contact_sheets/audit_0201_jrc_tmf_2020_2023_se_asia_sumatra_01_005888_005120.png,,,,,,,reviewer1,,
audit_0202,jrc_tmf_2020_2023_se_asia_sumatra_02_stable_006144_002304,val,positive,jrc_tmf_2020_2023_se_asia_sumatra_02_stable,se_asia_sumatra_02_stable,2304,6144,0.8035125732,0.0225412560,1187,52659,valid_0.80_0.85,change_0.02_0.05,data/JRC_TMF_256_5000/A/jrc_tmf_2020_2023_se_asia_sumatra_02_stable_006144_002304.png,data/JRC_TMF_256_5000/B/jrc_tmf_2020_2023_se_asia_sumatra_02_stable_006144_002304.png,data/JRC_TMF_256_5000/label/jrc_tmf_2020_2023_se_asia_sumatra_02_stable_006144_002304.png,quality_report/human_audit_contact_sheets/audit_0202_jrc_tmf_2020_2023_se_asia_sumatra_02_stable_006144_002304.png,,,,,,,reviewer1,,
audit_0203,jrc_tmf_2020_2023_se_asia_sumatra_02_stable_005120_004096,val,positive,jrc_tmf_2020_2023_se_asia_sumatra_02_stable,se_asia_sumatra_02_stable,4096,5120,0.8017883301,0.0201157081,1057,52546,valid_0.80_0.85,change_0.02_0.05,data/JRC_TMF_256_5000/A/jrc_tmf_2020_2023_se_asia_sumatra_02_stable_005120_004096.png,data/JRC_TMF_256_5000/B/jrc_tmf_2020_2023_se_asia_sumatra_02_stable_005120_004096.png,data/JRC_TMF_256_5000/label/jrc_tmf_2020_2023_se_asia_sumatra_02_stable_005120_004096.png,quality_report/human_audit_contact_sheets/audit_0203_jrc_tmf_2020_2023_se_asia_sumatra_02_stable_005120_004096.png,,,,,,,reviewer1,,
audit_0204,jrc_tmf_2020_2023_congo_drc_01_004608_001024,train,positive,jrc_tmf_2020_2023_congo_drc_01,congo_drc_01,1024,4608,0.8471221924,0.0426175766,2366,55517,valid_0.80_0.85,change_0.02_0.05,data/JRC_TMF_256_5000/A/jrc_tmf_2020_2023_congo_drc_01_004608_001024.png,data/JRC_TMF_256_5000/B/jrc_tmf_2020_2023_congo_drc_01_004608_001024.png,data/JRC_TMF_256_5000/label/jrc_tmf_2020_2023_congo_drc_01_004608_001024.png,quality_report/human_audit_contact_sheets/audit_0204_jrc_tmf_2020_2023_congo_drc_01_004608_001024.png,,,,,,,reviewer1,,
audit_0205,jrc_tmf_2020_2023_se_asia_sumatra_02_stable_006912_002560,val,positive,jrc_tmf_2020_2023_se_asia_sumatra_02_stable,se_asia_sumatra_02_stable,2560,6912,0.8248443604,0.0114323769,618,54057,valid_0.80_0.85,change_0.005_0.02,data/JRC_TMF_256_5000/A/jrc_tmf_2020_2023_se_asia_sumatra_02_stable_006912_002560.png,data/JRC_TMF_256_5000/B/jrc_tmf_2020_2023_se_asia_sumatra_02_stable_006912_002560.png,data/JRC_TMF_256_5000/label/jrc_tmf_2020_2023_se_asia_sumatra_02_stable_006912_002560.png,quality_report/human_audit_contact_sheets/audit_0205_jrc_tmf_2020_2023_se_asia_sumatra_02_stable_006912_002560.png,,,,,,,reviewer1,,
audit_0206,jrc_tmf_2020_2023_se_asia_borneo_01_006656_000256,test,positive,jrc_tmf_2020_2023_se_asia_borneo_01,se_asia_borneo_01,256,6656,0.8295288086,0.0312339048,1698,54364,valid_0.80_0.85,change_0.02_0.05,data/JRC_TMF_256_5000/A/jrc_tmf_2020_2023_se_asia_borneo_01_006656_000256.png,data/JRC_TMF_256_5000/B/jrc_tmf_2020_2023_se_asia_borneo_01_006656_000256.png,data/JRC_TMF_256_5000/label/jrc_tmf_2020_2023_se_asia_borneo_01_006656_000256.png,quality_report/human_audit_contact_sheets/audit_0206_jrc_tmf_2020_2023_se_asia_borneo_01_006656_000256.png,,,,,,,reviewer1,,
audit_0207,jrc_tmf_2020_2023_se_asia_borneo_02_stable_006144_005376,train,positive,jrc_tmf_2020_2023_se_asia_borneo_02_stable,se_asia_borneo_02_stable,5376,6144,0.8058929443,0.0023478179,124,52815,valid_0.80_0.85,change_0_0.005,data/JRC_TMF_256_5000/A/jrc_tmf_2020_2023_se_asia_borneo_02_stable_006144_005376.png,data/JRC_TMF_256_5000/B/jrc_tmf_2020_2023_se_asia_borneo_02_stable_006144_005376.png,data/JRC_TMF_256_5000/label/jrc_tmf_2020_2023_se_asia_borneo_02_stable_006144_005376.png,quality_report/human_audit_contact_sheets/audit_0207_jrc_tmf_2020_2023_se_asia_borneo_02_stable_006144_005376.png,,,,,,,reviewer1,,
audit_0208,jrc_tmf_2020_2023_se_asia_papua_01_stable_007168_006400,train,positive,jrc_tmf_2020_2023_se_asia_papua_01_stable,se_asia_papua_01_stable,6400,7168,0.8211822510,0.0273333705,1471,53817,valid_0.80_0.85,change_0.02_0.05,data/JRC_TMF_256_5000/A/jrc_tmf_2020_2023_se_asia_papua_01_stable_007168_006400.png,data/JRC_TMF_256_5000/B/jrc_tmf_2020_2023_se_asia_papua_01_stable_007168_006400.png,data/JRC_TMF_256_5000/label/jrc_tmf_2020_2023_se_asia_papua_01_stable_007168_006400.png,quality_report/human_audit_contact_sheets/audit_0208_jrc_tmf_2020_2023_se_asia_papua_01_stable_007168_006400.png,,,,,,,reviewer1,,
audit_0209,jrc_tmf_2020_2023_amazon_brazil_02_stable_005376_006400,train,positive,jrc_tmf_2020_2023_amazon_brazil_02_stable,amazon_brazil_02_stable,6400,5376,0.8135986328,0.2862715679,15264,53320,valid_0.80_0.85,change_ge_0.05,data/JRC_TMF_256_5000/A/jrc_tmf_2020_2023_amazon_brazil_02_stable_005376_006400.png,data/JRC_TMF_256_5000/B/jrc_tmf_2020_2023_amazon_brazil_02_stable_005376_006400.png,data/JRC_TMF_256_5000/label/jrc_tmf_2020_2023_amazon_brazil_02_stable_005376_006400.png,quality_report/human_audit_contact_sheets/audit_0209_jrc_tmf_2020_2023_amazon_brazil_02_stable_005376_006400.png,,,,,,,reviewer1,,
audit_0210,jrc_tmf_2020_2023_amazon_brazil_02_stable_005376_005376,train,positive,jrc_tmf_2020_2023_amazon_brazil_02_stable,amazon_brazil_02_stable,5376,5376,0.8375091553,0.0974729900,5350,54887,valid_0.80_0.85,change_ge_0.05,data/JRC_TMF_256_5000/A/jrc_tmf_2020_2023_amazon_brazil_02_stable_005376_005376.png,data/JRC_TMF_256_5000/B/jrc_tmf_2020_2023_amazon_brazil_02_stable_005376_005376.png,data/JRC_TMF_256_5000/label/jrc_tmf_2020_2023_amazon_brazil_02_stable_005376_005376.png,quality_report/human_audit_contact_sheets/audit_0210_jrc_tmf_2020_2023_amazon_brazil_02_stable_005376_005376.png,,,,,,,reviewer1,,
audit_0211,jrc_tmf_2020_2023_amazon_brazil_02_stable_005376_005888,train,positive,jrc_tmf_2020_2023_amazon_brazil_02_stable,amazon_brazil_02_stable,5888,5376,0.9450225830,0.0865612840,5361,61933,valid_0.85_0.95,change_ge_0.05,data/JRC_TMF_256_5000/A/jrc_tmf_2020_2023_amazon_brazil_02_stable_005376_005888.png,data/JRC_TMF_256_5000/B/jrc_tmf_2020_2023_amazon_brazil_02_stable_005376_005888.png,data/JRC_TMF_256_5000/label/jrc_tmf_2020_2023_amazon_brazil_02_stable_005376_005888.png,quality_report/human_audit_contact_sheets/audit_0211_jrc_tmf_2020_2023_amazon_brazil_02_stable_005376_005888.png,,,,,,,reviewer1,,
audit_0212,jrc_tmf_2020_2023_amazon_colombia_01_000768_004608,train,positive,jrc_tmf_2020_2023_amazon_colombia_01,amazon_colombia_01,4608,768,0.9615783691,0.1643657368,10358,63018,valid_0.95_0.99,change_ge_0.05,data/JRC_TMF_256_5000/A/jrc_tmf_2020_2023_amazon_colombia_01_000768_004608.png,data/JRC_TMF_256_5000/B/jrc_tmf_2020_2023_amazon_colombia_01_000768_004608.png,data/JRC_TMF_256_5000/label/jrc_tmf_2020_2023_amazon_colombia_01_000768_004608.png,quality_report/human_audit_contact_sheets/audit_0212_jrc_tmf_2020_2023_amazon_colombia_01_000768_004608.png,,,,,,,reviewer1,,
audit_0213,jrc_tmf_2020_2023_amazon_brazil_02_stable_003840_006656,test,positive,jrc_tmf_2020_2023_amazon_brazil_02_stable,amazon_brazil_02_stable,6656,3840,0.9927368164,0.3835229019,24952,65060,valid_0.99_1.00,change_ge_0.05,data/JRC_TMF_256_5000/A/jrc_tmf_2020_2023_amazon_brazil_02_stable_003840_006656.png,data/JRC_TMF_256_5000/B/jrc_tmf_2020_2023_amazon_brazil_02_stable_003840_006656.png,data/JRC_TMF_256_5000/label/jrc_tmf_2020_2023_amazon_brazil_02_stable_003840_006656.png,quality_report/human_audit_contact_sheets/audit_0213_jrc_tmf_2020_2023_amazon_brazil_02_stable_003840_006656.png,,,,,,,reviewer1,,
audit_0214,jrc_tmf_2020_2023_se_asia_sumatra_01_005120_001024,val,positive,jrc_tmf_2020_2023_se_asia_sumatra_01,se_asia_sumatra_01,1024,5120,0.8702850342,0.1782589638,10167,57035,valid_0.85_0.95,change_ge_0.05,data/JRC_TMF_256_5000/A/jrc_tmf_2020_2023_se_asia_sumatra_01_005120_001024.png,data/JRC_TMF_256_5000/B/jrc_tmf_2020_2023_se_asia_sumatra_01_005120_001024.png,data/JRC_TMF_256_5000/label/jrc_tmf_2020_2023_se_asia_sumatra_01_005120_001024.png,quality_report/human_audit_contact_sheets/audit_0214_jrc_tmf_2020_2023_se_asia_sumatra_01_005120_001024.png,,,,,,,reviewer1,,
audit_0215,jrc_tmf_2020_2023_amazon_brazil_01_001024_006400,train,positive,jrc_tmf_2020_2023_amazon_brazil_01,amazon_brazil_01,6400,1024,0.9512329102,0.1669233237,10406,62340,valid_0.95_0.99,change_ge_0.05,data/JRC_TMF_256_5000/A/jrc_tmf_2020_2023_amazon_brazil_01_001024_006400.png,data/JRC_TMF_256_5000/B/jrc_tmf_2020_2023_amazon_brazil_01_001024_006400.png,data/JRC_TMF_256_5000/label/jrc_tmf_2020_2023_amazon_brazil_01_001024_006400.png,quality_report/human_audit_contact_sheets/audit_0215_jrc_tmf_2020_2023_amazon_brazil_01_001024_006400.png,,,,,,,reviewer1,,
audit_0216,jrc_tmf_2020_2023_amazon_brazil_01_005376_002048,train,positive,jrc_tmf_2020_2023_amazon_brazil_01,amazon_brazil_01,2048,5376,0.9965362549,0.2795479949,18257,65309,valid_0.99_1.00,change_ge_0.05,data/JRC_TMF_256_5000/A/jrc_tmf_2020_2023_amazon_brazil_01_005376_002048.png,data/JRC_TMF_256_5000/B/jrc_tmf_2020_2023_amazon_brazil_01_005376_002048.png,data/JRC_TMF_256_5000/label/jrc_tmf_2020_2023_amazon_brazil_01_005376_002048.png,quality_report/human_audit_contact_sheets/audit_0216_jrc_tmf_2020_2023_amazon_brazil_01_005376_002048.png,,,,,,,reviewer1,,
audit_0217,jrc_tmf_2020_2023_amazon_brazil_02_stable_004608_006400,test,positive,jrc_tmf_2020_2023_amazon_brazil_02_stable,amazon_brazil_02_stable,6400,4608,0.9588470459,0.1229332103,7725,62839,valid_0.95_0.99,change_ge_0.05,data/JRC_TMF_256_5000/A/jrc_tmf_2020_2023_amazon_brazil_02_stable_004608_006400.png,data/JRC_TMF_256_5000/B/jrc_tmf_2020_2023_amazon_brazil_02_stable_004608_006400.png,data/JRC_TMF_256_5000/label/jrc_tmf_2020_2023_amazon_brazil_02_stable_004608_006400.png,quality_report/human_audit_contact_sheets/audit_0217_jrc_tmf_2020_2023_amazon_brazil_02_stable_004608_006400.png,,,,,,,reviewer1,,
audit_0218,jrc_tmf_2020_2023_amazon_brazil_02_stable_005120_006400,train,positive,jrc_tmf_2020_2023_amazon_brazil_02_stable,amazon_brazil_02_stable,6400,5120,0.9406585693,0.1249209207,7701,61647,valid_0.85_0.95,change_ge_0.05,data/JRC_TMF_256_5000/A/jrc_tmf_2020_2023_amazon_brazil_02_stable_005120_006400.png,data/JRC_TMF_256_5000/B/jrc_tmf_2020_2023_amazon_brazil_02_stable_005120_006400.png,data/JRC_TMF_256_5000/label/jrc_tmf_2020_2023_amazon_brazil_02_stable_005120_006400.png,quality_report/human_audit_contact_sheets/audit_0218_jrc_tmf_2020_2023_amazon_brazil_02_stable_005120_006400.png,,,,,,,reviewer1,,
audit_0219,jrc_tmf_2020_2023_amazon_brazil_02_stable_003840_005888,train,positive,jrc_tmf_2020_2023_amazon_brazil_02_stable,amazon_brazil_02_stable,5888,3840,0.9676055908,0.2586535884,16402,63413,valid_0.95_0.99,change_ge_0.05,data/JRC_TMF_256_5000/A/jrc_tmf_2020_2023_amazon_brazil_02_stable_003840_005888.png,data/JRC_TMF_256_5000/B/jrc_tmf_2020_2023_amazon_brazil_02_stable_003840_005888.png,data/JRC_TMF_256_5000/label/jrc_tmf_2020_2023_amazon_brazil_02_stable_003840_005888.png,quality_report/human_audit_contact_sheets/audit_0219_jrc_tmf_2020_2023_amazon_brazil_02_stable_003840_005888.png,,,,,,,reviewer1,,
audit_0220,jrc_tmf_2020_2023_amazon_brazil_01_000768_006656,test,positive,jrc_tmf_2020_2023_amazon_brazil_01,amazon_brazil_01,6656,768,0.8909454346,0.2685951121,15683,58389,valid_0.85_0.95,change_ge_0.05,data/JRC_TMF_256_5000/A/jrc_tmf_2020_2023_amazon_brazil_01_000768_006656.png,data/JRC_TMF_256_5000/B/jrc_tmf_2020_2023_amazon_brazil_01_000768_006656.png,data/JRC_TMF_256_5000/label/jrc_tmf_2020_2023_amazon_brazil_01_000768_006656.png,quality_report/human_audit_contact_sheets/audit_0220_jrc_tmf_2020_2023_amazon_brazil_01_000768_006656.png,,,,,,,reviewer1,,
audit_0221,jrc_tmf_2020_2023_amazon_bolivia_01_001536_006400,val,positive,jrc_tmf_2020_2023_amazon_bolivia_01,amazon_bolivia_01,6400,1536,0.8535919189,0.0635848483,3557,55941,valid_0.85_0.95,change_ge_0.05,data/JRC_TMF_256_5000/A/jrc_tmf_2020_2023_amazon_bolivia_01_001536_006400.png,data/JRC_TMF_256_5000/B/jrc_tmf_2020_2023_amazon_bolivia_01_001536_006400.png,data/JRC_TMF_256_5000/label/jrc_tmf_2020_2023_amazon_bolivia_01_001536_006400.png,quality_report/human_audit_contact_sheets/audit_0221_jrc_tmf_2020_2023_amazon_bolivia_01_001536_006400.png,,,,,,,reviewer1,,
audit_0222,jrc_tmf_2020_2023_amazon_peru_02_stable_005376_001280,train,positive,jrc_tmf_2020_2023_amazon_peru_02_stable,amazon_peru_02_stable,1280,5376,0.9016265869,0.0577095568,3410,59089,valid_0.85_0.95,change_ge_0.05,data/JRC_TMF_256_5000/A/jrc_tmf_2020_2023_amazon_peru_02_stable_005376_001280.png,data/JRC_TMF_256_5000/B/jrc_tmf_2020_2023_amazon_peru_02_stable_005376_001280.png,data/JRC_TMF_256_5000/label/jrc_tmf_2020_2023_amazon_peru_02_stable_005376_001280.png,quality_report/human_audit_contact_sheets/audit_0222_jrc_tmf_2020_2023_amazon_peru_02_stable_005376_001280.png,,,,,,,reviewer1,,
audit_0223,jrc_tmf_2020_2023_amazon_brazil_01_000512_006144,test,positive,jrc_tmf_2020_2023_amazon_brazil_01,amazon_brazil_01,6144,512,0.8845520020,0.1303950319,7559,57970,valid_0.85_0.95,change_ge_0.05,data/JRC_TMF_256_5000/A/jrc_tmf_2020_2023_amazon_brazil_01_000512_006144.png,data/JRC_TMF_256_5000/B/jrc_tmf_2020_2023_amazon_brazil_01_000512_006144.png,data/JRC_TMF_256_5000/label/jrc_tmf_2020_2023_amazon_brazil_01_000512_006144.png,quality_report/human_audit_contact_sheets/audit_0223_jrc_tmf_2020_2023_amazon_brazil_01_000512_006144.png,,,,,,,reviewer1,,
audit_0224,jrc_tmf_2020_2023_amazon_brazil_02_stable_006144_001536,train,positive,jrc_tmf_2020_2023_amazon_brazil_02_stable,amazon_brazil_02_stable,1536,6144,0.9657440186,0.0580651277,3675,63291,valid_0.95_0.99,change_ge_0.05,data/JRC_TMF_256_5000/A/jrc_tmf_2020_2023_amazon_brazil_02_stable_006144_001536.png,data/JRC_TMF_256_5000/B/jrc_tmf_2020_2023_amazon_brazil_02_stable_006144_001536.png,data/JRC_TMF_256_5000/label/jrc_tmf_2020_2023_amazon_brazil_02_stable_006144_001536.png,quality_report/human_audit_contact_sheets/audit_0224_jrc_tmf_2020_2023_amazon_brazil_02_stable_006144_001536.png,,,,,,,reviewer1,,
audit_0225,jrc_tmf_2020_2023_amazon_brazil_01_002048_006400,train,positive,jrc_tmf_2020_2023_amazon_brazil_01,amazon_brazil_01,6400,2048,0.8604583740,0.1841960597,10387,56391,valid_0.85_0.95,change_ge_0.05,data/JRC_TMF_256_5000/A/jrc_tmf_2020_2023_amazon_brazil_01_002048_006400.png,data/JRC_TMF_256_5000/B/jrc_tmf_2020_2023_amazon_brazil_01_002048_006400.png,data/JRC_TMF_256_5000/label/jrc_tmf_2020_2023_amazon_brazil_01_002048_006400.png,quality_report/human_audit_contact_sheets/audit_0225_jrc_tmf_2020_2023_amazon_brazil_01_002048_006400.png,,,,,,,reviewer1,,
audit_0226,jrc_tmf_2020_2023_amazon_brazil_02_stable_005376_002048,train,positive,jrc_tmf_2020_2023_amazon_brazil_02_stable,amazon_brazil_02_stable,2048,5376,0.8456726074,0.1082783010,6001,55422,valid_0.80_0.85,change_ge_0.05,data/JRC_TMF_256_5000/A/jrc_tmf_2020_2023_amazon_brazil_02_stable_005376_002048.png,data/JRC_TMF_256_5000/B/jrc_tmf_2020_2023_amazon_brazil_02_stable_005376_002048.png,data/JRC_TMF_256_5000/label/jrc_tmf_2020_2023_amazon_brazil_02_stable_005376_002048.png,quality_report/human_audit_contact_sheets/audit_0226_jrc_tmf_2020_2023_amazon_brazil_02_stable_005376_002048.png,,,,,,,reviewer1,,
audit_0227,jrc_tmf_2020_2023_amazon_brazil_02_stable_005632_001792,train,positive,jrc_tmf_2020_2023_amazon_brazil_02_stable,amazon_brazil_02_stable,1792,5632,0.9643707275,0.0750779260,4745,63201,valid_0.95_0.99,change_ge_0.05,data/JRC_TMF_256_5000/A/jrc_tmf_2020_2023_amazon_brazil_02_stable_005632_001792.png,data/JRC_TMF_256_5000/B/jrc_tmf_2020_2023_amazon_brazil_02_stable_005632_001792.png,data/JRC_TMF_256_5000/label/jrc_tmf_2020_2023_amazon_brazil_02_stable_005632_001792.png,quality_report/human_audit_contact_sheets/audit_0227_jrc_tmf_2020_2023_amazon_brazil_02_stable_005632_001792.png,,,,,,,reviewer1,,
audit_0228,jrc_tmf_2020_2023_se_asia_borneo_01_005632_006144,train,positive,jrc_tmf_2020_2023_se_asia_borneo_01,se_asia_borneo_01,6144,5632,0.8372955322,0.0618154648,3392,54873,valid_0.80_0.85,change_ge_0.05,data/JRC_TMF_256_5000/A/jrc_tmf_2020_2023_se_asia_borneo_01_005632_006144.png,data/JRC_TMF_256_5000/B/jrc_tmf_2020_2023_se_asia_borneo_01_005632_006144.png,data/JRC_TMF_256_5000/label/jrc_tmf_2020_2023_se_asia_borneo_01_005632_006144.png,quality_report/human_audit_contact_sheets/audit_0228_jrc_tmf_2020_2023_se_asia_borneo_01_005632_006144.png,,,,,,,reviewer1,,
audit_0229,jrc_tmf_2020_2023_amazon_brazil_02_stable_005632_006144,train,positive,jrc_tmf_2020_2023_amazon_brazil_02_stable,amazon_brazil_02_stable,6144,5632,0.9317169189,0.0719116949,4391,61061,valid_0.85_0.95,change_ge_0.05,data/JRC_TMF_256_5000/A/jrc_tmf_2020_2023_amazon_brazil_02_stable_005632_006144.png,data/JRC_TMF_256_5000/B/jrc_tmf_2020_2023_amazon_brazil_02_stable_005632_006144.png,data/JRC_TMF_256_5000/label/jrc_tmf_2020_2023_amazon_brazil_02_stable_005632_006144.png,quality_report/human_audit_contact_sheets/audit_0229_jrc_tmf_2020_2023_amazon_brazil_02_stable_005632_006144.png,,,,,,,reviewer1,,
audit_0230,jrc_tmf_2020_2023_se_asia_sumatra_01_003584_000768,train,positive,jrc_tmf_2020_2023_se_asia_sumatra_01,se_asia_sumatra_01,768,3584,0.8676300049,0.0831853115,4730,56861,valid_0.85_0.95,change_ge_0.05,data/JRC_TMF_256_5000/A/jrc_tmf_2020_2023_se_asia_sumatra_01_003584_000768.png,data/JRC_TMF_256_5000/B/jrc_tmf_2020_2023_se_asia_sumatra_01_003584_000768.png,data/JRC_TMF_256_5000/label/jrc_tmf_2020_2023_se_asia_sumatra_01_003584_000768.png,quality_report/human_audit_contact_sheets/audit_0230_jrc_tmf_2020_2023_se_asia_sumatra_01_003584_000768.png,,,,,,,reviewer1,,
audit_0231,jrc_tmf_2020_2023_amazon_brazil_01_000000_005376,train,positive,jrc_tmf_2020_2023_amazon_brazil_01,amazon_brazil_01,5376,0,0.9865417480,0.0523092152,3382,64654,valid_0.95_0.99,change_ge_0.05,data/JRC_TMF_256_5000/A/jrc_tmf_2020_2023_amazon_brazil_01_000000_005376.png,data/JRC_TMF_256_5000/B/jrc_tmf_2020_2023_amazon_brazil_01_000000_005376.png,data/JRC_TMF_256_5000/label/jrc_tmf_2020_2023_amazon_brazil_01_000000_005376.png,quality_report/human_audit_contact_sheets/audit_0231_jrc_tmf_2020_2023_amazon_brazil_01_000000_005376.png,,,,,,,reviewer1,,
audit_0232,jrc_tmf_2020_2023_amazon_brazil_02_stable_003584_006912,test,positive,jrc_tmf_2020_2023_amazon_brazil_02_stable,amazon_brazil_02_stable,6912,3584,0.9273071289,0.2884387547,17529,60772,valid_0.85_0.95,change_ge_0.05,data/JRC_TMF_256_5000/A/jrc_tmf_2020_2023_amazon_brazil_02_stable_003584_006912.png,data/JRC_TMF_256_5000/B/jrc_tmf_2020_2023_amazon_brazil_02_stable_003584_006912.png,data/JRC_TMF_256_5000/label/jrc_tmf_2020_2023_amazon_brazil_02_stable_003584_006912.png,quality_report/human_audit_contact_sheets/audit_0232_jrc_tmf_2020_2023_amazon_brazil_02_stable_003584_006912.png,,,,,,,reviewer1,,
audit_0233,jrc_tmf_2020_2023_amazon_bolivia_01_001792_001536,train,positive,jrc_tmf_2020_2023_amazon_bolivia_01,amazon_bolivia_01,1536,1792,0.9932250977,0.2067688810,13459,65092,valid_0.99_1.00,change_ge_0.05,data/JRC_TMF_256_5000/A/jrc_tmf_2020_2023_amazon_bolivia_01_001792_001536.png,data/JRC_TMF_256_5000/B/jrc_tmf_2020_2023_amazon_bolivia_01_001792_001536.png,data/JRC_TMF_256_5000/label/jrc_tmf_2020_2023_amazon_bolivia_01_001792_001536.png,quality_report/human_audit_contact_sheets/audit_0233_jrc_tmf_2020_2023_amazon_bolivia_01_001792_001536.png,,,,,,,reviewer1,,
audit_0234,jrc_tmf_2020_2023_se_asia_sumatra_01_006400_006400,train,positive,jrc_tmf_2020_2023_se_asia_sumatra_01,se_asia_sumatra_01,6400,6400,0.9207458496,0.0806734944,4868,60342,valid_0.85_0.95,change_ge_0.05,data/JRC_TMF_256_5000/A/jrc_tmf_2020_2023_se_asia_sumatra_01_006400_006400.png,data/JRC_TMF_256_5000/B/jrc_tmf_2020_2023_se_asia_sumatra_01_006400_006400.png,data/JRC_TMF_256_5000/label/jrc_tmf_2020_2023_se_asia_sumatra_01_006400_006400.png,quality_report/human_audit_contact_sheets/audit_0234_jrc_tmf_2020_2023_se_asia_sumatra_01_006400_006400.png,,,,,,,reviewer1,,
audit_0235,jrc_tmf_2020_2023_amazon_peru_01_005632_000512,test,positive,jrc_tmf_2020_2023_amazon_peru_01,amazon_peru_01,512,5632,0.9103088379,0.0693285058,4136,59658,valid_0.85_0.95,change_ge_0.05,data/JRC_TMF_256_5000/A/jrc_tmf_2020_2023_amazon_peru_01_005632_000512.png,data/JRC_TMF_256_5000/B/jrc_tmf_2020_2023_amazon_peru_01_005632_000512.png,data/JRC_TMF_256_5000/label/jrc_tmf_2020_2023_amazon_peru_01_005632_000512.png,quality_report/human_audit_contact_sheets/audit_0235_jrc_tmf_2020_2023_amazon_peru_01_005632_000512.png,,,,,,,reviewer1,,
audit_0236,jrc_tmf_2020_2023_amazon_brazil_02_stable_006144_001792,train,positive,jrc_tmf_2020_2023_amazon_brazil_02_stable,amazon_brazil_02_stable,1792,6144,0.9009246826,0.0766390597,4525,59043,valid_0.85_0.95,change_ge_0.05,data/JRC_TMF_256_5000/A/jrc_tmf_2020_2023_amazon_brazil_02_stable_006144_001792.png,data/JRC_TMF_256_5000/B/jrc_tmf_2020_2023_amazon_brazil_02_stable_006144_001792.png,data/JRC_TMF_256_5000/label/jrc_tmf_2020_2023_amazon_brazil_02_stable_006144_001792.png,quality_report/human_audit_contact_sheets/audit_0236_jrc_tmf_2020_2023_amazon_brazil_02_stable_006144_001792.png,,,,,,,reviewer1,,
audit_0237,jrc_tmf_2020_2023_amazon_brazil_01_000512_006400,test,positive,jrc_tmf_2020_2023_amazon_brazil_01,amazon_brazil_01,6400,512,0.9003601074,0.0934311765,5513,59006,valid_0.85_0.95,change_ge_0.05,data/JRC_TMF_256_5000/A/jrc_tmf_2020_2023_amazon_brazil_01_000512_006400.png,data/JRC_TMF_256_5000/B/jrc_tmf_2020_2023_amazon_brazil_01_000512_006400.png,data/JRC_TMF_256_5000/label/jrc_tmf_2020_2023_amazon_brazil_01_000512_006400.png,quality_report/human_audit_contact_sheets/audit_0237_jrc_tmf_2020_2023_amazon_brazil_01_000512_006400.png,,,,,,,reviewer1,,
audit_0238,jrc_tmf_2020_2023_amazon_brazil_02_stable_003584_006656,test,positive,jrc_tmf_2020_2023_amazon_brazil_02_stable,amazon_brazil_02_stable,6656,3584,0.9515380859,0.1235728031,7706,62360,valid_0.95_0.99,change_ge_0.05,data/JRC_TMF_256_5000/A/jrc_tmf_2020_2023_amazon_brazil_02_stable_003584_006656.png,data/JRC_TMF_256_5000/B/jrc_tmf_2020_2023_amazon_brazil_02_stable_003584_006656.png,data/JRC_TMF_256_5000/label/jrc_tmf_2020_2023_amazon_brazil_02_stable_003584_006656.png,quality_report/human_audit_contact_sheets/audit_0238_jrc_tmf_2020_2023_amazon_brazil_02_stable_003584_006656.png,,,,,,,reviewer1,,
audit_0239,jrc_tmf_2020_2023_se_asia_borneo_01_005632_005888,train,positive,jrc_tmf_2020_2023_se_asia_borneo_01,se_asia_borneo_01,5888,5632,0.9674224854,0.0944622325,5989,63401,valid_0.95_0.99,change_ge_0.05,data/JRC_TMF_256_5000/A/jrc_tmf_2020_2023_se_asia_borneo_01_005632_005888.png,data/JRC_TMF_256_5000/B/jrc_tmf_2020_2023_se_asia_borneo_01_005632_005888.png,data/JRC_TMF_256_5000/label/jrc_tmf_2020_2023_se_asia_borneo_01_005632_005888.png,quality_report/human_audit_contact_sheets/audit_0239_jrc_tmf_2020_2023_se_asia_borneo_01_005632_005888.png,,,,,,,reviewer1,,
audit_0240,jrc_tmf_2020_2023_amazon_brazil_01_002560_006400,train,positive,jrc_tmf_2020_2023_amazon_brazil_01,amazon_brazil_01,6400,2560,0.8073120117,0.0666628865,3527,52908,valid_0.80_0.85,change_ge_0.05,data/JRC_TMF_256_5000/A/jrc_tmf_2020_2023_amazon_brazil_01_002560_006400.png,data/JRC_TMF_256_5000/B/jrc_tmf_2020_2023_amazon_brazil_01_002560_006400.png,data/JRC_TMF_256_5000/label/jrc_tmf_2020_2023_amazon_brazil_01_002560_006400.png,quality_report/human_audit_contact_sheets/audit_0240_jrc_tmf_2020_2023_amazon_brazil_01_002560_006400.png,,,,,,,reviewer1,,
audit_0241,jrc_tmf_2020_2023_amazon_brazil_02_stable_004608_006656,test,positive,jrc_tmf_2020_2023_amazon_brazil_02_stable,amazon_brazil_02_stable,6656,4608,0.9372100830,0.1829667378,11238,61421,valid_0.85_0.95,change_ge_0.05,data/JRC_TMF_256_5000/A/jrc_tmf_2020_2023_amazon_brazil_02_stable_004608_006656.png,data/JRC_TMF_256_5000/B/jrc_tmf_2020_2023_amazon_brazil_02_stable_004608_006656.png,data/JRC_TMF_256_5000/label/jrc_tmf_2020_2023_amazon_brazil_02_stable_004608_006656.png,quality_report/human_audit_contact_sheets/audit_0241_jrc_tmf_2020_2023_amazon_brazil_02_stable_004608_006656.png,,,,,,,reviewer1,,
audit_0242,jrc_tmf_2020_2023_amazon_colombia_01_000000_004096,train,positive,jrc_tmf_2020_2023_amazon_colombia_01,amazon_colombia_01,4096,0,0.9702148438,0.2191117262,13932,63584,valid_0.95_0.99,change_ge_0.05,data/JRC_TMF_256_5000/A/jrc_tmf_2020_2023_amazon_colombia_01_000000_004096.png,data/JRC_TMF_256_5000/B/jrc_tmf_2020_2023_amazon_colombia_01_000000_004096.png,data/JRC_TMF_256_5000/label/jrc_tmf_2020_2023_amazon_colombia_01_000000_004096.png,quality_report/human_audit_contact_sheets/audit_0242_jrc_tmf_2020_2023_amazon_colombia_01_000000_004096.png,,,,,,,reviewer1,,
audit_0243,jrc_tmf_2020_2023_amazon_brazil_01_000512_006912,test,positive,jrc_tmf_2020_2023_amazon_brazil_01,amazon_brazil_01,6912,512,0.8926696777,0.0907661277,5310,58502,valid_0.85_0.95,change_ge_0.05,data/JRC_TMF_256_5000/A/jrc_tmf_2020_2023_amazon_brazil_01_000512_006912.png,data/JRC_TMF_256_5000/B/jrc_tmf_2020_2023_amazon_brazil_01_000512_006912.png,data/JRC_TMF_256_5000/label/jrc_tmf_2020_2023_amazon_brazil_01_000512_006912.png,quality_report/human_audit_contact_sheets/audit_0243_jrc_tmf_2020_2023_amazon_brazil_01_000512_006912.png,,,,,,,reviewer1,,
audit_0244,jrc_tmf_2020_2023_amazon_bolivia_01_001024_006144,val,positive,jrc_tmf_2020_2023_amazon_bolivia_01,amazon_bolivia_01,6144,1024,0.9077453613,0.1211464112,7207,59490,valid_0.85_0.95,change_ge_0.05,data/JRC_TMF_256_5000/A/jrc_tmf_2020_2023_amazon_bolivia_01_001024_006144.png,data/JRC_TMF_256_5000/B/jrc_tmf_2020_2023_amazon_bolivia_01_001024_006144.png,data/JRC_TMF_256_5000/label/jrc_tmf_2020_2023_amazon_bolivia_01_001024_006144.png,quality_report/human_audit_contact_sheets/audit_0244_jrc_tmf_2020_2023_amazon_bolivia_01_001024_006144.png,,,,,,,reviewer1,,
audit_0245,jrc_tmf_2020_2023_amazon_brazil_02_stable_003840_004352,train,positive,jrc_tmf_2020_2023_amazon_brazil_02_stable,amazon_brazil_02_stable,4352,3840,0.9250183105,0.0625185576,3790,60622,valid_0.85_0.95,change_ge_0.05,data/JRC_TMF_256_5000/A/jrc_tmf_2020_2023_amazon_brazil_02_stable_003840_004352.png,data/JRC_TMF_256_5000/B/jrc_tmf_2020_2023_amazon_brazil_02_stable_003840_004352.png,data/JRC_TMF_256_5000/label/jrc_tmf_2020_2023_amazon_brazil_02_stable_003840_004352.png,quality_report/human_audit_contact_sheets/audit_0245_jrc_tmf_2020_2023_amazon_brazil_02_stable_003840_004352.png,,,,,,,reviewer1,,
audit_0246,jrc_tmf_2020_2023_amazon_brazil_02_stable_004096_006144,test,positive,jrc_tmf_2020_2023_amazon_brazil_02_stable,amazon_brazil_02_stable,6144,4096,0.9824676514,0.1838414587,11837,64387,valid_0.95_0.99,change_ge_0.05,data/JRC_TMF_256_5000/A/jrc_tmf_2020_2023_amazon_brazil_02_stable_004096_006144.png,data/JRC_TMF_256_5000/B/jrc_tmf_2020_2023_amazon_brazil_02_stable_004096_006144.png,data/JRC_TMF_256_5000/label/jrc_tmf_2020_2023_amazon_brazil_02_stable_004096_006144.png,quality_report/human_audit_contact_sheets/audit_0246_jrc_tmf_2020_2023_amazon_brazil_02_stable_004096_006144.png,,,,,,,reviewer1,,
audit_0247,jrc_tmf_2020_2023_congo_cameroon_01_000000_000000,train,positive,jrc_tmf_2020_2023_congo_cameroon_01,congo_cameroon_01,0,0,0.9000396729,0.0514368060,3034,58985,valid_0.85_0.95,change_ge_0.05,data/JRC_TMF_256_5000/A/jrc_tmf_2020_2023_congo_cameroon_01_000000_000000.png,data/JRC_TMF_256_5000/B/jrc_tmf_2020_2023_congo_cameroon_01_000000_000000.png,data/JRC_TMF_256_5000/label/jrc_tmf_2020_2023_congo_cameroon_01_000000_000000.png,quality_report/human_audit_contact_sheets/audit_0247_jrc_tmf_2020_2023_congo_cameroon_01_000000_000000.png,,,,,,,reviewer1,,
audit_0248,jrc_tmf_2020_2023_se_asia_borneo_02_stable_003840_006144,train,positive,jrc_tmf_2020_2023_se_asia_borneo_02_stable,se_asia_borneo_02_stable,6144,3840,0.9797058105,0.0899292901,5774,64206,valid_0.95_0.99,change_ge_0.05,data/JRC_TMF_256_5000/A/jrc_tmf_2020_2023_se_asia_borneo_02_stable_003840_006144.png,data/JRC_TMF_256_5000/B/jrc_tmf_2020_2023_se_asia_borneo_02_stable_003840_006144.png,data/JRC_TMF_256_5000/label/jrc_tmf_2020_2023_se_asia_borneo_02_stable_003840_006144.png,quality_report/human_audit_contact_sheets/audit_0248_jrc_tmf_2020_2023_se_asia_borneo_02_stable_003840_006144.png,,,,,,,reviewer1,,
audit_0249,jrc_tmf_2020_2023_amazon_brazil_01_002048_001792,train,positive,jrc_tmf_2020_2023_amazon_brazil_01,amazon_brazil_01,1792,2048,0.9705505371,0.1109800962,7059,63606,valid_0.95_0.99,change_ge_0.05,data/JRC_TMF_256_5000/A/jrc_tmf_2020_2023_amazon_brazil_01_002048_001792.png,data/JRC_TMF_256_5000/B/jrc_tmf_2020_2023_amazon_brazil_01_002048_001792.png,data/JRC_TMF_256_5000/label/jrc_tmf_2020_2023_amazon_brazil_01_002048_001792.png,quality_report/human_audit_contact_sheets/audit_0249_jrc_tmf_2020_2023_amazon_brazil_01_002048_001792.png,,,,,,,reviewer1,,
audit_0250,jrc_tmf_2020_2023_amazon_peru_01_004608_000768,val,positive,jrc_tmf_2020_2023_amazon_peru_01,amazon_peru_01,768,4608,0.9026641846,0.0613283297,3628,59157,valid_0.85_0.95,change_ge_0.05,data/JRC_TMF_256_5000/A/jrc_tmf_2020_2023_amazon_peru_01_004608_000768.png,data/JRC_TMF_256_5000/B/jrc_tmf_2020_2023_amazon_peru_01_004608_000768.png,data/JRC_TMF_256_5000/label/jrc_tmf_2020_2023_amazon_peru_01_004608_000768.png,quality_report/human_audit_contact_sheets/audit_0250_jrc_tmf_2020_2023_amazon_peru_01_004608_000768.png,,,,,,,reviewer1,,
audit_0251,jrc_tmf_2020_2023_amazon_brazil_02_stable_006144_005120,train,positive,jrc_tmf_2020_2023_amazon_brazil_02_stable,amazon_brazil_02_stable,5120,6144,0.8414916992,0.1399506782,7718,55148,valid_0.80_0.85,change_ge_0.05,data/JRC_TMF_256_5000/A/jrc_tmf_2020_2023_amazon_brazil_02_stable_006144_005120.png,data/JRC_TMF_256_5000/B/jrc_tmf_2020_2023_amazon_brazil_02_stable_006144_005120.png,data/JRC_TMF_256_5000/label/jrc_tmf_2020_2023_amazon_brazil_02_stable_006144_005120.png,quality_report/human_audit_contact_sheets/audit_0251_jrc_tmf_2020_2023_amazon_brazil_02_stable_006144_005120.png,,,,,,,reviewer1,,
audit_0252,jrc_tmf_2020_2023_se_asia_borneo_01_006656_003584,test,positive,jrc_tmf_2020_2023_se_asia_borneo_01,se_asia_borneo_01,3584,6656,0.9571075439,0.2004304504,12572,62725,valid_0.95_0.99,change_ge_0.05,data/JRC_TMF_256_5000/A/jrc_tmf_2020_2023_se_asia_borneo_01_006656_003584.png,data/JRC_TMF_256_5000/B/jrc_tmf_2020_2023_se_asia_borneo_01_006656_003584.png,data/JRC_TMF_256_5000/label/jrc_tmf_2020_2023_se_asia_borneo_01_006656_003584.png,quality_report/human_audit_contact_sheets/audit_0252_jrc_tmf_2020_2023_se_asia_borneo_01_006656_003584.png,,,,,,,reviewer1,,
audit_0253,jrc_tmf_2020_2023_amazon_brazil_02_stable_005376_006144,train,positive,jrc_tmf_2020_2023_amazon_brazil_02_stable,amazon_brazil_02_stable,6144,5376,0.9395599365,0.1204222493,7415,61575,valid_0.85_0.95,change_ge_0.05,data/JRC_TMF_256_5000/A/jrc_tmf_2020_2023_amazon_brazil_02_stable_005376_006144.png,data/JRC_TMF_256_5000/B/jrc_tmf_2020_2023_amazon_brazil_02_stable_005376_006144.png,data/JRC_TMF_256_5000/label/jrc_tmf_2020_2023_amazon_brazil_02_stable_005376_006144.png,quality_report/human_audit_contact_sheets/audit_0253_jrc_tmf_2020_2023_amazon_brazil_02_stable_005376_006144.png,,,,,,,reviewer1,,
audit_0254,jrc_tmf_2020_2023_se_asia_borneo_01_003072_003072,train,positive,jrc_tmf_2020_2023_se_asia_borneo_01,se_asia_borneo_01,3072,3072,0.9982604980,0.0028583657,187,65422,valid_0.99_1.00,change_0_0.005,data/JRC_TMF_256_5000/A/jrc_tmf_2020_2023_se_asia_borneo_01_003072_003072.png,data/JRC_TMF_256_5000/B/jrc_tmf_2020_2023_se_asia_borneo_01_003072_003072.png,data/JRC_TMF_256_5000/label/jrc_tmf_2020_2023_se_asia_borneo_01_003072_003072.png,quality_report/human_audit_contact_sheets/audit_0254_jrc_tmf_2020_2023_se_asia_borneo_01_003072_003072.png,,,,,,,reviewer1,,
audit_0255,jrc_tmf_2020_2023_se_asia_papua_01_stable_003328_001792,val,positive,jrc_tmf_2020_2023_se_asia_papua_01_stable,se_asia_papua_01_stable,1792,3328,0.9920654297,0.0036760182,239,65016,valid_0.99_1.00,change_0_0.005,data/JRC_TMF_256_5000/A/jrc_tmf_2020_2023_se_asia_papua_01_stable_003328_001792.png,data/JRC_TMF_256_5000/B/jrc_tmf_2020_2023_se_asia_papua_01_stable_003328_001792.png,data/JRC_TMF_256_5000/label/jrc_tmf_2020_2023_se_asia_papua_01_stable_003328_001792.png,quality_report/human_audit_contact_sheets/audit_0255_jrc_tmf_2020_2023_se_asia_papua_01_stable_003328_001792.png,,,,,,,reviewer1,,
audit_0256,jrc_tmf_2020_2023_congo_cameroon_01_001536_000512,train,positive,jrc_tmf_2020_2023_congo_cameroon_01,congo_cameroon_01,512,1536,0.9999542236,0.0026551508,174,65533,valid_0.99_1.00,change_0_0.005,data/JRC_TMF_256_5000/A/jrc_tmf_2020_2023_congo_cameroon_01_001536_000512.png,data/JRC_TMF_256_5000/B/jrc_tmf_2020_2023_congo_cameroon_01_001536_000512.png,data/JRC_TMF_256_5000/label/jrc_tmf_2020_2023_congo_cameroon_01_001536_000512.png,quality_report/human_audit_contact_sheets/audit_0256_jrc_tmf_2020_2023_congo_cameroon_01_001536_000512.png,,,,,,,reviewer1,,
audit_0257,jrc_tmf_2020_2023_congo_cameroon_01_005120_003840,train,positive,jrc_tmf_2020_2023_congo_cameroon_01,congo_cameroon_01,3840,5120,0.9980468750,0.0023238748,152,65408,valid_0.99_1.00,change_0_0.005,data/JRC_TMF_256_5000/A/jrc_tmf_2020_2023_congo_cameroon_01_005120_003840.png,data/JRC_TMF_256_5000/B/jrc_tmf_2020_2023_congo_cameroon_01_005120_003840.png,data/JRC_TMF_256_5000/label/jrc_tmf_2020_2023_congo_cameroon_01_005120_003840.png,quality_report/human_audit_contact_sheets/audit_0257_jrc_tmf_2020_2023_congo_cameroon_01_005120_003840.png,,,,,,,reviewer1,,
audit_0258,jrc_tmf_2020_2023_amazon_brazil_02_stable_004352_000512,train,positive,jrc_tmf_2020_2023_amazon_brazil_02_stable,amazon_brazil_02_stable,512,4352,0.9978485107,0.0027677957,181,65395,valid_0.99_1.00,change_0_0.005,data/JRC_TMF_256_5000/A/jrc_tmf_2020_2023_amazon_brazil_02_stable_004352_000512.png,data/JRC_TMF_256_5000/B/jrc_tmf_2020_2023_amazon_brazil_02_stable_004352_000512.png,data/JRC_TMF_256_5000/label/jrc_tmf_2020_2023_amazon_brazil_02_stable_004352_000512.png,quality_report/human_audit_contact_sheets/audit_0258_jrc_tmf_2020_2023_amazon_brazil_02_stable_004352_000512.png,,,,,,,reviewer1,,
audit_0259,jrc_tmf_2020_2023_congo_roc_01_stable_001536_003840,train,positive,jrc_tmf_2020_2023_congo_roc_01_stable,congo_roc_01_stable,3840,1536,0.8979187012,0.0048771369,287,58846,valid_0.85_0.95,change_0_0.005,data/JRC_TMF_256_5000/A/jrc_tmf_2020_2023_congo_roc_01_stable_001536_003840.png,data/JRC_TMF_256_5000/B/jrc_tmf_2020_2023_congo_roc_01_stable_001536_003840.png,data/JRC_TMF_256_5000/label/jrc_tmf_2020_2023_congo_roc_01_stable_001536_003840.png,quality_report/human_audit_contact_sheets/audit_0259_jrc_tmf_2020_2023_congo_roc_01_stable_001536_003840.png,,,,,,,reviewer1,,
audit_0260,jrc_tmf_2020_2023_congo_drc_02_stable_001280_005120,train,positive,jrc_tmf_2020_2023_congo_drc_02_stable,congo_drc_02_stable,5120,1280,0.9724121094,0.0036247803,231,63728,valid_0.95_0.99,change_0_0.005,data/JRC_TMF_256_5000/A/jrc_tmf_2020_2023_congo_drc_02_stable_001280_005120.png,data/JRC_TMF_256_5000/B/jrc_tmf_2020_2023_congo_drc_02_stable_001280_005120.png,data/JRC_TMF_256_5000/label/jrc_tmf_2020_2023_congo_drc_02_stable_001280_005120.png,quality_report/human_audit_contact_sheets/audit_0260_jrc_tmf_2020_2023_congo_drc_02_stable_001280_005120.png,,,,,,,reviewer1,,
audit_0261,jrc_tmf_2020_2023_amazon_guyana_01_stable_004096_006912,train,positive,jrc_tmf_2020_2023_amazon_guyana_01_stable,amazon_guyana_01_stable,6912,4096,1.0000000000,0.0040740967,267,65536,valid_0.99_1.00,change_0_0.005,data/JRC_TMF_256_5000/A/jrc_tmf_2020_2023_amazon_guyana_01_stable_004096_006912.png,data/JRC_TMF_256_5000/B/jrc_tmf_2020_2023_amazon_guyana_01_stable_004096_006912.png,data/JRC_TMF_256_5000/label/jrc_tmf_2020_2023_amazon_guyana_01_stable_004096_006912.png,quality_report/human_audit_contact_sheets/audit_0261_jrc_tmf_2020_2023_amazon_guyana_01_stable_004096_006912.png,,,,,,,reviewer1,,
audit_0262,jrc_tmf_2020_2023_congo_drc_01_002304_000256,train,positive,jrc_tmf_2020_2023_congo_drc_01,congo_drc_01,256,2304,0.9996795654,0.0025185072,165,65515,valid_0.99_1.00,change_0_0.005,data/JRC_TMF_256_5000/A/jrc_tmf_2020_2023_congo_drc_01_002304_000256.png,data/JRC_TMF_256_5000/B/jrc_tmf_2020_2023_congo_drc_01_002304_000256.png,data/JRC_TMF_256_5000/label/jrc_tmf_2020_2023_congo_drc_01_002304_000256.png,quality_report/human_audit_contact_sheets/audit_0262_jrc_tmf_2020_2023_congo_drc_01_002304_000256.png,,,,,,,reviewer1,,
audit_0263,jrc_tmf_2020_2023_congo_roc_01_stable_005888_005120,train,positive,jrc_tmf_2020_2023_congo_roc_01_stable,congo_roc_01_stable,5120,5888,0.9958801270,0.0045506083,297,65266,valid_0.99_1.00,change_0_0.005,data/JRC_TMF_256_5000/A/jrc_tmf_2020_2023_congo_roc_01_stable_005888_005120.png,data/JRC_TMF_256_5000/B/jrc_tmf_2020_2023_congo_roc_01_stable_005888_005120.png,data/JRC_TMF_256_5000/label/jrc_tmf_2020_2023_congo_roc_01_stable_005888_005120.png,quality_report/human_audit_contact_sheets/audit_0263_jrc_tmf_2020_2023_congo_roc_01_stable_005888_005120.png,,,,,,,reviewer1,,
audit_0264,jrc_tmf_2020_2023_amazon_brazil_02_stable_003328_003584,test,positive,jrc_tmf_2020_2023_amazon_brazil_02_stable,amazon_brazil_02_stable,3584,3328,0.9970550537,0.0032291141,211,65343,valid_0.99_1.00,change_0_0.005,data/JRC_TMF_256_5000/A/jrc_tmf_2020_2023_amazon_brazil_02_stable_003328_003584.png,data/JRC_TMF_256_5000/B/jrc_tmf_2020_2023_amazon_brazil_02_stable_003328_003584.png,data/JRC_TMF_256_5000/label/jrc_tmf_2020_2023_amazon_brazil_02_stable_003328_003584.png,quality_report/human_audit_contact_sheets/audit_0264_jrc_tmf_2020_2023_amazon_brazil_02_stable_003328_003584.png,,,,,,,reviewer1,,
audit_0265,jrc_tmf_2020_2023_congo_cameroon_01_000768_006656,train,positive,jrc_tmf_2020_2023_congo_cameroon_01,congo_cameroon_01,6656,768,0.9945526123,0.0043725740,285,65179,valid_0.99_1.00,change_0_0.005,data/JRC_TMF_256_5000/A/jrc_tmf_2020_2023_congo_cameroon_01_000768_006656.png,data/JRC_TMF_256_5000/B/jrc_tmf_2020_2023_congo_cameroon_01_000768_006656.png,data/JRC_TMF_256_5000/label/jrc_tmf_2020_2023_congo_cameroon_01_000768_006656.png,quality_report/human_audit_contact_sheets/audit_0265_jrc_tmf_2020_2023_congo_cameroon_01_000768_006656.png,,,,,,,reviewer1,,
audit_0266,jrc_tmf_2020_2023_congo_roc_01_stable_006144_005120,train,positive,jrc_tmf_2020_2023_congo_roc_01_stable,congo_roc_01_stable,5120,6144,0.8210906982,0.0035122930,189,53811,valid_0.80_0.85,change_0_0.005,data/JRC_TMF_256_5000/A/jrc_tmf_2020_2023_congo_roc_01_stable_006144_005120.png,data/JRC_TMF_256_5000/B/jrc_tmf_2020_2023_congo_roc_01_stable_006144_005120.png,data/JRC_TMF_256_5000/label/jrc_tmf_2020_2023_congo_roc_01_stable_006144_005120.png,quality_report/human_audit_contact_sheets/audit_0266_jrc_tmf_2020_2023_congo_roc_01_stable_006144_005120.png,,,,,,,reviewer1,,
audit_0267,jrc_tmf_2020_2023_congo_gabon_01_006912_003328,test,positive,jrc_tmf_2020_2023_congo_gabon_01,congo_gabon_01,3328,6912,0.9970245361,0.0022344317,146,65341,valid_0.99_1.00,change_0_0.005,data/JRC_TMF_256_5000/A/jrc_tmf_2020_2023_congo_gabon_01_006912_003328.png,data/JRC_TMF_256_5000/B/jrc_tmf_2020_2023_congo_gabon_01_006912_003328.png,data/JRC_TMF_256_5000/label/jrc_tmf_2020_2023_congo_gabon_01_006912_003328.png,quality_report/human_audit_contact_sheets/audit_0267_jrc_tmf_2020_2023_congo_gabon_01_006912_003328.png,,,,,,,reviewer1,,
audit_0268,jrc_tmf_2020_2023_se_asia_papua_01_stable_007168_002304,val,positive,jrc_tmf_2020_2023_se_asia_papua_01_stable,se_asia_papua_01_stable,2304,7168,0.9948120117,0.0036965458,241,65196,valid_0.99_1.00,change_0_0.005,data/JRC_TMF_256_5000/A/jrc_tmf_2020_2023_se_asia_papua_01_stable_007168_002304.png,data/JRC_TMF_256_5000/B/jrc_tmf_2020_2023_se_asia_papua_01_stable_007168_002304.png,data/JRC_TMF_256_5000/label/jrc_tmf_2020_2023_se_asia_papua_01_stable_007168_002304.png,quality_report/human_audit_contact_sheets/audit_0268_jrc_tmf_2020_2023_se_asia_papua_01_stable_007168_002304.png,,,,,,,reviewer1,,
audit_0269,jrc_tmf_2020_2023_amazon_guyana_01_stable_001024_005120,train,positive,jrc_tmf_2020_2023_amazon_guyana_01_stable,amazon_guyana_01_stable,5120,1024,0.9921722412,0.0027528721,179,65023,valid_0.99_1.00,change_0_0.005,data/JRC_TMF_256_5000/A/jrc_tmf_2020_2023_amazon_guyana_01_stable_001024_005120.png,data/JRC_TMF_256_5000/B/jrc_tmf_2020_2023_amazon_guyana_01_stable_001024_005120.png,data/JRC_TMF_256_5000/label/jrc_tmf_2020_2023_amazon_guyana_01_stable_001024_005120.png,quality_report/human_audit_contact_sheets/audit_0269_jrc_tmf_2020_2023_amazon_guyana_01_stable_001024_005120.png,,,,,,,reviewer1,,
audit_0270,jrc_tmf_2020_2023_congo_drc_02_stable_000768_006400,val,positive,jrc_tmf_2020_2023_congo_drc_02_stable,congo_drc_02_stable,6400,768,0.9812316895,0.0035144466,226,64306,valid_0.95_0.99,change_0_0.005,data/JRC_TMF_256_5000/A/jrc_tmf_2020_2023_congo_drc_02_stable_000768_006400.png,data/JRC_TMF_256_5000/B/jrc_tmf_2020_2023_congo_drc_02_stable_000768_006400.png,data/JRC_TMF_256_5000/label/jrc_tmf_2020_2023_congo_drc_02_stable_000768_006400.png,quality_report/human_audit_contact_sheets/audit_0270_jrc_tmf_2020_2023_congo_drc_02_stable_000768_006400.png,,,,,,,reviewer1,,
audit_0271,jrc_tmf_2020_2023_amazon_bolivia_01_000512_006144,test,positive,jrc_tmf_2020_2023_amazon_bolivia_01,amazon_bolivia_01,6144,512,1.0000000000,0.0038299561,251,65536,valid_0.99_1.00,change_0_0.005,data/JRC_TMF_256_5000/A/jrc_tmf_2020_2023_amazon_bolivia_01_000512_006144.png,data/JRC_TMF_256_5000/B/jrc_tmf_2020_2023_amazon_bolivia_01_000512_006144.png,data/JRC_TMF_256_5000/label/jrc_tmf_2020_2023_amazon_bolivia_01_000512_006144.png,quality_report/human_audit_contact_sheets/audit_0271_jrc_tmf_2020_2023_amazon_bolivia_01_000512_006144.png,,,,,,,reviewer1,,
audit_0272,jrc_tmf_2020_2023_congo_drc_02_stable_001024_003584,train,positive,jrc_tmf_2020_2023_congo_drc_02_stable,congo_drc_02_stable,3584,1024,0.9999389648,0.0022126595,145,65532,valid_0.99_1.00,change_0_0.005,data/JRC_TMF_256_5000/A/jrc_tmf_2020_2023_congo_drc_02_stable_001024_003584.png,data/JRC_TMF_256_5000/B/jrc_tmf_2020_2023_congo_drc_02_stable_001024_003584.png,data/JRC_TMF_256_5000/label/jrc_tmf_2020_2023_congo_drc_02_stable_001024_003584.png,quality_report/human_audit_contact_sheets/audit_0272_jrc_tmf_2020_2023_congo_drc_02_stable_001024_003584.png,,,,,,,reviewer1,,
audit_0273,jrc_tmf_2020_2023_congo_drc_01_000256_005376,train,positive,jrc_tmf_2020_2023_congo_drc_01,congo_drc_01,5376,256,0.9944458008,0.0026852022,175,65172,valid_0.99_1.00,change_0_0.005,data/JRC_TMF_256_5000/A/jrc_tmf_2020_2023_congo_drc_01_000256_005376.png,data/JRC_TMF_256_5000/B/jrc_tmf_2020_2023_congo_drc_01_000256_005376.png,data/JRC_TMF_256_5000/label/jrc_tmf_2020_2023_congo_drc_01_000256_005376.png,quality_report/human_audit_contact_sheets/audit_0273_jrc_tmf_2020_2023_congo_drc_01_000256_005376.png,,,,,,,reviewer1,,
audit_0274,jrc_tmf_2020_2023_congo_cameroon_01_000000_006912,train,positive,jrc_tmf_2020_2023_congo_cameroon_01,congo_cameroon_01,6912,0,0.9991760254,0.0034513301,226,65482,valid_0.99_1.00,change_0_0.005,data/JRC_TMF_256_5000/A/jrc_tmf_2020_2023_congo_cameroon_01_000000_006912.png,data/JRC_TMF_256_5000/B/jrc_tmf_2020_2023_congo_cameroon_01_000000_006912.png,data/JRC_TMF_256_5000/label/jrc_tmf_2020_2023_congo_cameroon_01_000000_006912.png,quality_report/human_audit_contact_sheets/audit_0274_jrc_tmf_2020_2023_congo_cameroon_01_000000_006912.png,,,,,,,reviewer1,,
audit_0275,jrc_tmf_2020_2023_amazon_bolivia_01_004352_000256,train,positive,jrc_tmf_2020_2023_amazon_bolivia_01,amazon_bolivia_01,256,4352,0.8900604248,0.0022629477,132,58331,valid_0.85_0.95,change_0_0.005,data/JRC_TMF_256_5000/A/jrc_tmf_2020_2023_amazon_bolivia_01_004352_000256.png,data/JRC_TMF_256_5000/B/jrc_tmf_2020_2023_amazon_bolivia_01_004352_000256.png,data/JRC_TMF_256_5000/label/jrc_tmf_2020_2023_amazon_bolivia_01_004352_000256.png,quality_report/human_audit_contact_sheets/audit_0275_jrc_tmf_2020_2023_amazon_bolivia_01_004352_000256.png,,,,,,,reviewer1,,
audit_0276,jrc_tmf_2020_2023_se_asia_papua_01_stable_000256_000256,train,positive,jrc_tmf_2020_2023_se_asia_papua_01_stable,se_asia_papua_01_stable,256,256,0.9962005615,0.0029408611,192,65287,valid_0.99_1.00,change_0_0.005,data/JRC_TMF_256_5000/A/jrc_tmf_2020_2023_se_asia_papua_01_stable_000256_000256.png,data/JRC_TMF_256_5000/B/jrc_tmf_2020_2023_se_asia_papua_01_stable_000256_000256.png,data/JRC_TMF_256_5000/label/jrc_tmf_2020_2023_se_asia_papua_01_stable_000256_000256.png,quality_report/human_audit_contact_sheets/audit_0276_jrc_tmf_2020_2023_se_asia_papua_01_stable_000256_000256.png,,,,,,,reviewer1,,
audit_0277,jrc_tmf_2020_2023_amazon_peru_01_007168_002560,train,positive,jrc_tmf_2020_2023_amazon_peru_01,amazon_peru_01,2560,7168,0.9972381592,0.0040241757,263,65355,valid_0.99_1.00,change_0_0.005,data/JRC_TMF_256_5000/A/jrc_tmf_2020_2023_amazon_peru_01_007168_002560.png,data/JRC_TMF_256_5000/B/jrc_tmf_2020_2023_amazon_peru_01_007168_002560.png,data/JRC_TMF_256_5000/label/jrc_tmf_2020_2023_amazon_peru_01_007168_002560.png,quality_report/human_audit_contact_sheets/audit_0277_jrc_tmf_2020_2023_amazon_peru_01_007168_002560.png,,,,,,,reviewer1,,
audit_0278,jrc_tmf_2020_2023_se_asia_sumatra_01_002816_005632,train,positive,jrc_tmf_2020_2023_se_asia_sumatra_01,se_asia_sumatra_01,5632,2816,0.9638977051,0.0031027386,196,63170,valid_0.95_0.99,change_0_0.005,data/JRC_TMF_256_5000/A/jrc_tmf_2020_2023_se_asia_sumatra_01_002816_005632.png,data/JRC_TMF_256_5000/B/jrc_tmf_2020_2023_se_asia_sumatra_01_002816_005632.png,data/JRC_TMF_256_5000/label/jrc_tmf_2020_2023_se_asia_sumatra_01_002816_005632.png,quality_report/human_audit_contact_sheets/audit_0278_jrc_tmf_2020_2023_se_asia_sumatra_01_002816_005632.png,,,,,,,reviewer1,,
audit_0279,jrc_tmf_2020_2023_congo_drc_02_stable_002816_000000,train,positive,jrc_tmf_2020_2023_congo_drc_02_stable,congo_drc_02_stable,0,2816,0.9944000244,0.0035906643,234,65169,valid_0.99_1.00,change_0_0.005,data/JRC_TMF_256_5000/A/jrc_tmf_2020_2023_congo_drc_02_stable_002816_000000.png,data/JRC_TMF_256_5000/B/jrc_tmf_2020_2023_congo_drc_02_stable_002816_000000.png,data/JRC_TMF_256_5000/label/jrc_tmf_2020_2023_congo_drc_02_stable_002816_000000.png,quality_report/human_audit_contact_sheets/audit_0279_jrc_tmf_2020_2023_congo_drc_02_stable_002816_000000.png,,,,,,,reviewer1,,
audit_0280,jrc_tmf_2020_2023_congo_drc_02_stable_001792_006144,train,positive,jrc_tmf_2020_2023_congo_drc_02_stable,congo_drc_02_stable,6144,1792,0.9764556885,0.0046880128,300,63993,valid_0.95_0.99,change_0_0.005,data/JRC_TMF_256_5000/A/jrc_tmf_2020_2023_congo_drc_02_stable_001792_006144.png,data/JRC_TMF_256_5000/B/jrc_tmf_2020_2023_congo_drc_02_stable_001792_006144.png,data/JRC_TMF_256_5000/label/jrc_tmf_2020_2023_congo_drc_02_stable_001792_006144.png,quality_report/human_audit_contact_sheets/audit_0280_jrc_tmf_2020_2023_congo_drc_02_stable_001792_006144.png,,,,,,,reviewer1,,
audit_0281,jrc_tmf_2020_2023_amazon_peru_01_000000_002304,train,positive,jrc_tmf_2020_2023_amazon_peru_01,amazon_peru_01,2304,0,0.9998016357,0.0045785449,300,65523,valid_0.99_1.00,change_0_0.005,data/JRC_TMF_256_5000/A/jrc_tmf_2020_2023_amazon_peru_01_000000_002304.png,data/JRC_TMF_256_5000/B/jrc_tmf_2020_2023_amazon_peru_01_000000_002304.png,data/JRC_TMF_256_5000/label/jrc_tmf_2020_2023_amazon_peru_01_000000_002304.png,quality_report/human_audit_contact_sheets/audit_0281_jrc_tmf_2020_2023_amazon_peru_01_000000_002304.png,,,,,,,reviewer1,,
audit_0282,jrc_tmf_2020_2023_congo_gabon_01_006144_006912,train,positive,jrc_tmf_2020_2023_congo_gabon_01,congo_gabon_01,6912,6144,0.9877319336,0.0020082803,130,64732,valid_0.95_0.99,change_0_0.005,data/JRC_TMF_256_5000/A/jrc_tmf_2020_2023_congo_gabon_01_006144_006912.png,data/JRC_TMF_256_5000/B/jrc_tmf_2020_2023_congo_gabon_01_006144_006912.png,data/JRC_TMF_256_5000/label/jrc_tmf_2020_2023_congo_gabon_01_006144_006912.png,quality_report/human_audit_contact_sheets/audit_0282_jrc_tmf_2020_2023_congo_gabon_01_006144_006912.png,,,,,,,reviewer1,,
audit_0283,jrc_tmf_2020_2023_congo_gabon_02_stable_000256_000768,train,positive,jrc_tmf_2020_2023_congo_gabon_02_stable,congo_gabon_02_stable,768,256,0.9891204834,0.0042577480,276,64823,valid_0.95_0.99,change_0_0.005,data/JRC_TMF_256_5000/A/jrc_tmf_2020_2023_congo_gabon_02_stable_000256_000768.png,data/JRC_TMF_256_5000/B/jrc_tmf_2020_2023_congo_gabon_02_stable_000256_000768.png,data/JRC_TMF_256_5000/label/jrc_tmf_2020_2023_congo_gabon_02_stable_000256_000768.png,quality_report/human_audit_contact_sheets/audit_0283_jrc_tmf_2020_2023_congo_gabon_02_stable_000256_000768.png,,,,,,,reviewer1,,
audit_0284,jrc_tmf_2020_2023_se_asia_sumatra_02_stable_003328_002304,train,positive,jrc_tmf_2020_2023_se_asia_sumatra_02_stable,se_asia_sumatra_02_stable,2304,3328,0.9125976562,0.0031935527,191,59808,valid_0.85_0.95,change_0_0.005,data/JRC_TMF_256_5000/A/jrc_tmf_2020_2023_se_asia_sumatra_02_stable_003328_002304.png,data/JRC_TMF_256_5000/B/jrc_tmf_2020_2023_se_asia_sumatra_02_stable_003328_002304.png,data/JRC_TMF_256_5000/label/jrc_tmf_2020_2023_se_asia_sumatra_02_stable_003328_002304.png,quality_report/human_audit_contact_sheets/audit_0284_jrc_tmf_2020_2023_se_asia_sumatra_02_stable_003328_002304.png,,,,,,,reviewer1,,
audit_0285,jrc_tmf_2020_2023_amazon_bolivia_01_000256_006912,test,positive,jrc_tmf_2020_2023_amazon_bolivia_01,amazon_bolivia_01,6912,256,0.9099731445,0.0044939298,268,59636,valid_0.85_0.95,change_0_0.005,data/JRC_TMF_256_5000/A/jrc_tmf_2020_2023_amazon_bolivia_01_000256_006912.png,data/JRC_TMF_256_5000/B/jrc_tmf_2020_2023_amazon_bolivia_01_000256_006912.png,data/JRC_TMF_256_5000/label/jrc_tmf_2020_2023_amazon_bolivia_01_000256_006912.png,quality_report/human_audit_contact_sheets/audit_0285_jrc_tmf_2020_2023_amazon_bolivia_01_000256_006912.png,,,,,,,reviewer1,,
audit_0286,jrc_tmf_2020_2023_amazon_brazil_01_002304_005632,train,positive,jrc_tmf_2020_2023_amazon_brazil_01,amazon_brazil_01,5632,2304,0.9974365234,0.0022947008,150,65368,valid_0.99_1.00,change_0_0.005,data/JRC_TMF_256_5000/A/jrc_tmf_2020_2023_amazon_brazil_01_002304_005632.png,data/JRC_TMF_256_5000/B/jrc_tmf_2020_2023_amazon_brazil_01_002304_005632.png,data/JRC_TMF_256_5000/label/jrc_tmf_2020_2023_amazon_brazil_01_002304_005632.png,quality_report/human_audit_contact_sheets/audit_0286_jrc_tmf_2020_2023_amazon_brazil_01_002304_005632.png,,,,,,,reviewer1,,
audit_0287,jrc_tmf_2020_2023_congo_cameroon_01_002048_000512,train,positive,jrc_tmf_2020_2023_congo_cameroon_01,congo_cameroon_01,512,2048,0.9999389648,0.0030061649,197,65532,valid_0.99_1.00,change_0_0.005,data/JRC_TMF_256_5000/A/jrc_tmf_2020_2023_congo_cameroon_01_002048_000512.png,data/JRC_TMF_256_5000/B/jrc_tmf_2020_2023_congo_cameroon_01_002048_000512.png,data/JRC_TMF_256_5000/label/jrc_tmf_2020_2023_congo_cameroon_01_002048_000512.png,quality_report/human_audit_contact_sheets/audit_0287_jrc_tmf_2020_2023_congo_cameroon_01_002048_000512.png,,,,,,,reviewer1,,
audit_0288,jrc_tmf_2020_2023_se_asia_papua_01_stable_000000_006400,train,positive,jrc_tmf_2020_2023_se_asia_papua_01_stable,se_asia_papua_01_stable,6400,0,0.9846649170,0.0033472285,216,64531,valid_0.95_0.99,change_0_0.005,data/JRC_TMF_256_5000/A/jrc_tmf_2020_2023_se_asia_papua_01_stable_000000_006400.png,data/JRC_TMF_256_5000/B/jrc_tmf_2020_2023_se_asia_papua_01_stable_000000_006400.png,data/JRC_TMF_256_5000/label/jrc_tmf_2020_2023_se_asia_papua_01_stable_000000_006400.png,quality_report/human_audit_contact_sheets/audit_0288_jrc_tmf_2020_2023_se_asia_papua_01_stable_000000_006400.png,,,,,,,reviewer1,,
audit_0289,jrc_tmf_2020_2023_se_asia_borneo_02_stable_001536_002560,train,positive,jrc_tmf_2020_2023_se_asia_borneo_02_stable,se_asia_borneo_02_stable,2560,1536,0.9925231934,0.0029210097,190,65046,valid_0.99_1.00,change_0_0.005,data/JRC_TMF_256_5000/A/jrc_tmf_2020_2023_se_asia_borneo_02_stable_001536_002560.png,data/JRC_TMF_256_5000/B/jrc_tmf_2020_2023_se_asia_borneo_02_stable_001536_002560.png,data/JRC_TMF_256_5000/label/jrc_tmf_2020_2023_se_asia_borneo_02_stable_001536_002560.png,quality_report/human_audit_contact_sheets/audit_0289_jrc_tmf_2020_2023_se_asia_borneo_02_stable_001536_002560.png,,,,,,,reviewer1,,
audit_0290,jrc_tmf_2020_2023_congo_drc_02_stable_006144_001024,train,positive,jrc_tmf_2020_2023_congo_drc_02_stable,congo_drc_02_stable,1024,6144,0.9796447754,0.0025700134,165,64202,valid_0.95_0.99,change_0_0.005,data/JRC_TMF_256_5000/A/jrc_tmf_2020_2023_congo_drc_02_stable_006144_001024.png,data/JRC_TMF_256_5000/B/jrc_tmf_2020_2023_congo_drc_02_stable_006144_001024.png,data/JRC_TMF_256_5000/label/jrc_tmf_2020_2023_congo_drc_02_stable_006144_001024.png,quality_report/human_audit_contact_sheets/audit_0290_jrc_tmf_2020_2023_congo_drc_02_stable_006144_001024.png,,,,,,,reviewer1,,
audit_0291,jrc_tmf_2020_2023_congo_gabon_02_stable_004352_004096,train,positive,jrc_tmf_2020_2023_congo_gabon_02_stable,congo_gabon_02_stable,4096,4352,0.9962768555,0.0039667953,259,65292,valid_0.99_1.00,change_0_0.005,data/JRC_TMF_256_5000/A/jrc_tmf_2020_2023_congo_gabon_02_stable_004352_004096.png,data/JRC_TMF_256_5000/B/jrc_tmf_2020_2023_congo_gabon_02_stable_004352_004096.png,data/JRC_TMF_256_5000/label/jrc_tmf_2020_2023_congo_gabon_02_stable_004352_004096.png,quality_report/human_audit_contact_sheets/audit_0291_jrc_tmf_2020_2023_congo_gabon_02_stable_004352_004096.png,,,,,,,reviewer1,,
audit_0292,jrc_tmf_2020_2023_congo_cameroon_01_001536_002048,train,positive,jrc_tmf_2020_2023_congo_cameroon_01,congo_cameroon_01,2048,1536,0.9999237061,0.0026247120,172,65531,valid_0.99_1.00,change_0_0.005,data/JRC_TMF_256_5000/A/jrc_tmf_2020_2023_congo_cameroon_01_001536_002048.png,data/JRC_TMF_256_5000/B/jrc_tmf_2020_2023_congo_cameroon_01_001536_002048.png,data/JRC_TMF_256_5000/label/jrc_tmf_2020_2023_congo_cameroon_01_001536_002048.png,quality_report/human_audit_contact_sheets/audit_0292_jrc_tmf_2020_2023_congo_cameroon_01_001536_002048.png,,,,,,,reviewer1,,
audit_0293,jrc_tmf_2020_2023_congo_drc_02_stable_002560_004864,train,positive,jrc_tmf_2020_2023_congo_drc_02_stable,congo_drc_02_stable,4864,2560,0.9345245361,0.0034288513,210,61245,valid_0.85_0.95,change_0_0.005,data/JRC_TMF_256_5000/A/jrc_tmf_2020_2023_congo_drc_02_stable_002560_004864.png,data/JRC_TMF_256_5000/B/jrc_tmf_2020_2023_congo_drc_02_stable_002560_004864.png,data/JRC_TMF_256_5000/label/jrc_tmf_2020_2023_congo_drc_02_stable_002560_004864.png,quality_report/human_audit_contact_sheets/audit_0293_jrc_tmf_2020_2023_congo_drc_02_stable_002560_004864.png,,,,,,,reviewer1,,
audit_0294,jrc_tmf_2020_2023_congo_gabon_01_004864_000768,train,positive,jrc_tmf_2020_2023_congo_gabon_01,congo_gabon_01,768,4864,0.9943542480,0.0023171593,151,65166,valid_0.99_1.00,change_0_0.005,data/JRC_TMF_256_5000/A/jrc_tmf_2020_2023_congo_gabon_01_004864_000768.png,data/JRC_TMF_256_5000/B/jrc_tmf_2020_2023_congo_gabon_01_004864_000768.png,data/JRC_TMF_256_5000/label/jrc_tmf_2020_2023_congo_gabon_01_004864_000768.png,quality_report/human_audit_contact_sheets/audit_0294_jrc_tmf_2020_2023_congo_gabon_01_004864_000768.png,,,,,,,reviewer1,,
audit_0295,jrc_tmf_2020_2023_se_asia_borneo_02_stable_003072_003840,train,positive,jrc_tmf_2020_2023_se_asia_borneo_02_stable,se_asia_borneo_02_stable,3840,3072,0.9976959229,0.0043282098,283,65385,valid_0.99_1.00,change_0_0.005,data/JRC_TMF_256_5000/A/jrc_tmf_2020_2023_se_asia_borneo_02_stable_003072_003840.png,data/JRC_TMF_256_5000/B/jrc_tmf_2020_2023_se_asia_borneo_02_stable_003072_003840.png,data/JRC_TMF_256_5000/label/jrc_tmf_2020_2023_se_asia_borneo_02_stable_003072_003840.png,quality_report/human_audit_contact_sheets/audit_0295_jrc_tmf_2020_2023_se_asia_borneo_02_stable_003072_003840.png,,,,,,,reviewer1,,
audit_0296,jrc_tmf_2020_2023_se_asia_borneo_02_stable_003584_005376,train,positive,jrc_tmf_2020_2023_se_asia_borneo_02_stable,se_asia_borneo_02_stable,5376,3584,0.9997863770,0.0021061628,138,65522,valid_0.99_1.00,change_0_0.005,data/JRC_TMF_256_5000/A/jrc_tmf_2020_2023_se_asia_borneo_02_stable_003584_005376.png,data/JRC_TMF_256_5000/B/jrc_tmf_2020_2023_se_asia_borneo_02_stable_003584_005376.png,data/JRC_TMF_256_5000/label/jrc_tmf_2020_2023_se_asia_borneo_02_stable_003584_005376.png,quality_report/human_audit_contact_sheets/audit_0296_jrc_tmf_2020_2023_se_asia_borneo_02_stable_003584_005376.png,,,,,,,reviewer1,,
audit_0297,jrc_tmf_2020_2023_amazon_brazil_02_stable_001792_001280,train,positive,jrc_tmf_2020_2023_amazon_brazil_02_stable,amazon_brazil_02_stable,1280,1792,0.9658813477,0.0042969984,272,63300,valid_0.95_0.99,change_0_0.005,data/JRC_TMF_256_5000/A/jrc_tmf_2020_2023_amazon_brazil_02_stable_001792_001280.png,data/JRC_TMF_256_5000/B/jrc_tmf_2020_2023_amazon_brazil_02_stable_001792_001280.png,data/JRC_TMF_256_5000/label/jrc_tmf_2020_2023_amazon_brazil_02_stable_001792_001280.png,quality_report/human_audit_contact_sheets/audit_0297_jrc_tmf_2020_2023_amazon_brazil_02_stable_001792_001280.png,,,,,,,reviewer1,,
audit_0298,jrc_tmf_2020_2023_congo_gabon_02_stable_003328_000256,train,positive,jrc_tmf_2020_2023_congo_gabon_02_stable,congo_gabon_02_stable,256,3328,0.9908599854,0.0023715293,154,64937,valid_0.99_1.00,change_0_0.005,data/JRC_TMF_256_5000/A/jrc_tmf_2020_2023_congo_gabon_02_stable_003328_000256.png,data/JRC_TMF_256_5000/B/jrc_tmf_2020_2023_congo_gabon_02_stable_003328_000256.png,data/JRC_TMF_256_5000/label/jrc_tmf_2020_2023_congo_gabon_02_stable_003328_000256.png,quality_report/human_audit_contact_sheets/audit_0298_jrc_tmf_2020_2023_congo_gabon_02_stable_003328_000256.png,,,,,,,reviewer1,,
audit_0299,jrc_tmf_2020_2023_amazon_colombia_01_003072_003072,test,negative,jrc_tmf_2020_2023_amazon_colombia_01,amazon_colombia_01,3072,3072,0.9473266602,0.0000000000,0,62084,valid_0.85_0.95,change_0,data/JRC_TMF_256_5000/A/jrc_tmf_2020_2023_amazon_colombia_01_003072_003072.png,data/JRC_TMF_256_5000/B/jrc_tmf_2020_2023_amazon_colombia_01_003072_003072.png,data/JRC_TMF_256_5000/label/jrc_tmf_2020_2023_amazon_colombia_01_003072_003072.png,quality_report/human_audit_contact_sheets/audit_0299_jrc_tmf_2020_2023_amazon_colombia_01_003072_003072.png,,,,,,,reviewer1,,
audit_0300,jrc_tmf_2020_2023_amazon_colombia_01_003328_003328,test,negative,jrc_tmf_2020_2023_amazon_colombia_01,amazon_colombia_01,3328,3328,0.9858093262,0.0000000000,0,64606,valid_0.95_0.99,change_0,data/JRC_TMF_256_5000/A/jrc_tmf_2020_2023_amazon_colombia_01_003328_003328.png,data/JRC_TMF_256_5000/B/jrc_tmf_2020_2023_amazon_colombia_01_003328_003328.png,data/JRC_TMF_256_5000/label/jrc_tmf_2020_2023_amazon_colombia_01_003328_003328.png,quality_report/human_audit_contact_sheets/audit_0300_jrc_tmf_2020_2023_amazon_colombia_01_003328_003328.png,,,,,,,reviewer1,,
